training subset: 200 videos
ViT's param: 21879936, Adapter's params: 1006860, ratio: 4.6%
Warning: no pretrain path is provided, the backbone will be randomly initialized, unless you have initialized the weights in the model.py.
freeze_backbone: False, norm_eval: False
ViT's param: 21879936, Adapter's params: 1006860, ratio: 4.6%
Warning: no pretrain path is provided, the backbone will be randomly initialized, unless you have initialized the weights in the model.py.
freeze_backbone: False, norm_eval: False
ViT's param: 21879936, Adapter's params: 1006860, ratio: 4.6%
Warning: no pretrain path is provided, the backbone will be randomly initialized, unless you have initialized the weights in the model.py.
freeze_backbone: False, norm_eval: False
09/14 10:35:15 - mmengine - WARNING - "FileClient" will be deprecated in future. Please use io functions in https://mmengine.readthedocs.io/en/latest/api/fileio.html#file-io
09/14 10:35:15 - mmengine - WARNING - "FileClient" will be deprecated in future. Please use io functions in https://mmengine.readthedocs.io/en/latest/api/fileio.html#file-io
09/14 10:35:15 - mmengine - WARNING - "HardDiskBackend" is the alias of "LocalBackend" and the former will be deprecated in future.
09/14 10:35:15 - mmengine - WARNING - "HardDiskBackend" is the alias of "LocalBackend" and the former will be deprecated in future.
/data/run01/sczc063/yuzibo/conda_envs/opentad/lib/python3.10/site-packages/torch/nn/modules/conv.py:459: UserWarning: Applied workaround for CuDNN issue, install nvrtc.so (Triggered internally at /opt/conda/conda-bld/pytorch_1682343995026/work/aten/src/ATen/native/cudnn/Conv_v8.cpp:80.)
  return F.conv2d(input, weight, bias, self.stride,
09/14 10:35:30 - mmengine - WARNING - "FileClient" will be deprecated in future. Please use io functions in https://mmengine.readthedocs.io/en/latest/api/fileio.html#file-io
09/14 10:35:30 - mmengine - WARNING - "FileClient" will be deprecated in future. Please use io functions in https://mmengine.readthedocs.io/en/latest/api/fileio.html#file-io
09/14 10:35:30 - mmengine - WARNING - "HardDiskBackend" is the alias of "LocalBackend" and the former will be deprecated in future.
09/14 10:35:30 - mmengine - WARNING - "HardDiskBackend" is the alias of "LocalBackend" and the former will be deprecated in future.
training subset: 200 videos
ViT's param: 21879936, Adapter's params: 1006860, ratio: 4.6%
Warning: no pretrain path is provided, the backbone will be randomly initialized, unless you have initialized the weights in the model.py.
freeze_backbone: False, norm_eval: False
ViT's param: 21879936, Adapter's params: 1006860, ratio: 4.6%
Warning: no pretrain path is provided, the backbone will be randomly initialized, unless you have initialized the weights in the model.py.
freeze_backbone: False, norm_eval: False
ViT's param: 21879936, Adapter's params: 1006860, ratio: 4.6%
Warning: no pretrain path is provided, the backbone will be randomly initialized, unless you have initialized the weights in the model.py.
freeze_backbone: False, norm_eval: False
09/14 10:36:08 - mmengine - WARNING - "FileClient" will be deprecated in future. Please use io functions in https://mmengine.readthedocs.io/en/latest/api/fileio.html#file-io
09/14 10:36:08 - mmengine - WARNING - "FileClient" will be deprecated in future. Please use io functions in https://mmengine.readthedocs.io/en/latest/api/fileio.html#file-io
09/14 10:36:08 - mmengine - WARNING - "HardDiskBackend" is the alias of "LocalBackend" and the former will be deprecated in future.
09/14 10:36:08 - mmengine - WARNING - "HardDiskBackend" is the alias of "LocalBackend" and the former will be deprecated in future.
/data/run01/sczc063/yuzibo/conda_envs/opentad/lib/python3.10/site-packages/torch/nn/modules/conv.py:459: UserWarning: Applied workaround for CuDNN issue, install nvrtc.so (Triggered internally at /opt/conda/conda-bld/pytorch_1682343995026/work/aten/src/ATen/native/cudnn/Conv_v8.cpp:80.)
  return F.conv2d(input, weight, bias, self.stride,
09/14 10:36:24 - mmengine - WARNING - "FileClient" will be deprecated in future. Please use io functions in https://mmengine.readthedocs.io/en/latest/api/fileio.html#file-io
09/14 10:36:24 - mmengine - WARNING - "FileClient" will be deprecated in future. Please use io functions in https://mmengine.readthedocs.io/en/latest/api/fileio.html#file-io
09/14 10:36:24 - mmengine - WARNING - "HardDiskBackend" is the alias of "LocalBackend" and the former will be deprecated in future.
09/14 10:36:24 - mmengine - WARNING - "HardDiskBackend" is the alias of "LocalBackend" and the former will be deprecated in future.
{"epoch": 1, "successful_updates": 20, "losses": {"task": 0.4736338406801224, "support_attention": 0.24082393944263458, "support_pre_tia": 0.300161749124527, "support_post_tia": 0.29912489652633667, "full_task": 0.44044923782348633, "self_feature": 0.8691459596157074, "feature": 0.9875889122486115, "loss_actionness": 0.11225748062133789, "loss_transition": 0.6510400772094727, "loss_boundary": 0.002901967163779773, "cost": 2.4544135332107544}, "peak_gib": 10.218563079833984}
{"epoch": 1, "successful_updates": 40, "losses": {"task": 0.3801318407058716, "support_attention": 0.10076402127742767, "support_pre_tia": 0.1252254657447338, "support_post_tia": 0.12488293275237083, "full_task": 0.38697512447834015, "self_feature": 0.6746856272220612, "feature": 0.8172199130058289, "loss_actionness": 0.1907927617430687, "loss_transition": 0.6544692516326904, "loss_boundary": 0.0026890281587839127, "cost": 2.2220206260681152}, "peak_gib": 10.222250938415527}
{"epoch": 1, "successful_updates": 60, "losses": {"task": 0.43583863973617554, "support_attention": 0.26172085106372833, "support_pre_tia": 0.3261682093143463, "support_post_tia": 0.32666052877902985, "full_task": 0.4125673323869705, "self_feature": 0.6187659204006195, "feature": 0.8386573195457458, "loss_actionness": 0.13669344782829285, "loss_transition": 0.6649658381938934, "loss_boundary": 5.075455010228325e-05, "cost": 2.273865818977356}, "peak_gib": 10.2250337600708}
{"epoch": 1, "successful_updates": 80, "losses": {"task": 0.0955908540636301, "support_attention": 0.2597627341747284, "support_pre_tia": 0.3266576826572418, "support_post_tia": 0.3263300210237503, "full_task": 0.06977919861674309, "self_feature": 0.7884469628334045, "feature": 0.8942529857158661, "loss_actionness": 0.11770009249448776, "loss_transition": 0.6333095133304596, "loss_boundary": 0.0009165657684206963, "cost": 1.8707088828086853}, "peak_gib": 10.2250337600708}
{"epoch": 1, "successful_updates": 100, "losses": {"task": 0.4230571761727333, "support_attention": 0.08700211718678474, "support_pre_tia": 0.11144362017512321, "support_post_tia": 0.11140653491020203, "full_task": 0.47582096606492996, "self_feature": 0.4027387946844101, "feature": 0.7006619274616241, "loss_actionness": 0.19863824546337128, "loss_transition": 0.639028012752533, "loss_boundary": 0.0019320796563988551, "cost": 2.133688986301422}, "peak_gib": 10.2250337600708}
09/14 10:42:56 - mmengine - WARNING - "FileClient" will be deprecated in future. Please use io functions in https://mmengine.readthedocs.io/en/latest/api/fileio.html#file-io
09/14 10:42:56 - mmengine - WARNING - "FileClient" will be deprecated in future. Please use io functions in https://mmengine.readthedocs.io/en/latest/api/fileio.html#file-io
09/14 10:42:56 - mmengine - WARNING - "HardDiskBackend" is the alias of "LocalBackend" and the former will be deprecated in future.
09/14 10:42:56 - mmengine - WARNING - "HardDiskBackend" is the alias of "LocalBackend" and the former will be deprecated in future.
{"epoch": 2, "successful_updates": 120, "losses": {"task": 0.10578060522675514, "support_attention": 0.26689156889915466, "support_pre_tia": 0.31946611404418945, "support_post_tia": 0.3193950653076172, "full_task": 0.10678920149803162, "self_feature": 0.5982592105865479, "feature": 0.8642203509807587, "loss_actionness": 0.14338384568691254, "loss_transition": 0.66697096824646, "loss_boundary": 4.097239980183076e-05, "cost": 1.8988630175590515}, "peak_gib": 10.2250337600708}
{"epoch": 2, "successful_updates": 140, "losses": {"task": 0.1149384193122387, "support_attention": 0.2348058745265007, "support_pre_tia": 0.28743550181388855, "support_post_tia": 0.28708259761333466, "full_task": 0.09713467676192522, "self_feature": 0.5379863083362579, "feature": 0.7679445445537567, "loss_actionness": 0.12171055376529694, "loss_transition": 0.5542291700839996, "loss_boundary": 0.00019265449554950465, "cost": 1.665823519229889}, "peak_gib": 10.2250337600708}
{"epoch": 2, "successful_updates": 160, "losses": {"task": 0.5064962804317474, "support_attention": 0.07973413169384003, "support_pre_tia": 0.09434839338064194, "support_post_tia": 0.0943954847753048, "full_task": 0.5107121393084526, "self_feature": 0.41414373368024826, "feature": 0.6671810895204544, "loss_actionness": 0.1584436222910881, "loss_transition": 0.6078623533248901, "loss_boundary": 0.0015834592122700997, "cost": 2.120096504688263}, "peak_gib": 10.2250337600708}
{"epoch": 2, "successful_updates": 180, "losses": {"task": 0.1326901838183403, "support_attention": 0.24398203194141388, "support_pre_tia": 0.29776033759117126, "support_post_tia": 0.29851773381233215, "full_task": 0.11464831978082657, "self_feature": 0.44388122856616974, "feature": 0.620235025882721, "loss_actionness": 0.1280781663954258, "loss_transition": 0.638839840888977, "loss_boundary": 3.0852450436213985e-05, "cost": 1.622738242149353}, "peak_gib": 10.2250337600708}
{"epoch": 2, "successful_updates": 200, "losses": {"task": 0.7736721485853195, "support_attention": 0.25674326717853546, "support_pre_tia": 0.31386466324329376, "support_post_tia": 0.311239555478096, "full_task": 0.5916315913200378, "self_feature": 0.7816953659057617, "feature": 0.962331235408783, "loss_actionness": 0.16106176376342773, "loss_transition": 0.6589206755161285, "loss_boundary": 0.0029190994100645185, "cost": 2.816237449645996}, "peak_gib": 10.2250337600708}
09/14 10:49:22 - mmengine - WARNING - "FileClient" will be deprecated in future. Please use io functions in https://mmengine.readthedocs.io/en/latest/api/fileio.html#file-io
09/14 10:49:22 - mmengine - WARNING - "FileClient" will be deprecated in future. Please use io functions in https://mmengine.readthedocs.io/en/latest/api/fileio.html#file-io
09/14 10:49:22 - mmengine - WARNING - "HardDiskBackend" is the alias of "LocalBackend" and the former will be deprecated in future.
09/14 10:49:22 - mmengine - WARNING - "HardDiskBackend" is the alias of "LocalBackend" and the former will be deprecated in future.
{"epoch": 3, "successful_updates": 220, "losses": {"task": 0.18322480283677578, "support_attention": 0.09195280820131302, "support_pre_tia": 0.11768367886543274, "support_post_tia": 0.11768815666437149, "full_task": 0.18201570212841034, "self_feature": 0.3251809813082218, "feature": 0.6518189609050751, "loss_actionness": 0.19964270293712616, "loss_transition": 0.5939890146255493, "loss_boundary": 0.0018880196457757847, "cost": 1.72035413980484}, "peak_gib": 10.2250337600708}
{"epoch": 3, "successful_updates": 240, "losses": {"task": 0.06196153908967972, "support_attention": 0.2432897537946701, "support_pre_tia": 0.2823019176721573, "support_post_tia": 0.2829456031322479, "full_task": 0.04606178402900696, "self_feature": 0.44178353250026703, "feature": 0.6433674693107605, "loss_actionness": 0.10459285974502563, "loss_transition": 0.5686115026473999, "loss_boundary": 3.085244861722458e-05, "cost": 1.4625204801559448}, "peak_gib": 10.2250337600708}
{"epoch": 3, "successful_updates": 260, "losses": {"task": 0.8159022927284241, "support_attention": 0.2208884209394455, "support_pre_tia": 0.2639831006526947, "support_post_tia": 0.26458756625652313, "full_task": 0.64337158203125, "self_feature": 0.6274745464324951, "feature": 0.8016915917396545, "loss_actionness": 0.1639961376786232, "loss_transition": 0.6406363248825073, "loss_boundary": 0.0015649863344151527, "cost": 2.6738102436065674}, "peak_gib": 10.225110054016113}
{"epoch": 3, "successful_updates": 280, "losses": {"task": 1.0988740473985672, "support_attention": 0.08713151142001152, "support_pre_tia": 0.10595779865980148, "support_post_tia": 0.10561957210302353, "full_task": 1.0658416897058487, "self_feature": 0.6006951034069061, "feature": 0.7429666221141815, "loss_actionness": 0.16202504932880402, "loss_transition": 0.6657359302043915, "loss_boundary": 0.0031092592980712652, "cost": 3.0098198652267456}, "peak_gib": 10.225110054016113}
{"epoch": 3, "successful_updates": 300, "losses": {"task": 0.12015204504132271, "support_attention": 0.24683790653944016, "support_pre_tia": 0.30480851233005524, "support_post_tia": 0.30356864631175995, "full_task": 0.10927806049585342, "self_feature": 0.5421040952205658, "feature": 0.77858567237854, "loss_actionness": 0.11657823249697685, "loss_transition": 0.5811838805675507, "loss_boundary": 3.085244861722458e-05, "cost": 1.7084794640541077}, "peak_gib": 10.225110054016113}
09/14 10:55:55 - mmengine - WARNING - "FileClient" will be deprecated in future. Please use io functions in https://mmengine.readthedocs.io/en/latest/api/fileio.html#file-io
09/14 10:55:55 - mmengine - WARNING - "FileClient" will be deprecated in future. Please use io functions in https://mmengine.readthedocs.io/en/latest/api/fileio.html#file-io
09/14 10:55:55 - mmengine - WARNING - "HardDiskBackend" is the alias of "LocalBackend" and the former will be deprecated in future.
09/14 10:55:55 - mmengine - WARNING - "HardDiskBackend" is the alias of "LocalBackend" and the former will be deprecated in future.
{"epoch": 4, "successful_updates": 320, "losses": {"task": 0.4651995897293091, "support_attention": 0.2479826956987381, "support_pre_tia": 0.29387804865837097, "support_post_tia": 0.29389286041259766, "full_task": 0.48778145015239716, "self_feature": 0.7163558304309845, "feature": 0.8086514472961426, "loss_actionness": 0.19908027350902557, "loss_transition": 0.6661935448646545, "loss_boundary": 0.003335020155645907, "cost": 2.3654292821884155}, "peak_gib": 10.225110054016113}
{"epoch": 4, "successful_updates": 340, "losses": {"task": 1.3089646995067596, "support_attention": 0.08296401426196098, "support_pre_tia": 0.10092704743146896, "support_post_tia": 0.10070481523871422, "full_task": 1.2203043922781944, "self_feature": 0.7697449624538422, "feature": 0.9296773374080658, "loss_actionness": 0.17025620490312576, "loss_transition": 0.657850980758667, "loss_boundary": 0.003347693243995309, "cost": 3.4622294902801514}, "peak_gib": 10.225110054016113}
{"epoch": 4, "successful_updates": 360, "losses": {"task": 0.7124292068183422, "support_attention": 0.22458790242671967, "support_pre_tia": 0.2725783586502075, "support_post_tia": 0.2729150801897049, "full_task": 0.6624570861458778, "self_feature": 0.39737214148044586, "feature": 0.5919702500104904, "loss_actionness": 0.1331271156668663, "loss_transition": 0.6714992523193359, "loss_boundary": 3.085244679823518e-05, "cost": 2.3416828513145447}, "peak_gib": 10.225110054016113}
{"epoch": 4, "successful_updates": 380, "losses": {"task": 0.7817629650235176, "support_attention": 0.2588533088564873, "support_pre_tia": 0.3127290904521942, "support_post_tia": 0.31260088086128235, "full_task": 0.7962019592523575, "self_feature": 0.8214462697505951, "feature": 0.9896571636199951, "loss_actionness": 0.18123505264520645, "loss_transition": 0.6686752736568451, "loss_boundary": 0.003573355730623007, "cost": 2.937365412712097}, "peak_gib": 10.225110054016113}
{"epoch": 4, "successful_updates": 400, "losses": {"task": 0.5468564927577972, "support_attention": 0.07893278077244759, "support_pre_tia": 0.09164682775735855, "support_post_tia": 0.091799546033144, "full_task": 0.42388294637203217, "self_feature": 0.47893305122852325, "feature": 0.6951968967914581, "loss_actionness": 0.17997325956821442, "loss_transition": 0.6437170505523682, "loss_boundary": 0.001814029921661131, "cost": 2.2305940985679626}, "peak_gib": 10.225110054016113}
09/14 11:02:27 - mmengine - WARNING - "FileClient" will be deprecated in future. Please use io functions in https://mmengine.readthedocs.io/en/latest/api/fileio.html#file-io
09/14 11:02:27 - mmengine - WARNING - "HardDiskBackend" is the alias of "LocalBackend" and the former will be deprecated in future.
09/14 11:02:27 - mmengine - WARNING - "FileClient" will be deprecated in future. Please use io functions in https://mmengine.readthedocs.io/en/latest/api/fileio.html#file-io
09/14 11:02:27 - mmengine - WARNING - "HardDiskBackend" is the alias of "LocalBackend" and the former will be deprecated in future.
{"epoch": 5, "successful_updates": 420, "losses": {"task": 0.12387139722704887, "support_attention": 0.24411503225564957, "support_pre_tia": 0.2963999807834625, "support_post_tia": 0.2968411147594452, "full_task": 0.11603561043739319, "self_feature": 0.45990797877311707, "feature": 0.7096507251262665, "loss_actionness": 0.17098309844732285, "loss_transition": 0.6450118124485016, "loss_boundary": 3.0852450436213985e-05, "cost": 1.754209578037262}, "peak_gib": 10.225110054016113}
{"epoch": 5, "successful_updates": 440, "losses": {"task": 0.2371606007218361, "support_attention": 0.2586895376443863, "support_pre_tia": 0.30481429398059845, "support_post_tia": 0.30430664122104645, "full_task": 0.21933714300394058, "self_feature": 0.8450487852096558, "feature": 1.0166865587234497, "loss_actionness": 0.14133327454328537, "loss_transition": 0.6600309610366821, "loss_boundary": 0.0031351617071777582, "cost": 2.228141665458679}, "peak_gib": 10.227240085601807}
{"epoch": 5, "successful_updates": 460, "losses": {"task": 0.032367599196732044, "support_attention": 0.09269661828875542, "support_pre_tia": 0.11771071329712868, "support_post_tia": 0.11767302453517914, "full_task": 0.030869503505527973, "self_feature": 0.2967689484357834, "feature": 0.5953776836395264, "loss_actionness": 0.1086144708096981, "loss_transition": 0.5764304399490356, "loss_boundary": 0.000755295188355376, "cost": 1.3627089858055115}, "peak_gib": 10.227240085601807}
{"epoch": 5, "successful_updates": 480, "losses": {"task": 0.15973176807165146, "support_attention": 0.2317521944642067, "support_pre_tia": 0.27763329446315765, "support_post_tia": 0.2775821089744568, "full_task": 0.14132961444556713, "self_feature": 0.42150087654590607, "feature": 0.6246519386768341, "loss_actionness": 0.1609359011054039, "loss_transition": 0.6263275146484375, "loss_boundary": 3.085244679823518e-05, "cost": 1.6769212484359741}, "peak_gib": 10.227240085601807}
{"epoch": 5, "successful_updates": 500, "losses": {"task": 1.450488805770874, "support_attention": 0.26026467978954315, "support_pre_tia": 0.3108021169900894, "support_post_tia": 0.31181958317756653, "full_task": 1.0183292552828789, "self_feature": 0.833586186170578, "feature": 0.9921554028987885, "loss_actionness": 0.13020862638950348, "loss_transition": 0.6604576110839844, "loss_boundary": 0.0031422364991158247, "cost": 3.6055246591567993}, "peak_gib": 10.227240085601807}
09/14 11:09:01 - mmengine - WARNING - "FileClient" will be deprecated in future. Please use io functions in https://mmengine.readthedocs.io/en/latest/api/fileio.html#file-io
09/14 11:09:01 - mmengine - WARNING - "FileClient" will be deprecated in future. Please use io functions in https://mmengine.readthedocs.io/en/latest/api/fileio.html#file-io
09/14 11:09:01 - mmengine - WARNING - "HardDiskBackend" is the alias of "LocalBackend" and the former will be deprecated in future.
09/14 11:09:01 - mmengine - WARNING - "HardDiskBackend" is the alias of "LocalBackend" and the former will be deprecated in future.
{"epoch": 6, "successful_updates": 520, "losses": {"task": 0.2454599365592003, "support_attention": 0.10144747048616409, "support_pre_tia": 0.12618282064795494, "support_post_tia": 0.12612060084939003, "full_task": 0.2647337317466736, "self_feature": 0.7268334329128265, "feature": 0.8987762331962585, "loss_actionness": 0.15586299449205399, "loss_transition": 0.6389816403388977, "loss_boundary": 0.001445142799639143, "cost": 2.0920079946517944}, "peak_gib": 10.227984428405762}
{"epoch": 6, "successful_updates": 540, "losses": {"task": 1.2088597416877747, "support_attention": 0.24894902110099792, "support_pre_tia": 0.29107996821403503, "support_post_tia": 0.2915683537721634, "full_task": 1.209547519683838, "self_feature": 0.49066248536109924, "feature": 0.7504785060882568, "loss_actionness": 0.15528582781553268, "loss_transition": 0.6620900630950928, "loss_boundary": 3.356559682288207e-05, "cost": 3.157333254814148}, "peak_gib": 10.227984428405762}
{"epoch": 6, "successful_updates": 560, "losses": {"task": 0.45869310200214386, "support_attention": 0.2338576316833496, "support_pre_tia": 0.2753197103738785, "support_post_tia": 0.27558791637420654, "full_task": 0.40182140469551086, "self_feature": 0.5316349864006042, "feature": 0.729574903845787, "loss_actionness": 0.20736443251371384, "loss_transition": 0.6269887089729309, "loss_boundary": 0.002116977262630826, "cost": 2.205902397632599}, "peak_gib": 10.227984428405762}
{"epoch": 6, "successful_updates": 580, "losses": {"task": 0.42372171953320503, "support_attention": 0.08491795882582664, "support_pre_tia": 0.10318664088845253, "support_post_tia": 0.10317780449986458, "full_task": 0.4582342803478241, "self_feature": 0.5610786974430084, "feature": 0.7475826740264893, "loss_actionness": 0.17342888191342354, "loss_transition": 0.6330032646656036, "loss_boundary": 0.0018425290036248043, "cost": 2.1605637669563293}, "peak_gib": 10.22830581665039}
{"epoch": 6, "successful_updates": 600, "losses": {"task": 0.2267581857740879, "support_attention": 0.2268989309668541, "support_pre_tia": 0.26581645011901855, "support_post_tia": 0.26705343276262283, "full_task": 0.1993710659444332, "self_feature": 0.3350280374288559, "feature": 0.5717049837112427, "loss_actionness": 0.1626914069056511, "loss_transition": 0.68655726313591, "loss_boundary": 3.0852450436213985e-05, "cost": 1.7577317953109741}, "peak_gib": 10.22830581665039}
09/14 11:15:34 - mmengine - WARNING - "FileClient" will be deprecated in future. Please use io functions in https://mmengine.readthedocs.io/en/latest/api/fileio.html#file-io
09/14 11:15:34 - mmengine - WARNING - "FileClient" will be deprecated in future. Please use io functions in https://mmengine.readthedocs.io/en/latest/api/fileio.html#file-io
09/14 11:15:34 - mmengine - WARNING - "HardDiskBackend" is the alias of "LocalBackend" and the former will be deprecated in future.
09/14 11:15:34 - mmengine - WARNING - "HardDiskBackend" is the alias of "LocalBackend" and the former will be deprecated in future.
{"epoch": 7, "successful_updates": 620, "losses": {"task": 0.153350368142128, "support_attention": 0.2168968990445137, "support_pre_tia": 0.2556285858154297, "support_post_tia": 0.25618816167116165, "full_task": 0.1689901351928711, "self_feature": 0.6110892295837402, "feature": 0.7198731899261475, "loss_actionness": 0.11713208258152008, "loss_transition": 0.661424309015274, "loss_boundary": 0.002661789068952203, "cost": 1.7833889722824097}, "peak_gib": 10.22830581665039}
{"epoch": 7, "successful_updates": 640, "losses": {"task": 0.4676969647407532, "support_attention": 0.09175840765237808, "support_pre_tia": 0.11722423881292343, "support_post_tia": 0.1171119324862957, "full_task": 0.40388139337301254, "self_feature": 0.7854656875133514, "feature": 1.0108619630336761, "loss_actionness": 0.12355519086122513, "loss_transition": 0.6544293463230133, "loss_boundary": 0.002515684231184423, "cost": 2.4502928256988525}, "peak_gib": 10.22830581665039}
{"epoch": 7, "successful_updates": 660, "losses": {"task": 0.231588713824749, "support_attention": 0.2259782925248146, "support_pre_tia": 0.2699841186404228, "support_post_tia": 0.2701830118894577, "full_task": 0.229539155960083, "self_feature": 0.42482104897499084, "feature": 0.6558480113744736, "loss_actionness": 0.1534147933125496, "loss_transition": 0.6681712567806244, "loss_boundary": 4.065933171659708e-05, "cost": 1.8359386324882507}, "peak_gib": 10.22830581665039}
{"epoch": 7, "successful_updates": 680, "losses": {"task": 0.3818092569708824, "support_attention": 0.2563704252243042, "support_pre_tia": 0.3031429499387741, "support_post_tia": 0.3037743866443634, "full_task": 0.3216114044189453, "self_feature": 0.7710220813751221, "feature": 0.9296005964279175, "loss_actionness": 0.12130353227257729, "loss_transition": 0.6636774241924286, "loss_boundary": 0.0031435200944542885, "cost": 2.2873852252960205}, "peak_gib": 10.22830581665039}
{"epoch": 7, "successful_updates": 700, "losses": {"task": 0.26485686004161835, "support_attention": 0.09436893835663795, "support_pre_tia": 0.11619417741894722, "support_post_tia": 0.11651696264743805, "full_task": 0.2973330020904541, "self_feature": 0.3774417117238045, "feature": 0.6228873282670975, "loss_actionness": 0.12248389050364494, "loss_transition": 0.6056057810783386, "loss_boundary": 0.0015836108050280018, "cost": 1.741130530834198}, "peak_gib": 10.22830581665039}
09/14 11:21:55 - mmengine - WARNING - "FileClient" will be deprecated in future. Please use io functions in https://mmengine.readthedocs.io/en/latest/api/fileio.html#file-io
09/14 11:21:55 - mmengine - WARNING - "FileClient" will be deprecated in future. Please use io functions in https://mmengine.readthedocs.io/en/latest/api/fileio.html#file-io
09/14 11:21:55 - mmengine - WARNING - "HardDiskBackend" is the alias of "LocalBackend" and the former will be deprecated in future.
09/14 11:21:55 - mmengine - WARNING - "HardDiskBackend" is the alias of "LocalBackend" and the former will be deprecated in future.
{"epoch": 8, "successful_updates": 720, "losses": {"task": 0.5063958615064621, "support_attention": 0.23880892992019653, "support_pre_tia": 0.28385597467422485, "support_post_tia": 0.2838132828474045, "full_task": 0.4788646697998047, "self_feature": 0.38055720925331116, "feature": 0.593868300318718, "loss_actionness": 0.14296965673565865, "loss_transition": 0.6719323992729187, "loss_boundary": 5.7689698223839514e-05, "cost": 2.1013793349266052}, "peak_gib": 10.22830581665039}
{"epoch": 8, "successful_updates": 740, "losses": {"task": 0.14352628216147423, "support_attention": 0.23733757436275482, "support_pre_tia": 0.26883041858673096, "support_post_tia": 0.2696473300457001, "full_task": 0.10503958910703659, "self_feature": 0.6391586363315582, "feature": 0.7300818562507629, "loss_actionness": 0.20922929048538208, "loss_transition": 0.6563191711902618, "loss_boundary": 0.002737011353019625, "cost": 1.8589932918548584}, "peak_gib": 10.22830581665039}
{"epoch": 8, "successful_updates": 760, "losses": {"task": 0.9144504368305206, "support_attention": 0.09123892709612846, "support_pre_tia": 0.11246278882026672, "support_post_tia": 0.1126825101673603, "full_task": 0.7546569779515266, "self_feature": 0.7463077306747437, "feature": 0.947049081325531, "loss_actionness": 0.13649185001850128, "loss_transition": 0.672033816576004, "loss_boundary": 0.003375002648681402, "cost": 2.9479525685310364}, "peak_gib": 10.22830581665039}
{"epoch": 8, "successful_updates": 780, "losses": {"task": 0.480768546462059, "support_attention": 0.23264513909816742, "support_pre_tia": 0.2748131901025772, "support_post_tia": 0.2739110291004181, "full_task": 0.4632238447666168, "self_feature": 0.38298340141773224, "feature": 0.6526059508323669, "loss_actionness": 0.26191001385450363, "loss_transition": 0.6604762673377991, "loss_boundary": 3.0852450436213985e-05, "cost": 2.2373321652412415}, "peak_gib": 10.22830581665039}
{"epoch": 8, "successful_updates": 800, "losses": {"task": 0.49573618173599243, "support_attention": 0.2434961125254631, "support_pre_tia": 0.29385577142238617, "support_post_tia": 0.2948731929063797, "full_task": 0.4522848129272461, "self_feature": 0.6203150749206543, "feature": 0.8290620744228363, "loss_actionness": 0.12630996480584145, "loss_transition": 0.669212281703949, "loss_boundary": 0.003356629516929388, "cost": 2.328216314315796}, "peak_gib": 10.228413581848145}
09/14 11:28:21 - mmengine - WARNING - "FileClient" will be deprecated in future. Please use io functions in https://mmengine.readthedocs.io/en/latest/api/fileio.html#file-io
09/14 11:28:21 - mmengine - WARNING - "FileClient" will be deprecated in future. Please use io functions in https://mmengine.readthedocs.io/en/latest/api/fileio.html#file-io
09/14 11:28:21 - mmengine - WARNING - "HardDiskBackend" is the alias of "LocalBackend" and the former will be deprecated in future.
09/14 11:28:21 - mmengine - WARNING - "HardDiskBackend" is the alias of "LocalBackend" and the former will be deprecated in future.
{"epoch": 9, "successful_updates": 820, "losses": {"task": 0.2111285664141178, "support_attention": 0.08975961431860924, "support_pre_tia": 0.1107090450823307, "support_post_tia": 0.11115382611751556, "full_task": 0.15262632071971893, "self_feature": 0.41066114604473114, "feature": 0.6177807301282883, "loss_actionness": 0.2214614897966385, "loss_transition": 0.6070490181446075, "loss_boundary": 0.0015216794636216946, "cost": 1.7492573857307434}, "peak_gib": 10.228413581848145}
{"epoch": 9, "successful_updates": 840, "losses": {"task": 0.46687352657318115, "support_attention": 0.23097875714302063, "support_pre_tia": 0.27586428821086884, "support_post_tia": 0.27580074965953827, "full_task": 0.47035838663578033, "self_feature": 0.4259289652109146, "feature": 0.6983812153339386, "loss_actionness": 0.15197087079286575, "loss_transition": 0.6665527522563934, "loss_boundary": 3.085245225520339e-05, "cost": 2.1715749502182007}, "peak_gib": 10.228413581848145}
{"epoch": 9, "successful_updates": 860, "losses": {"task": 0.39925456047058105, "support_attention": 0.2275804951786995, "support_pre_tia": 0.27037981152534485, "support_post_tia": 0.2709081768989563, "full_task": 0.3793790861964226, "self_feature": 0.471989169716835, "feature": 0.5788684487342834, "loss_actionness": 0.14586573094129562, "loss_transition": 0.665601521730423, "loss_boundary": 0.003421665052883327, "cost": 1.962119996547699}, "peak_gib": 10.228413581848145}
{"epoch": 9, "successful_updates": 880, "losses": {"task": 0.2788941040635109, "support_attention": 0.09155628830194473, "support_pre_tia": 0.1114555150270462, "support_post_tia": 0.11178110912442207, "full_task": 0.29319825023412704, "self_feature": 0.39393066242337227, "feature": 0.6199189275503159, "loss_actionness": 0.12562718242406845, "loss_transition": 0.6256759464740753, "loss_boundary": 0.002482080162735656, "cost": 1.7764527201652527}, "peak_gib": 10.228413581848145}
{"epoch": 9, "successful_updates": 900, "losses": {"task": 0.27824485301971436, "support_attention": 0.24052468687295914, "support_pre_tia": 0.29218174517154694, "support_post_tia": 0.29268375039100647, "full_task": 0.27647000551223755, "self_feature": 0.39424653351306915, "feature": 0.5441425442695618, "loss_actionness": 0.12204748392105103, "loss_transition": 0.6484000086784363, "loss_boundary": 3.085245225520339e-05, "cost": 1.7306511402130127}, "peak_gib": 10.228413581848145}
09/14 11:34:59 - mmengine - WARNING - "FileClient" will be deprecated in future. Please use io functions in https://mmengine.readthedocs.io/en/latest/api/fileio.html#file-io
09/14 11:34:59 - mmengine - WARNING - "HardDiskBackend" is the alias of "LocalBackend" and the former will be deprecated in future.
09/14 11:34:59 - mmengine - WARNING - "FileClient" will be deprecated in future. Please use io functions in https://mmengine.readthedocs.io/en/latest/api/fileio.html#file-io
09/14 11:34:59 - mmengine - WARNING - "HardDiskBackend" is the alias of "LocalBackend" and the former will be deprecated in future.
{"epoch": 10, "successful_updates": 920, "losses": {"task": 0.062048520892858505, "support_attention": 0.22357560694217682, "support_pre_tia": 0.2556331753730774, "support_post_tia": 0.2556646540760994, "full_task": 0.05901704914867878, "self_feature": 0.3428107872605324, "feature": 0.5929334759712219, "loss_actionness": 0.18713399022817612, "loss_transition": 0.5403386801481247, "loss_boundary": 3.0852450436213985e-05, "cost": 1.4570857882499695}, "peak_gib": 10.228413581848145}
{"epoch": 10, "successful_updates": 940, "losses": {"task": 0.3228112831711769, "support_attention": 0.08560702949762344, "support_pre_tia": 0.10135696083307266, "support_post_tia": 0.10121534019708633, "full_task": 0.30863481760025024, "self_feature": 0.6194895058870316, "feature": 0.8102387189865112, "loss_actionness": 0.15101362392306328, "loss_transition": 0.6556884348392487, "loss_boundary": 0.0025155560579150915, "cost": 2.0915037989616394}, "peak_gib": 10.228413581848145}
{"epoch": 10, "successful_updates": 960, "losses": {"task": 0.34035883098840714, "support_attention": 0.2367909774184227, "support_pre_tia": 0.28903454542160034, "support_post_tia": 0.2892826050519943, "full_task": 0.3432701174169779, "self_feature": 0.40456515550613403, "feature": 0.6388697028160095, "loss_actionness": 0.10268368571996689, "loss_transition": 0.6318144500255585, "loss_boundary": 3.085245225520339e-05, "cost": 1.868947446346283}, "peak_gib": 10.228413581848145}
{"epoch": 10, "successful_updates": 980, "losses": {"task": 0.2561618387699127, "support_attention": 0.2364073470234871, "support_pre_tia": 0.27759067714214325, "support_post_tia": 0.2776687294244766, "full_task": 0.2936036139726639, "self_feature": 0.4938308000564575, "feature": 0.6452149152755737, "loss_actionness": 0.16093897074460983, "loss_transition": 0.579899787902832, "loss_boundary": 5.495082768902648e-05, "cost": 1.7928175330162048}, "peak_gib": 10.228413581848145}
{"epoch": 10, "successful_updates": 1000, "losses": {"task": 0.1539388420060277, "support_attention": 0.09568270295858383, "support_pre_tia": 0.12214286252856255, "support_post_tia": 0.12168838456273079, "full_task": 0.19762211292982101, "self_feature": 0.4028405472636223, "feature": 0.6692347377538681, "loss_actionness": 0.13756489008665085, "loss_transition": 0.6003897190093994, "loss_boundary": 0.0017546676972415298, "cost": 1.6647639274597168}, "peak_gib": 10.228413581848145}
validation subset: 211 videos, truncated as 792 windows.
09/14 11:41:29 - mmengine - WARNING - "FileClient" will be deprecated in future. Please use io functions in https://mmengine.readthedocs.io/en/latest/api/fileio.html#file-io
09/14 11:41:29 - mmengine - WARNING - "FileClient" will be deprecated in future. Please use io functions in https://mmengine.readthedocs.io/en/latest/api/fileio.html#file-io
09/14 11:41:29 - mmengine - WARNING - "HardDiskBackend" is the alias of "LocalBackend" and the former will be deprecated in future.
09/14 11:41:29 - mmengine - WARNING - "HardDiskBackend" is the alias of "LocalBackend" and the former will be deprecated in future.
review5485_full_v2_s_seed42 10: 1/792
review5485_full_v2_s_seed42 10: 101/792
review5485_full_v2_s_seed42 10: 201/792
review5485_full_v2_s_seed42 10: 301/792
review5485_full_v2_s_seed42 10: 401/792
review5485_full_v2_s_seed42 10: 501/792
review5485_full_v2_s_seed42 10: 601/792
review5485_full_v2_s_seed42 10: 701/792
{'average_mAP': 0.6423510108558376, 'mAP@0.3': 0.7957669882063463, 'mAP@0.4': 0.7450522696069259, 'mAP@0.5': 0.6799472333883692, 'mAP@0.6': 0.5728036336346614, 'mAP@0.7': 0.4181849294428851}
09/14 12:02:53 - mmengine - WARNING - "FileClient" will be deprecated in future. Please use io functions in https://mmengine.readthedocs.io/en/latest/api/fileio.html#file-io
09/14 12:02:53 - mmengine - WARNING - "FileClient" will be deprecated in future. Please use io functions in https://mmengine.readthedocs.io/en/latest/api/fileio.html#file-io
09/14 12:02:53 - mmengine - WARNING - "HardDiskBackend" is the alias of "LocalBackend" and the former will be deprecated in future.
09/14 12:02:53 - mmengine - WARNING - "HardDiskBackend" is the alias of "LocalBackend" and the former will be deprecated in future.
{"epoch": 11, "successful_updates": 1020, "losses": {"task": 0.09263431467115879, "support_attention": 0.25784873217344284, "support_pre_tia": 0.30262261629104614, "support_post_tia": 0.30292005836963654, "full_task": 0.08843005448579788, "self_feature": 0.42546896636486053, "feature": 0.6033022552728653, "loss_actionness": 0.17575396597385406, "loss_transition": 0.6389635503292084, "loss_boundary": 3.085244861722458e-05, "cost": 1.6056165099143982}, "peak_gib": 10.225162982940674}
{"epoch": 11, "successful_updates": 1040, "losses": {"task": 0.27206047624349594, "support_attention": 0.2474200576543808, "support_pre_tia": 0.2866850644350052, "support_post_tia": 0.28672847151756287, "full_task": 0.2949194461107254, "self_feature": 0.7170600295066833, "feature": 0.8794961273670197, "loss_actionness": 0.1371537297964096, "loss_transition": 0.6652438044548035, "loss_boundary": 0.00307581783272326, "cost": 2.1311365365982056}, "peak_gib": 10.225162982940674}
{"epoch": 11, "successful_updates": 1060, "losses": {"task": 1.1660948395729065, "support_attention": 0.08906594291329384, "support_pre_tia": 0.10971195250749588, "support_post_tia": 0.10955701023340225, "full_task": 1.137627474963665, "self_feature": 0.7433352470397949, "feature": 0.9310018420219421, "loss_actionness": 0.1275775544345379, "loss_transition": 0.6598258912563324, "loss_boundary": 0.002998323063366115, "cost": 3.2572025060653687}, "peak_gib": 10.225162982940674}
{"epoch": 11, "successful_updates": 1080, "losses": {"task": 0.4070940688252449, "support_attention": 0.2575344890356064, "support_pre_tia": 0.3159116953611374, "support_post_tia": 0.31639571487903595, "full_task": 0.3841955401003361, "self_feature": 0.39966781437397003, "feature": 0.6363134980201721, "loss_actionness": 0.11804452911019325, "loss_transition": 0.6690399944782257, "loss_boundary": 3.088654193561524e-05, "cost": 1.9981540441513062}, "peak_gib": 10.22587776184082}
{"epoch": 11, "successful_updates": 1100, "losses": {"task": 0.25173569470643997, "support_attention": 0.22667565941810608, "support_pre_tia": 0.2639770656824112, "support_post_tia": 0.2645369619131088, "full_task": 0.25551263242959976, "self_feature": 0.6124455481767654, "feature": 0.747456967830658, "loss_actionness": 0.16832810640335083, "loss_transition": 0.6594776213169098, "loss_boundary": 0.002781136427074671, "cost": 1.9813279509544373}, "peak_gib": 10.22587776184082}
09/14 12:09:23 - mmengine - WARNING - "FileClient" will be deprecated in future. Please use io functions in https://mmengine.readthedocs.io/en/latest/api/fileio.html#file-io
09/14 12:09:23 - mmengine - WARNING - "FileClient" will be deprecated in future. Please use io functions in https://mmengine.readthedocs.io/en/latest/api/fileio.html#file-io
09/14 12:09:23 - mmengine - WARNING - "HardDiskBackend" is the alias of "LocalBackend" and the former will be deprecated in future.
09/14 12:09:23 - mmengine - WARNING - "HardDiskBackend" is the alias of "LocalBackend" and the former will be deprecated in future.
{"epoch": 12, "successful_updates": 1120, "losses": {"task": 0.13779009878635406, "support_attention": 0.08905681222677231, "support_pre_tia": 0.11224772036075592, "support_post_tia": 0.11242610961198807, "full_task": 0.1403210535645485, "self_feature": 0.6203735768795013, "feature": 0.8143169283866882, "loss_actionness": 0.12389013543725014, "loss_transition": 0.6466745436191559, "loss_boundary": 0.0018528020227677189, "cost": 1.8328758478164673}, "peak_gib": 10.22587776184082}
{"epoch": 12, "successful_updates": 1140, "losses": {"task": 0.18610864132642746, "support_attention": 0.22629597783088684, "support_pre_tia": 0.26467930525541306, "support_post_tia": 0.2654343470931053, "full_task": 0.193586103618145, "self_feature": 0.3319469839334488, "feature": 0.5590046048164368, "loss_actionness": 0.23440782725811005, "loss_transition": 0.6545710861682892, "loss_boundary": 8.37295319797704e-05, "cost": 1.7422727942466736}, "peak_gib": 10.22587776184082}
{"epoch": 12, "successful_updates": 1160, "losses": {"task": 0.1174909733235836, "support_attention": 0.274028480052948, "support_pre_tia": 0.32711829245090485, "support_post_tia": 0.3273094892501831, "full_task": 0.10006721690297127, "self_feature": 0.6350836753845215, "feature": 0.8292734622955322, "loss_actionness": 0.1551179587841034, "loss_transition": 0.5782009214162827, "loss_boundary": 0.0013760552119492786, "cost": 1.8027058839797974}, "peak_gib": 10.22587776184082}
{"epoch": 12, "successful_updates": 1180, "losses": {"task": 0.2986147403717041, "support_attention": 0.08966505154967308, "support_pre_tia": 0.10669326037168503, "support_post_tia": 0.10687756538391113, "full_task": 0.2720005065202713, "self_feature": 0.5567174404859543, "feature": 0.7295976281166077, "loss_actionness": 0.19430357962846756, "loss_transition": 0.665683388710022, "loss_boundary": 0.003126975381746888, "cost": 2.025676906108856}, "peak_gib": 10.22587776184082}
{"epoch": 12, "successful_updates": 1200, "losses": {"task": 0.2717098444700241, "support_attention": 0.24046020954847336, "support_pre_tia": 0.2965940833091736, "support_post_tia": 0.29729242622852325, "full_task": 0.24206873774528503, "self_feature": 0.3692135661840439, "feature": 0.5726263523101807, "loss_actionness": 0.12929394841194153, "loss_transition": 0.6722323894500732, "loss_boundary": 3.085244861722458e-05, "cost": 1.7730263471603394}, "peak_gib": 10.22587776184082}
09/14 12:15:51 - mmengine - WARNING - "FileClient" will be deprecated in future. Please use io functions in https://mmengine.readthedocs.io/en/latest/api/fileio.html#file-io
09/14 12:15:51 - mmengine - WARNING - "FileClient" will be deprecated in future. Please use io functions in https://mmengine.readthedocs.io/en/latest/api/fileio.html#file-io
09/14 12:15:51 - mmengine - WARNING - "HardDiskBackend" is the alias of "LocalBackend" and the former will be deprecated in future.
09/14 12:15:51 - mmengine - WARNING - "HardDiskBackend" is the alias of "LocalBackend" and the former will be deprecated in future.
{"epoch": 13, "successful_updates": 1220, "losses": {"task": 0.37833544611930847, "support_attention": 0.26849953830242157, "support_pre_tia": 0.3152979612350464, "support_post_tia": 0.31636275351047516, "full_task": 0.36182622611522675, "self_feature": 0.6037628948688507, "feature": 0.7123238444328308, "loss_actionness": 0.18801836296916008, "loss_transition": 0.6646654009819031, "loss_boundary": 0.0029453306924551725, "cost": 2.128704309463501}, "peak_gib": 10.22587776184082}
{"epoch": 13, "successful_updates": 1240, "losses": {"task": 0.39714351296424866, "support_attention": 0.09255174547433853, "support_pre_tia": 0.1141347624361515, "support_post_tia": 0.11460833251476288, "full_task": 0.44227106869220734, "self_feature": 0.6340243220329285, "feature": 0.7964686751365662, "loss_actionness": 0.1522858515381813, "loss_transition": 0.6634562015533447, "loss_boundary": 0.0029049350414425135, "cost": 2.1976665258407593}, "peak_gib": 10.22587776184082}
{"epoch": 13, "successful_updates": 1260, "losses": {"task": 0.1303253248333931, "support_attention": 0.23436494916677475, "support_pre_tia": 0.2769353687763214, "support_post_tia": 0.27774477005004883, "full_task": 0.10940790548920631, "self_feature": 0.37997353076934814, "feature": 0.6350915431976318, "loss_actionness": 0.13454296439886093, "loss_transition": 0.6367881894111633, "loss_boundary": 3.0852450436213985e-05, "cost": 1.6298623085021973}, "peak_gib": 10.22587776184082}
{"epoch": 13, "successful_updates": 1280, "losses": {"task": 0.6366184055805206, "support_attention": 0.23807553946971893, "support_pre_tia": 0.28667914867401123, "support_post_tia": 0.2867830991744995, "full_task": 0.5493082404136658, "self_feature": 0.7286623418331146, "feature": 0.8741855025291443, "loss_actionness": 0.14959782734513283, "loss_transition": 0.6586032211780548, "loss_boundary": 0.0022330746869556606, "cost": 2.5601043701171875}, "peak_gib": 10.22587776184082}
{"epoch": 13, "successful_updates": 1300, "losses": {"task": 0.31574535369873047, "support_attention": 0.08936947211623192, "support_pre_tia": 0.10878244042396545, "support_post_tia": 0.10931048542261124, "full_task": 0.30593788623809814, "self_feature": 0.47254478931427, "feature": 0.624101996421814, "loss_actionness": 0.11712856963276863, "loss_transition": 0.6632551848888397, "loss_boundary": 0.003112751292064786, "cost": 1.8579873442649841}, "peak_gib": 10.22587776184082}
09/14 12:22:23 - mmengine - WARNING - "FileClient" will be deprecated in future. Please use io functions in https://mmengine.readthedocs.io/en/latest/api/fileio.html#file-io
09/14 12:22:23 - mmengine - WARNING - "FileClient" will be deprecated in future. Please use io functions in https://mmengine.readthedocs.io/en/latest/api/fileio.html#file-io
09/14 12:22:23 - mmengine - WARNING - "HardDiskBackend" is the alias of "LocalBackend" and the former will be deprecated in future.
09/14 12:22:23 - mmengine - WARNING - "HardDiskBackend" is the alias of "LocalBackend" and the former will be deprecated in future.
{"epoch": 14, "successful_updates": 1320, "losses": {"task": 0.49322763085365295, "support_attention": 0.2464965134859085, "support_pre_tia": 0.2993055135011673, "support_post_tia": 0.2993093281984329, "full_task": 0.4913329482078552, "self_feature": 0.4723096936941147, "feature": 0.7585054039955139, "loss_actionness": 0.11445141211152077, "loss_transition": 0.6720596253871918, "loss_boundary": 3.085245225520339e-05, "cost": 2.238269805908203}, "peak_gib": 10.22587776184082}
{"epoch": 14, "successful_updates": 1340, "losses": {"task": 0.15898781828582287, "support_attention": 0.23826561868190765, "support_pre_tia": 0.2763455659151077, "support_post_tia": 0.27705539762973785, "full_task": 0.140446238219738, "self_feature": 0.5639436841011047, "feature": 0.6616829931735992, "loss_actionness": 0.1751961186528206, "loss_transition": 0.6307647526264191, "loss_boundary": 0.0015851085809117649, "cost": 1.7473927736282349}, "peak_gib": 10.22587776184082}
{"epoch": 14, "successful_updates": 1360, "losses": {"task": 0.2750829756259918, "support_attention": 0.0927622988820076, "support_pre_tia": 0.11164729297161102, "support_post_tia": 0.11199621111154556, "full_task": 0.2707068994641304, "self_feature": 0.47553427517414093, "feature": 0.6455475240945816, "loss_actionness": 0.1966816857457161, "loss_transition": 0.6435889601707458, "loss_boundary": 0.0019115056347800419, "cost": 1.8892250061035156}, "peak_gib": 10.22587776184082}
{"epoch": 14, "successful_updates": 1380, "losses": {"task": 0.278741754591465, "support_attention": 0.23239625990390778, "support_pre_tia": 0.2646908313035965, "support_post_tia": 0.2649117112159729, "full_task": 0.24033136665821075, "self_feature": 0.34370048344135284, "feature": 0.4921891391277313, "loss_actionness": 0.18623141571879387, "loss_transition": 0.647815614938736, "loss_boundary": 3.688320066430606e-05, "cost": 1.7259477972984314}, "peak_gib": 10.22587776184082}
{"epoch": 14, "successful_updates": 1400, "losses": {"task": 1.0282979495823383, "support_attention": 0.22614548355340958, "support_pre_tia": 0.2609829008579254, "support_post_tia": 0.26070576161146164, "full_task": 0.9592943042516708, "self_feature": 0.6081521511077881, "feature": 0.7347725182771683, "loss_actionness": 0.19342008978128433, "loss_transition": 0.6124587953090668, "loss_boundary": 0.001550695891637588, "cost": 2.897223114967346}, "peak_gib": 10.22587776184082}
09/14 12:28:56 - mmengine - WARNING - "FileClient" will be deprecated in future. Please use io functions in https://mmengine.readthedocs.io/en/latest/api/fileio.html#file-io
09/14 12:28:56 - mmengine - WARNING - "FileClient" will be deprecated in future. Please use io functions in https://mmengine.readthedocs.io/en/latest/api/fileio.html#file-io
09/14 12:28:56 - mmengine - WARNING - "HardDiskBackend" is the alias of "LocalBackend" and the former will be deprecated in future.
09/14 12:28:56 - mmengine - WARNING - "HardDiskBackend" is the alias of "LocalBackend" and the former will be deprecated in future.
{"epoch": 15, "successful_updates": 1420, "losses": {"task": 0.35146644711494446, "support_attention": 0.09971515089273453, "support_pre_tia": 0.12290704250335693, "support_post_tia": 0.12328345328569412, "full_task": 0.3174419701099396, "self_feature": 0.3362048342823982, "feature": 0.5760549008846283, "loss_actionness": 0.14755982905626297, "loss_transition": 0.6331455707550049, "loss_boundary": 0.0022116049949545413, "cost": 1.8357288241386414}, "peak_gib": 10.22587776184082}
{"epoch": 15, "successful_updates": 1440, "losses": {"task": 0.16655045747756958, "support_attention": 0.24472902715206146, "support_pre_tia": 0.2918235808610916, "support_post_tia": 0.2926487475633621, "full_task": 0.15532857179641724, "self_feature": 0.31051210314035416, "feature": 0.5041227340698242, "loss_actionness": 0.1335136666893959, "loss_transition": 0.5828149914741516, "loss_boundary": 3.085244861722458e-05, "cost": 1.4861396551132202}, "peak_gib": 10.22587776184082}
{"epoch": 15, "successful_updates": 1460, "losses": {"task": 0.32525724172592163, "support_attention": 0.2554944008588791, "support_pre_tia": 0.3028252273797989, "support_post_tia": 0.3026367723941803, "full_task": 0.270073801279068, "self_feature": 0.8811944723129272, "feature": 1.067351371049881, "loss_actionness": 0.11651064455509186, "loss_transition": 0.6460928618907928, "loss_boundary": 0.0019412311958149076, "cost": 2.343064308166504}, "peak_gib": 10.22587776184082}
{"epoch": 15, "successful_updates": 1480, "losses": {"task": 0.8711060285568237, "support_attention": 0.09354686364531517, "support_pre_tia": 0.11277177184820175, "support_post_tia": 0.11329187825322151, "full_task": 0.876444935798645, "self_feature": 0.4773574657738209, "feature": 0.704769030213356, "loss_actionness": 0.1283639818429947, "loss_transition": 0.6061582267284393, "loss_boundary": 0.0013551335141528398, "cost": 2.5899025201797485}, "peak_gib": 10.22587776184082}
{"epoch": 15, "successful_updates": 1500, "losses": {"task": 1.0850641950964928, "support_attention": 0.26285381615161896, "support_pre_tia": 0.31084178388118744, "support_post_tia": 0.31043267250061035, "full_task": 1.063724547624588, "self_feature": 0.5134829729795456, "feature": 0.6955921649932861, "loss_actionness": 0.16557428240776062, "loss_transition": 0.666490375995636, "loss_boundary": 3.245417792641092e-05, "cost": 2.961096704006195}, "peak_gib": 10.22587776184082}
09/14 12:35:27 - mmengine - WARNING - "FileClient" will be deprecated in future. Please use io functions in https://mmengine.readthedocs.io/en/latest/api/fileio.html#file-io
09/14 12:35:27 - mmengine - WARNING - "FileClient" will be deprecated in future. Please use io functions in https://mmengine.readthedocs.io/en/latest/api/fileio.html#file-io
09/14 12:35:27 - mmengine - WARNING - "HardDiskBackend" is the alias of "LocalBackend" and the former will be deprecated in future.
09/14 12:35:27 - mmengine - WARNING - "HardDiskBackend" is the alias of "LocalBackend" and the former will be deprecated in future.
{"epoch": 16, "successful_updates": 1520, "losses": {"task": 1.2622637953609228, "support_attention": 0.26136064529418945, "support_pre_tia": 0.3096558153629303, "support_post_tia": 0.30956192314624786, "full_task": 1.0222304426133633, "self_feature": 0.8482337892055511, "feature": 1.071773886680603, "loss_actionness": 0.1424856334924698, "loss_transition": 0.6621865630149841, "loss_boundary": 0.0029280822491273284, "cost": 3.512979805469513}, "peak_gib": 10.22587776184082}
{"epoch": 16, "successful_updates": 1540, "losses": {"task": 0.09759087488055229, "support_attention": 0.10108697041869164, "support_pre_tia": 0.12936251983046532, "support_post_tia": 0.1298246644437313, "full_task": 0.10017113294452429, "self_feature": 0.05791880749166012, "feature": 0.30933333188295364, "loss_actionness": 0.1615491732954979, "loss_transition": 0.5153879523277283, "loss_boundary": 3.085244861722458e-05, "cost": 1.1276862621307373}, "peak_gib": 10.22587776184082}
{"epoch": 16, "successful_updates": 1560, "losses": {"task": 0.19942920096218586, "support_attention": 0.2556192874908447, "support_pre_tia": 0.3047995865345001, "support_post_tia": 0.3045460134744644, "full_task": 0.20682749897241592, "self_feature": 0.42964640259742737, "feature": 0.7107767760753632, "loss_actionness": 0.11998824775218964, "loss_transition": 0.577307790517807, "loss_boundary": 3.085244861722458e-05, "cost": 1.7326716780662537}, "peak_gib": 10.22587776184082}
{"epoch": 16, "successful_updates": 1580, "losses": {"task": 1.343329668045044, "support_attention": 0.2469506561756134, "support_pre_tia": 0.2797267735004425, "support_post_tia": 0.2794596999883652, "full_task": 1.1641449928283691, "self_feature": 0.7056338489055634, "feature": 0.8805941045284271, "loss_actionness": 0.2154003083705902, "loss_transition": 0.6717627346515656, "loss_boundary": 0.00361733918543905, "cost": 3.5042630434036255}, "peak_gib": 10.22587776184082}
{"epoch": 16, "successful_updates": 1600, "losses": {"task": 0.24460318312048912, "support_attention": 0.10485563799738884, "support_pre_tia": 0.12887858599424362, "support_post_tia": 0.12940042465925217, "full_task": 0.2652597241103649, "self_feature": 0.7336136996746063, "feature": 0.9134251177310944, "loss_actionness": 0.1423419676721096, "loss_transition": 0.6585834324359894, "loss_boundary": 0.0025308753829449415, "cost": 2.1140748262405396}, "peak_gib": 10.22587776184082}
09/14 12:41:55 - mmengine - WARNING - "FileClient" will be deprecated in future. Please use io functions in https://mmengine.readthedocs.io/en/latest/api/fileio.html#file-io
09/14 12:41:55 - mmengine - WARNING - "FileClient" will be deprecated in future. Please use io functions in https://mmengine.readthedocs.io/en/latest/api/fileio.html#file-io
09/14 12:41:55 - mmengine - WARNING - "HardDiskBackend" is the alias of "LocalBackend" and the former will be deprecated in future.
09/14 12:41:55 - mmengine - WARNING - "HardDiskBackend" is the alias of "LocalBackend" and the former will be deprecated in future.
{"epoch": 17, "successful_updates": 1620, "losses": {"task": 0.12343310564756393, "support_attention": 0.24444480240345, "support_pre_tia": 0.2966243326663971, "support_post_tia": 0.29735997319221497, "full_task": 0.1290132999420166, "self_feature": 0.35547469556331635, "feature": 0.5659250915050507, "loss_actionness": 0.13120755553245544, "loss_transition": 0.6313779354095459, "loss_boundary": 3.0852450436213985e-05, "cost": 1.5494745373725891}, "peak_gib": 10.226820945739746}
{"epoch": 17, "successful_updates": 1640, "losses": {"task": 1.2851018905639648, "support_attention": 0.23218892514705658, "support_pre_tia": 0.2735479474067688, "support_post_tia": 0.27419209480285645, "full_task": 1.1627902686595917, "self_feature": 0.7158394455909729, "feature": 0.834749162197113, "loss_actionness": 0.15549172461032867, "loss_transition": 0.6621730625629425, "loss_boundary": 0.0027000027475878596, "cost": 3.32988440990448}, "peak_gib": 10.226820945739746}
{"epoch": 17, "successful_updates": 1660, "losses": {"task": 0.6818138957023621, "support_attention": 0.09696755558252335, "support_pre_tia": 0.11949234455823898, "support_post_tia": 0.1194644346833229, "full_task": 0.7072097063064575, "self_feature": 0.44743557274341583, "feature": 0.6308750212192535, "loss_actionness": 0.14013424515724182, "loss_transition": 0.6261891722679138, "loss_boundary": 0.0013879782327421708, "cost": 2.3138941526412964}, "peak_gib": 10.226820945739746}
{"epoch": 17, "successful_updates": 1680, "losses": {"task": 0.11513214465230703, "support_attention": 0.26722779870033264, "support_pre_tia": 0.32949206233024597, "support_post_tia": 0.3304380774497986, "full_task": 0.13267972320318222, "self_feature": 0.4345065504312515, "feature": 0.651148647069931, "loss_actionness": 0.10923681035637856, "loss_transition": 0.6741700768470764, "loss_boundary": 3.0852450436213985e-05, "cost": 1.6593356132507324}, "peak_gib": 10.226820945739746}
{"epoch": 17, "successful_updates": 1700, "losses": {"task": 0.22575068473815918, "support_attention": 0.2277667447924614, "support_pre_tia": 0.253293476998806, "support_post_tia": 0.2543810307979584, "full_task": 0.16373369097709656, "self_feature": 0.5462226271629333, "feature": 0.6553419232368469, "loss_actionness": 0.1708684116601944, "loss_transition": 0.6620438992977142, "loss_boundary": 0.0030897239921614528, "cost": 1.8380340933799744}, "peak_gib": 10.226820945739746}
09/14 12:48:23 - mmengine - WARNING - "FileClient" will be deprecated in future. Please use io functions in https://mmengine.readthedocs.io/en/latest/api/fileio.html#file-io
09/14 12:48:23 - mmengine - WARNING - "HardDiskBackend" is the alias of "LocalBackend" and the former will be deprecated in future.
09/14 12:48:23 - mmengine - WARNING - "FileClient" will be deprecated in future. Please use io functions in https://mmengine.readthedocs.io/en/latest/api/fileio.html#file-io
09/14 12:48:23 - mmengine - WARNING - "HardDiskBackend" is the alias of "LocalBackend" and the former will be deprecated in future.
{"epoch": 18, "successful_updates": 1720, "losses": {"task": 0.9531241655349731, "support_attention": 0.09436523169279099, "support_pre_tia": 0.11191102117300034, "support_post_tia": 0.11252044886350632, "full_task": 0.8508126139640808, "self_feature": 0.5898688435554504, "feature": 0.7652169466018677, "loss_actionness": 0.1617429107427597, "loss_transition": 0.6692805588245392, "loss_boundary": 0.003397093154489994, "cost": 2.8356733322143555}, "peak_gib": 10.226820945739746}
{"epoch": 18, "successful_updates": 1740, "losses": {"task": 0.09418822452425957, "support_attention": 0.2605276107788086, "support_pre_tia": 0.3091125786304474, "support_post_tia": 0.3098059743642807, "full_task": 0.09239594265818596, "self_feature": 0.5481404662132263, "feature": 0.7462757229804993, "loss_actionness": 0.0998353399336338, "loss_transition": 0.5243947952985764, "loss_boundary": 3.0852450436213985e-05, "cost": 1.573583960533142}, "peak_gib": 10.226820945739746}
{"epoch": 18, "successful_updates": 1760, "losses": {"task": 0.6450196681544185, "support_attention": 0.2545667737722397, "support_pre_tia": 0.2889750599861145, "support_post_tia": 0.2895939201116562, "full_task": 0.6406186516396701, "self_feature": 0.5176929533481598, "feature": 0.6986745297908783, "loss_actionness": 0.1552472896873951, "loss_transition": 0.5790691822767258, "loss_boundary": 0.0016930303845583694, "cost": 2.320556104183197}, "peak_gib": 10.226820945739746}
{"epoch": 18, "successful_updates": 1780, "losses": {"task": 0.4899483472108841, "support_attention": 0.10604999586939812, "support_pre_tia": 0.13723386079072952, "support_post_tia": 0.13755512982606888, "full_task": 0.4341186583042145, "self_feature": 0.6981350481510162, "feature": 0.8624057471752167, "loss_actionness": 0.12063739448785782, "loss_transition": 0.6579929888248444, "loss_boundary": 0.0026169660268351436, "cost": 2.3256839513778687}, "peak_gib": 10.226820945739746}
{"epoch": 18, "successful_updates": 1800, "losses": {"task": 0.8389557600021362, "support_attention": 0.2605742812156677, "support_pre_tia": 0.3155145049095154, "support_post_tia": 0.31565336883068085, "full_task": 0.8519631624221802, "self_feature": 0.41747985780239105, "feature": 0.6469660997390747, "loss_actionness": 0.14243128523230553, "loss_transition": 0.6527181267738342, "loss_boundary": 6.873614620417356e-05, "cost": 2.567437171936035}, "peak_gib": 10.226820945739746}
09/14 12:54:58 - mmengine - WARNING - "FileClient" will be deprecated in future. Please use io functions in https://mmengine.readthedocs.io/en/latest/api/fileio.html#file-io
09/14 12:54:58 - mmengine - WARNING - "FileClient" will be deprecated in future. Please use io functions in https://mmengine.readthedocs.io/en/latest/api/fileio.html#file-io
09/14 12:54:58 - mmengine - WARNING - "HardDiskBackend" is the alias of "LocalBackend" and the former will be deprecated in future.
09/14 12:54:58 - mmengine - WARNING - "HardDiskBackend" is the alias of "LocalBackend" and the former will be deprecated in future.
{"epoch": 19, "successful_updates": 1820, "losses": {"task": 0.28892116993665695, "support_attention": 0.2624424248933792, "support_pre_tia": 0.31615495681762695, "support_post_tia": 0.31633076071739197, "full_task": 0.24026139825582504, "self_feature": 0.8673014044761658, "feature": 1.0165228843688965, "loss_actionness": 0.1558818221092224, "loss_transition": 0.6785513460636139, "loss_boundary": 0.003920260351151228, "cost": 2.322217106819153}, "peak_gib": 10.226820945739746}
{"epoch": 19, "successful_updates": 1840, "losses": {"task": 0.22546494752168655, "support_attention": 0.09479457885026932, "support_pre_tia": 0.11927109211683273, "support_post_tia": 0.11980783566832542, "full_task": 0.23366864025592804, "self_feature": 0.4857834130525589, "feature": 0.6684417873620987, "loss_actionness": 0.13661815598607063, "loss_transition": 0.6297695636749268, "loss_boundary": 0.0013071524444967508, "cost": 1.7805511355400085}, "peak_gib": 10.226820945739746}
{"epoch": 19, "successful_updates": 1860, "losses": {"task": 0.33367136865854263, "support_attention": 0.23586706817150116, "support_pre_tia": 0.2855265736579895, "support_post_tia": 0.2857511043548584, "full_task": 0.33844391256570816, "self_feature": 0.3711487203836441, "feature": 0.6512101590633392, "loss_actionness": 0.14482106268405914, "loss_transition": 0.6470421552658081, "loss_boundary": 3.197432306478731e-05, "cost": 1.9270665049552917}, "peak_gib": 10.226820945739746}
{"epoch": 19, "successful_updates": 1880, "losses": {"task": 0.0699085220694542, "support_attention": 0.23752421140670776, "support_pre_tia": 0.28650690615177155, "support_post_tia": 0.28668102622032166, "full_task": 0.05567886680364609, "self_feature": 0.35962462425231934, "feature": 0.5590254068374634, "loss_actionness": 0.14768219739198685, "loss_transition": 0.5869426131248474, "loss_boundary": 3.085244861722458e-05, "cost": 1.4421311616897583}, "peak_gib": 10.226820945739746}
{"epoch": 19, "successful_updates": 1900, "losses": {"task": 0.8424214720726013, "support_attention": 0.08689043670892715, "support_pre_tia": 0.1066080667078495, "support_post_tia": 0.10669447481632233, "full_task": 0.8593724370002747, "self_feature": 0.5934867262840271, "feature": 0.7896724045276642, "loss_actionness": 0.18185236304998398, "loss_transition": 0.6688474416732788, "loss_boundary": 0.0035208805929869413, "cost": 2.7711715698242188}, "peak_gib": 10.226820945739746}
09/14 13:01:27 - mmengine - WARNING - "FileClient" will be deprecated in future. Please use io functions in https://mmengine.readthedocs.io/en/latest/api/fileio.html#file-io
09/14 13:01:27 - mmengine - WARNING - "FileClient" will be deprecated in future. Please use io functions in https://mmengine.readthedocs.io/en/latest/api/fileio.html#file-io
09/14 13:01:27 - mmengine - WARNING - "HardDiskBackend" is the alias of "LocalBackend" and the former will be deprecated in future.
09/14 13:01:27 - mmengine - WARNING - "HardDiskBackend" is the alias of "LocalBackend" and the former will be deprecated in future.
{"epoch": 20, "successful_updates": 1920, "losses": {"task": 0.1748163029551506, "support_attention": 0.25563983619213104, "support_pre_tia": 0.30899256467819214, "support_post_tia": 0.3097223490476608, "full_task": 0.18842694908380508, "self_feature": 0.4236135929822922, "feature": 0.6258938908576965, "loss_actionness": 0.11702274158596992, "loss_transition": 0.6123069822788239, "loss_boundary": 3.085245225520339e-05, "cost": 1.6504746675491333}, "peak_gib": 10.227303981781006}
{"epoch": 20, "successful_updates": 1940, "losses": {"task": 0.19869043678045273, "support_attention": 0.252193421125412, "support_pre_tia": 0.2950061857700348, "support_post_tia": 0.2954809218645096, "full_task": 0.15243534743785858, "self_feature": 0.7485693991184235, "feature": 0.930154412984848, "loss_actionness": 0.13011281192302704, "loss_transition": 0.6555363237857819, "loss_boundary": 0.002544949180446565, "cost": 2.05952912569046}, "peak_gib": 10.227611541748047}
{"epoch": 20, "successful_updates": 1960, "losses": {"task": 0.18675626814365387, "support_attention": 0.09370788186788559, "support_pre_tia": 0.11014106869697571, "support_post_tia": 0.11079900711774826, "full_task": 0.16809241473674774, "self_feature": 0.2493082843720913, "feature": 0.43324270844459534, "loss_actionness": 0.22102469205856323, "loss_transition": 0.5984871089458466, "loss_boundary": 0.0007110603910405189, "cost": 1.5182228088378906}, "peak_gib": 10.227611541748047}
{"epoch": 20, "successful_updates": 1980, "losses": {"task": 0.48250891268253326, "support_attention": 0.25200125575065613, "support_pre_tia": 0.30437640845775604, "support_post_tia": 0.30439117550849915, "full_task": 0.4366832785308361, "self_feature": 0.41214919090270996, "feature": 0.6856185793876648, "loss_actionness": 0.1946927085518837, "loss_transition": 0.6653909385204315, "loss_boundary": 3.085244679823518e-05, "cost": 2.2090659141540527}, "peak_gib": 10.227611541748047}
{"epoch": 20, "successful_updates": 2000, "losses": {"task": 0.39445123821496964, "support_attention": 0.23978261649608612, "support_pre_tia": 0.29406072199344635, "support_post_tia": 0.2940913140773773, "full_task": 0.29052962362766266, "self_feature": 0.7942282855510712, "feature": 0.9511243402957916, "loss_actionness": 0.1312149092555046, "loss_transition": 0.6653881967067719, "loss_boundary": 0.003130374592728913, "cost": 2.3267719745635986}, "peak_gib": 10.227611541748047}
validation subset: 211 videos, truncated as 792 windows.
09/14 13:08:01 - mmengine - WARNING - "FileClient" will be deprecated in future. Please use io functions in https://mmengine.readthedocs.io/en/latest/api/fileio.html#file-io
09/14 13:08:01 - mmengine - WARNING - "FileClient" will be deprecated in future. Please use io functions in https://mmengine.readthedocs.io/en/latest/api/fileio.html#file-io
09/14 13:08:01 - mmengine - WARNING - "HardDiskBackend" is the alias of "LocalBackend" and the former will be deprecated in future.
09/14 13:08:01 - mmengine - WARNING - "HardDiskBackend" is the alias of "LocalBackend" and the former will be deprecated in future.
review5485_full_v2_s_seed42 20: 1/792
review5485_full_v2_s_seed42 20: 101/792
review5485_full_v2_s_seed42 20: 201/792
review5485_full_v2_s_seed42 20: 301/792
review5485_full_v2_s_seed42 20: 401/792
review5485_full_v2_s_seed42 20: 501/792
review5485_full_v2_s_seed42 20: 601/792
review5485_full_v2_s_seed42 20: 701/792
{'average_mAP': 0.6448548590878254, 'mAP@0.3': 0.7955081062365619, 'mAP@0.4': 0.7458582849483363, 'mAP@0.5': 0.678219526239695, 'mAP@0.6': 0.5763383619642862, 'mAP@0.7': 0.42835001605024725}
09/14 13:29:24 - mmengine - WARNING - "FileClient" will be deprecated in future. Please use io functions in https://mmengine.readthedocs.io/en/latest/api/fileio.html#file-io
09/14 13:29:24 - mmengine - WARNING - "FileClient" will be deprecated in future. Please use io functions in https://mmengine.readthedocs.io/en/latest/api/fileio.html#file-io
09/14 13:29:24 - mmengine - WARNING - "HardDiskBackend" is the alias of "LocalBackend" and the former will be deprecated in future.
09/14 13:29:24 - mmengine - WARNING - "HardDiskBackend" is the alias of "LocalBackend" and the former will be deprecated in future.
{"epoch": 21, "successful_updates": 2020, "losses": {"task": 0.10906362906098366, "support_attention": 0.11271005868911743, "support_pre_tia": 0.13790012896060944, "support_post_tia": 0.13835648447275162, "full_task": 0.08958661183714867, "self_feature": 0.6456353664398193, "feature": 0.7836100161075592, "loss_actionness": 0.18095886707305908, "loss_transition": 0.6589656472206116, "loss_boundary": 0.0029394025914371014, "cost": 1.8363105654716492}, "peak_gib": 10.223234176635742}
{"epoch": 21, "successful_updates": 2040, "losses": {"task": 0.17772681266069412, "support_attention": 0.24108116328716278, "support_pre_tia": 0.28307344019412994, "support_post_tia": 0.28407326340675354, "full_task": 0.17207397520542145, "self_feature": 0.29844944179058075, "feature": 0.5027390122413635, "loss_actionness": 0.14107529819011688, "loss_transition": 0.66334468126297, "loss_boundary": 3.085245225520339e-05, "cost": 1.5861374139785767}, "peak_gib": 10.224722862243652}
{"epoch": 21, "successful_updates": 2060, "losses": {"task": 0.1886531487107277, "support_attention": 0.25263096392154694, "support_pre_tia": 0.29738521575927734, "support_post_tia": 0.29807987809181213, "full_task": 0.1529824435710907, "self_feature": 0.5824497491121292, "feature": 0.7927082180976868, "loss_actionness": 0.19299422949552536, "loss_transition": 0.5819905400276184, "loss_boundary": 0.0018096975145454053, "cost": 1.8844196200370789}, "peak_gib": 10.224722862243652}
{"epoch": 21, "successful_updates": 2080, "losses": {"task": 0.18789571337401867, "support_attention": 0.11394054442644119, "support_pre_tia": 0.1412423849105835, "support_post_tia": 0.14180751144886017, "full_task": 0.12401577830314636, "self_feature": 0.6967647969722748, "feature": 0.8451762497425079, "loss_actionness": 0.1321433149278164, "loss_transition": 0.6750566065311432, "loss_boundary": 0.004699954064562917, "cost": 1.9598047733306885}, "peak_gib": 10.224722862243652}
{"epoch": 21, "successful_updates": 2100, "losses": {"task": 0.9978598402813077, "support_attention": 0.25634996592998505, "support_pre_tia": 0.30142098665237427, "support_post_tia": 0.30150023102760315, "full_task": 0.9332880228757858, "self_feature": 0.4347517192363739, "feature": 0.673648864030838, "loss_actionness": 0.14156077057123184, "loss_transition": 0.6642704606056213, "loss_boundary": 3.470725459919777e-05, "cost": 2.784317910671234}, "peak_gib": 10.225689888000488}
09/14 13:35:49 - mmengine - WARNING - "FileClient" will be deprecated in future. Please use io functions in https://mmengine.readthedocs.io/en/latest/api/fileio.html#file-io
09/14 13:35:49 - mmengine - WARNING - "FileClient" will be deprecated in future. Please use io functions in https://mmengine.readthedocs.io/en/latest/api/fileio.html#file-io
09/14 13:35:49 - mmengine - WARNING - "HardDiskBackend" is the alias of "LocalBackend" and the former will be deprecated in future.
09/14 13:35:49 - mmengine - WARNING - "HardDiskBackend" is the alias of "LocalBackend" and the former will be deprecated in future.
{"epoch": 22, "successful_updates": 2120, "losses": {"task": 0.37731674313545227, "support_attention": 0.26044172048568726, "support_pre_tia": 0.30839434266090393, "support_post_tia": 0.3083816021680832, "full_task": 0.32759714126586914, "self_feature": 0.7879658639431, "feature": 0.9234032332897186, "loss_actionness": 0.1364898756146431, "loss_transition": 0.6695144474506378, "loss_boundary": 0.00332545128185302, "cost": 2.3015844225883484}, "peak_gib": 10.225689888000488}
{"epoch": 22, "successful_updates": 2140, "losses": {"task": 0.573624275624752, "support_attention": 0.09375147894024849, "support_pre_tia": 0.11369799077510834, "support_post_tia": 0.1145140752196312, "full_task": 0.5773650296032429, "self_feature": 0.6769664883613586, "feature": 0.8569983839988708, "loss_actionness": 0.11234006658196449, "loss_transition": 0.6594074368476868, "loss_boundary": 0.0027353744953870773, "cost": 2.4285539984703064}, "peak_gib": 10.225689888000488}
{"epoch": 22, "successful_updates": 2160, "losses": {"task": 0.8642933666706085, "support_attention": 0.22690881043672562, "support_pre_tia": 0.2655888944864273, "support_post_tia": 0.2648499459028244, "full_task": 0.856505274772644, "self_feature": 0.27309732139110565, "feature": 0.48631444573402405, "loss_actionness": 0.20611032098531723, "loss_transition": 0.6162320971488953, "loss_boundary": 6.349115392367821e-05, "cost": 2.440971612930298}, "peak_gib": 10.225689888000488}
{"epoch": 22, "successful_updates": 2180, "losses": {"task": 0.5761740915477276, "support_attention": 0.2573225498199463, "support_pre_tia": 0.30798983573913574, "support_post_tia": 0.30929329991340637, "full_task": 0.530906192958355, "self_feature": 0.6593598127365112, "feature": 0.8000394701957703, "loss_actionness": 0.18494383618235588, "loss_transition": 0.6611940860748291, "loss_boundary": 0.0028183398535475135, "cost": 2.454696476459503}, "peak_gib": 10.225689888000488}
{"epoch": 22, "successful_updates": 2200, "losses": {"task": 0.6039061993360519, "support_attention": 0.10332906246185303, "support_pre_tia": 0.12555991113185883, "support_post_tia": 0.1257476806640625, "full_task": 0.5433377772569656, "self_feature": 0.6630426943302155, "feature": 0.8675610721111298, "loss_actionness": 0.19523018598556519, "loss_transition": 0.6663360893726349, "loss_boundary": 0.0032736833672970533, "cost": 2.551011323928833}, "peak_gib": 10.225689888000488}
09/14 13:42:18 - mmengine - WARNING - "FileClient" will be deprecated in future. Please use io functions in https://mmengine.readthedocs.io/en/latest/api/fileio.html#file-io
09/14 13:42:18 - mmengine - WARNING - "FileClient" will be deprecated in future. Please use io functions in https://mmengine.readthedocs.io/en/latest/api/fileio.html#file-io
09/14 13:42:18 - mmengine - WARNING - "HardDiskBackend" is the alias of "LocalBackend" and the former will be deprecated in future.
09/14 13:42:18 - mmengine - WARNING - "HardDiskBackend" is the alias of "LocalBackend" and the former will be deprecated in future.
{"epoch": 23, "successful_updates": 2220, "losses": {"task": 0.10252667404711246, "support_attention": 0.2651851624250412, "support_pre_tia": 0.3171619474887848, "support_post_tia": 0.31787072122097015, "full_task": 0.10752591863274574, "self_feature": 0.4686651676893234, "feature": 0.6582496762275696, "loss_actionness": 0.18561656773090363, "loss_transition": 0.6494491100311279, "loss_boundary": 3.085245225520339e-05, "cost": 1.701372504234314}, "peak_gib": 10.225689888000488}
{"epoch": 23, "successful_updates": 2240, "losses": {"task": 0.2312849760055542, "support_attention": 0.24102411419153214, "support_pre_tia": 0.29536473751068115, "support_post_tia": 0.2957831025123596, "full_task": 0.21421469002962112, "self_feature": 0.49070821702480316, "feature": 0.6517556458711624, "loss_actionness": 0.15322653949260712, "loss_transition": 0.5979208946228027, "loss_boundary": 0.0003679227302200161, "cost": 1.7667378187179565}, "peak_gib": 10.225689888000488}
{"epoch": 23, "successful_updates": 2260, "losses": {"task": 0.3251870572566986, "support_attention": 0.09531177580356598, "support_pre_tia": 0.1211559996008873, "support_post_tia": 0.12169215455651283, "full_task": 0.3391955718398094, "self_feature": 0.4594971388578415, "feature": 0.6176375448703766, "loss_actionness": 0.13363321870565414, "loss_transition": 0.6361368298530579, "loss_boundary": 0.0013440724578686059, "cost": 1.8568297028541565}, "peak_gib": 10.225689888000488}
{"epoch": 23, "successful_updates": 2280, "losses": {"task": 0.8909507095813751, "support_attention": 0.2530670687556267, "support_pre_tia": 0.3046633452177048, "support_post_tia": 0.3055846095085144, "full_task": 0.9023396670818329, "self_feature": 0.3469015210866928, "feature": 0.48490291833877563, "loss_actionness": 0.1356756016612053, "loss_transition": 0.6647940576076508, "loss_boundary": 5.8072477258974686e-05, "cost": 2.4671688079833984}, "peak_gib": 10.225689888000488}
{"epoch": 23, "successful_updates": 2300, "losses": {"task": 0.29781050235033035, "support_attention": 0.26095880568027496, "support_pre_tia": 0.3015304505825043, "support_post_tia": 0.3023770749568939, "full_task": 0.28574004769325256, "self_feature": 0.7913841605186462, "feature": 0.9395486116409302, "loss_actionness": 0.1353960707783699, "loss_transition": 0.6291958689689636, "loss_boundary": 0.0012956230420968495, "cost": 2.1840155124664307}, "peak_gib": 10.225689888000488}
09/14 13:48:47 - mmengine - WARNING - "FileClient" will be deprecated in future. Please use io functions in https://mmengine.readthedocs.io/en/latest/api/fileio.html#file-io
09/14 13:48:47 - mmengine - WARNING - "FileClient" will be deprecated in future. Please use io functions in https://mmengine.readthedocs.io/en/latest/api/fileio.html#file-io
09/14 13:48:47 - mmengine - WARNING - "HardDiskBackend" is the alias of "LocalBackend" and the former will be deprecated in future.
09/14 13:48:47 - mmengine - WARNING - "HardDiskBackend" is the alias of "LocalBackend" and the former will be deprecated in future.
{"epoch": 24, "successful_updates": 2320, "losses": {"task": 0.8052689507603645, "support_attention": 0.07247010432183743, "support_pre_tia": 0.0831202995032072, "support_post_tia": 0.0835818499326706, "full_task": 0.8615728532895446, "self_feature": 0.3531831204891205, "feature": 0.4429497718811035, "loss_actionness": 0.11331220716238022, "loss_transition": 0.6576524078845978, "loss_boundary": 0.002425365033559501, "cost": 2.280655324459076}, "peak_gib": 10.225689888000488}
{"epoch": 24, "successful_updates": 2340, "losses": {"task": 0.03840898349881172, "support_attention": 0.2535857707262039, "support_pre_tia": 0.29366718232631683, "support_post_tia": 0.29492616653442383, "full_task": 0.042114244773983955, "self_feature": 0.3684553802013397, "feature": 0.5558374971151352, "loss_actionness": 0.15782057866454124, "loss_transition": 0.550875335931778, "loss_boundary": 3.085245225520339e-05, "cost": 1.3797770142555237}, "peak_gib": 10.225689888000488}
{"epoch": 24, "successful_updates": 2360, "losses": {"task": 0.5082614719867706, "support_attention": 0.2611796110868454, "support_pre_tia": 0.30238115787506104, "support_post_tia": 0.3027997314929962, "full_task": 0.35600583255290985, "self_feature": 0.5928120613098145, "feature": 0.7873920202255249, "loss_actionness": 0.16334564238786697, "loss_transition": 0.5353102833032608, "loss_boundary": 0.0018507053919165628, "cost": 2.1747018098831177}, "peak_gib": 10.225689888000488}
{"epoch": 24, "successful_updates": 2380, "losses": {"task": 0.4370122104883194, "support_attention": 0.0981069877743721, "support_pre_tia": 0.1205538734793663, "support_post_tia": 0.12127431482076645, "full_task": 0.45009367913007736, "self_feature": 0.5997495651245117, "feature": 0.7617082297801971, "loss_actionness": 0.12099536508321762, "loss_transition": 0.6759253144264221, "loss_boundary": 0.004286420065909624, "cost": 2.1845173239707947}, "peak_gib": 10.225831508636475}
{"epoch": 24, "successful_updates": 2400, "losses": {"task": 0.4194673150777817, "support_attention": 0.23445221036672592, "support_pre_tia": 0.2797476798295975, "support_post_tia": 0.280597060918808, "full_task": 0.39329320192337036, "self_feature": 0.2751941680908203, "feature": 0.41772253811359406, "loss_actionness": 0.2111315280199051, "loss_transition": 0.6567412614822388, "loss_boundary": 3.0852450436213985e-05, "cost": 1.8589534759521484}, "peak_gib": 10.225831508636475}
09/14 13:55:21 - mmengine - WARNING - "FileClient" will be deprecated in future. Please use io functions in https://mmengine.readthedocs.io/en/latest/api/fileio.html#file-io
09/14 13:55:21 - mmengine - WARNING - "FileClient" will be deprecated in future. Please use io functions in https://mmengine.readthedocs.io/en/latest/api/fileio.html#file-io
09/14 13:55:21 - mmengine - WARNING - "HardDiskBackend" is the alias of "LocalBackend" and the former will be deprecated in future.
09/14 13:55:21 - mmengine - WARNING - "HardDiskBackend" is the alias of "LocalBackend" and the former will be deprecated in future.
{"epoch": 25, "successful_updates": 2420, "losses": {"task": 0.7510490715503693, "support_attention": 0.2629038393497467, "support_pre_tia": 0.30969056487083435, "support_post_tia": 0.3098657578229904, "full_task": 0.6110415160655975, "self_feature": 0.8834375441074371, "feature": 1.0655851364135742, "loss_actionness": 0.18708419054746628, "loss_transition": 0.6652477979660034, "loss_boundary": 0.0030874276999384165, "cost": 2.944135546684265}, "peak_gib": 10.225831508636475}
{"epoch": 25, "successful_updates": 2440, "losses": {"task": 0.24762076139450073, "support_attention": 0.10529812797904015, "support_pre_tia": 0.13518939167261124, "support_post_tia": 0.13570105284452438, "full_task": 0.25459422171115875, "self_feature": 0.6159029006958008, "feature": 0.81831493973732, "loss_actionness": 0.13151108473539352, "loss_transition": 0.6546058356761932, "loss_boundary": 0.00208529073279351, "cost": 1.9929212927818298}, "peak_gib": 10.225831508636475}
{"epoch": 25, "successful_updates": 2460, "losses": {"task": 0.17520365864038467, "support_attention": 0.23691514879465103, "support_pre_tia": 0.2836318910121918, "support_post_tia": 0.2841973453760147, "full_task": 0.1588047593832016, "self_feature": 0.34321223199367523, "feature": 0.4995199739933014, "loss_actionness": 0.1286124587059021, "loss_transition": 0.6725719571113586, "loss_boundary": 3.085244861722458e-05, "cost": 1.5783528089523315}, "peak_gib": 10.225831508636475}
{"epoch": 25, "successful_updates": 2480, "losses": {"task": 0.15861792862415314, "support_attention": 0.2552819103002548, "support_pre_tia": 0.31631574034690857, "support_post_tia": 0.3169098496437073, "full_task": 0.12760931253433228, "self_feature": 0.6068720519542694, "feature": 0.7426504194736481, "loss_actionness": 0.14630640298128128, "loss_transition": 0.6280742287635803, "loss_boundary": 0.0008645091438665986, "cost": 1.8007643818855286}, "peak_gib": 10.225831508636475}
{"epoch": 25, "successful_updates": 2500, "losses": {"task": 0.4723171219229698, "support_attention": 0.10881227627396584, "support_pre_tia": 0.13447072356939316, "support_post_tia": 0.13552679121494293, "full_task": 0.4093063324689865, "self_feature": 0.5515088438987732, "feature": 0.686151385307312, "loss_actionness": 0.12068185210227966, "loss_transition": 0.66305011510849, "loss_boundary": 0.003238756558857858, "cost": 2.116416573524475}, "peak_gib": 10.225831508636475}
09/14 14:01:50 - mmengine - WARNING - "FileClient" will be deprecated in future. Please use io functions in https://mmengine.readthedocs.io/en/latest/api/fileio.html#file-io
09/14 14:01:50 - mmengine - WARNING - "FileClient" will be deprecated in future. Please use io functions in https://mmengine.readthedocs.io/en/latest/api/fileio.html#file-io
09/14 14:01:50 - mmengine - WARNING - "HardDiskBackend" is the alias of "LocalBackend" and the former will be deprecated in future.
09/14 14:01:50 - mmengine - WARNING - "HardDiskBackend" is the alias of "LocalBackend" and the former will be deprecated in future.
{"epoch": 26, "successful_updates": 2520, "losses": {"task": 0.3587210923433304, "support_attention": 0.257448747754097, "support_pre_tia": 0.3157419264316559, "support_post_tia": 0.3168640285730362, "full_task": 0.31358297169208527, "self_feature": 0.4242333769798279, "feature": 0.609343945980072, "loss_actionness": 0.17987042665481567, "loss_transition": 0.6273086071014404, "loss_boundary": 3.309033672849182e-05, "cost": 1.9277264475822449}, "peak_gib": 10.225831508636475}
{"epoch": 26, "successful_updates": 2540, "losses": {"task": 0.2220616340637207, "support_attention": 0.23103252798318863, "support_pre_tia": 0.27850329875946045, "support_post_tia": 0.2792694717645645, "full_task": 0.21094146370887756, "self_feature": 0.5580094158649445, "feature": 0.6507382392883301, "loss_actionness": 0.15499451011419296, "loss_transition": 0.6470634937286377, "loss_boundary": 0.0016086894902400672, "cost": 1.8128914833068848}, "peak_gib": 10.225831508636475}
{"epoch": 26, "successful_updates": 2560, "losses": {"task": 0.4948866404592991, "support_attention": 0.10429123789072037, "support_pre_tia": 0.1325896494090557, "support_post_tia": 0.1329420506954193, "full_task": 0.48882906883955, "self_feature": 0.5831887423992157, "feature": 0.7428330183029175, "loss_actionness": 0.0938965193927288, "loss_transition": 0.6635437309741974, "loss_boundary": 0.0027620422188192606, "cost": 2.19172465801239}, "peak_gib": 10.225831508636475}
{"epoch": 26, "successful_updates": 2580, "losses": {"task": 0.15327686071395874, "support_attention": 0.23619765043258667, "support_pre_tia": 0.2776091396808624, "support_post_tia": 0.2786363363265991, "full_task": 0.15156790614128113, "self_feature": 0.4749877601861954, "feature": 0.624978318810463, "loss_actionness": 0.1613328903913498, "loss_transition": 0.5280431061983109, "loss_boundary": 3.0852450436213985e-05, "cost": 1.5808650851249695}, "peak_gib": 10.225831508636475}
{"epoch": 26, "successful_updates": 2600, "losses": {"task": 0.09620992466807365, "support_attention": 0.26282432675361633, "support_pre_tia": 0.31526392698287964, "support_post_tia": 0.3158402144908905, "full_task": 0.09418221563100815, "self_feature": 0.7615029513835907, "feature": 0.9202615022659302, "loss_actionness": 0.12501820549368858, "loss_transition": 0.6599052250385284, "loss_boundary": 0.0027177755255252123, "cost": 1.9353637099266052}, "peak_gib": 10.226688861846924}
09/14 14:08:24 - mmengine - WARNING - "FileClient" will be deprecated in future. Please use io functions in https://mmengine.readthedocs.io/en/latest/api/fileio.html#file-io
09/14 14:08:24 - mmengine - WARNING - "FileClient" will be deprecated in future. Please use io functions in https://mmengine.readthedocs.io/en/latest/api/fileio.html#file-io
09/14 14:08:24 - mmengine - WARNING - "HardDiskBackend" is the alias of "LocalBackend" and the former will be deprecated in future.
09/14 14:08:24 - mmengine - WARNING - "HardDiskBackend" is the alias of "LocalBackend" and the former will be deprecated in future.
{"epoch": 27, "successful_updates": 2620, "losses": {"task": 0.5391035452485085, "support_attention": 0.10537632182240486, "support_pre_tia": 0.130163986235857, "support_post_tia": 0.13069459795951843, "full_task": 0.5294281244277954, "self_feature": 0.5614977329969406, "feature": 0.6886805891990662, "loss_actionness": 0.15179328620433807, "loss_transition": 0.6749770939350128, "loss_boundary": 0.0036947537446394563, "cost": 2.2597989439964294}, "peak_gib": 10.226688861846924}
{"epoch": 27, "successful_updates": 2640, "losses": {"task": 0.2926791962236166, "support_attention": 0.2239340916275978, "support_pre_tia": 0.2745657116174698, "support_post_tia": 0.27578161656856537, "full_task": 0.28764212131500244, "self_feature": 0.30028341710567474, "feature": 0.4081675857305527, "loss_actionness": 0.13412300124764442, "loss_transition": 0.6828743815422058, "loss_boundary": 3.085244861722458e-05, "cost": 1.6473312377929688}, "peak_gib": 10.226688861846924}
{"epoch": 27, "successful_updates": 2660, "losses": {"task": 1.1417086720466614, "support_attention": 0.2497674971818924, "support_pre_tia": 0.29019756615161896, "support_post_tia": 0.2904459983110428, "full_task": 0.9239606857299805, "self_feature": 0.8004679083824158, "feature": 1.0484073758125305, "loss_actionness": 0.20640406012535095, "loss_transition": 0.6718887388706207, "loss_boundary": 0.003531554713845253, "cost": 3.4120094776153564}, "peak_gib": 10.226688861846924}
{"epoch": 27, "successful_updates": 2680, "losses": {"task": 0.33516933023929596, "support_attention": 0.09685477986931801, "support_pre_tia": 0.1244727186858654, "support_post_tia": 0.12487821280956268, "full_task": 0.33562318980693817, "self_feature": 0.2817923966795206, "feature": 0.5321303009986877, "loss_actionness": 0.18006587028503418, "loss_transition": 0.6202550828456879, "loss_boundary": 0.0015218339685816318, "cost": 1.7936949133872986}, "peak_gib": 10.226688861846924}
{"epoch": 27, "successful_updates": 2700, "losses": {"task": 0.4751918986439705, "support_attention": 0.22775238752365112, "support_pre_tia": 0.27876289188861847, "support_post_tia": 0.28015950322151184, "full_task": 0.4124896004796028, "self_feature": 0.3039635568857193, "feature": 0.487583264708519, "loss_actionness": 0.15510322153568268, "loss_transition": 0.6579458117485046, "loss_boundary": 3.0852450436213985e-05, "cost": 1.937319815158844}, "peak_gib": 10.226688861846924}
09/14 14:14:52 - mmengine - WARNING - "FileClient" will be deprecated in future. Please use io functions in https://mmengine.readthedocs.io/en/latest/api/fileio.html#file-io
09/14 14:14:52 - mmengine - WARNING - "FileClient" will be deprecated in future. Please use io functions in https://mmengine.readthedocs.io/en/latest/api/fileio.html#file-io
09/14 14:14:52 - mmengine - WARNING - "HardDiskBackend" is the alias of "LocalBackend" and the former will be deprecated in future.
09/14 14:14:52 - mmengine - WARNING - "HardDiskBackend" is the alias of "LocalBackend" and the former will be deprecated in future.
{"epoch": 28, "successful_updates": 2720, "losses": {"task": 0.5042547285556793, "support_attention": 0.26595818996429443, "support_pre_tia": 0.3161214143037796, "support_post_tia": 0.31662921607494354, "full_task": 0.4395639970898628, "self_feature": 0.7593587636947632, "feature": 0.8897374272346497, "loss_actionness": 0.16152548789978027, "loss_transition": 0.6673839092254639, "loss_boundary": 0.003141667111776769, "cost": 2.4435077905654907}, "peak_gib": 10.227259635925293}
{"epoch": 28, "successful_updates": 2740, "losses": {"task": 0.09068870265036821, "support_attention": 0.09893656522035599, "support_pre_tia": 0.12600459903478622, "support_post_tia": 0.1263890452682972, "full_task": 0.07882868498563766, "self_feature": 0.44417573884129524, "feature": 0.7088198661804199, "loss_actionness": 0.12926488742232323, "loss_transition": 0.6204881072044373, "loss_boundary": 0.0019768192742048996, "cost": 1.6279828548431396}, "peak_gib": 10.227259635925293}
{"epoch": 28, "successful_updates": 2760, "losses": {"task": 0.17004941776394844, "support_attention": 0.2506099343299866, "support_pre_tia": 0.30096103250980377, "support_post_tia": 0.3004775494337082, "full_task": 0.17454389482736588, "self_feature": 0.4440818279981613, "feature": 0.716496616601944, "loss_actionness": 0.12442463263869286, "loss_transition": 0.6406688690185547, "loss_boundary": 3.085245225520339e-05, "cost": 1.7697864770889282}, "peak_gib": 10.227259635925293}
{"epoch": 28, "successful_updates": 2780, "losses": {"task": 0.3856026604771614, "support_attention": 0.2481377050280571, "support_pre_tia": 0.28195226192474365, "support_post_tia": 0.2830982804298401, "full_task": 0.36368856579065323, "self_feature": 0.4907120019197464, "feature": 0.6319027245044708, "loss_actionness": 0.1826535314321518, "loss_transition": 0.596328854560852, "loss_boundary": 0.0018208683795819525, "cost": 1.9665545225143433}, "peak_gib": 10.227259635925293}
{"epoch": 28, "successful_updates": 2800, "losses": {"task": 0.24833659827709198, "support_attention": 0.11272460967302322, "support_pre_tia": 0.14307759702205658, "support_post_tia": 0.14391449093818665, "full_task": 0.22831694781780243, "self_feature": 0.5933283567428589, "feature": 0.7335966229438782, "loss_actionness": 0.1609417386353016, "loss_transition": 0.6643342971801758, "loss_boundary": 0.0031829755753278732, "cost": 1.9411539435386658}, "peak_gib": 10.227259635925293}
09/14 14:21:28 - mmengine - WARNING - "FileClient" will be deprecated in future. Please use io functions in https://mmengine.readthedocs.io/en/latest/api/fileio.html#file-io
09/14 14:21:28 - mmengine - WARNING - "FileClient" will be deprecated in future. Please use io functions in https://mmengine.readthedocs.io/en/latest/api/fileio.html#file-io
09/14 14:21:28 - mmengine - WARNING - "HardDiskBackend" is the alias of "LocalBackend" and the former will be deprecated in future.
09/14 14:21:28 - mmengine - WARNING - "HardDiskBackend" is the alias of "LocalBackend" and the former will be deprecated in future.
{"epoch": 29, "successful_updates": 2820, "losses": {"task": 0.29800818860530853, "support_attention": 0.23739662766456604, "support_pre_tia": 0.286745086312294, "support_post_tia": 0.2877199649810791, "full_task": 0.29173993319272995, "self_feature": 0.28037773072719574, "feature": 0.43290014564991, "loss_actionness": 0.15207260102033615, "loss_transition": 0.6426221430301666, "loss_boundary": 3.0852450436213985e-05, "cost": 1.655329942703247}, "peak_gib": 10.227259635925293}
{"epoch": 29, "successful_updates": 2840, "losses": {"task": 0.17508879117667675, "support_attention": 0.2634302079677582, "support_pre_tia": 0.3202911466360092, "support_post_tia": 0.3212229460477829, "full_task": 0.18520834017544985, "self_feature": 0.7505727410316467, "feature": 0.9208601117134094, "loss_actionness": 0.13146179914474487, "loss_transition": 0.646276593208313, "loss_boundary": 0.001602423406438902, "cost": 2.0287248492240906}, "peak_gib": 10.227259635925293}
{"epoch": 29, "successful_updates": 2860, "losses": {"task": 0.8496222496032715, "support_attention": 0.1067262664437294, "support_pre_tia": 0.12954220920801163, "support_post_tia": 0.12980947270989418, "full_task": 0.7132354974746704, "self_feature": 0.5868267118930817, "feature": 0.7527240812778473, "loss_actionness": 0.19072934985160828, "loss_transition": 0.6666849553585052, "loss_boundary": 0.0033140929881483316, "cost": 2.71303391456604}, "peak_gib": 10.227259635925293}
{"epoch": 29, "successful_updates": 2880, "losses": {"task": 0.3242092952132225, "support_attention": 0.24364039301872253, "support_pre_tia": 0.2970521152019501, "support_post_tia": 0.29748785495758057, "full_task": 0.3126678243279457, "self_feature": 0.38033029437065125, "feature": 0.6200233995914459, "loss_actionness": 0.1423448994755745, "loss_transition": 0.6580110788345337, "loss_boundary": 3.108492091996595e-05, "cost": 1.89054673910141}, "peak_gib": 10.227259635925293}
{"epoch": 29, "successful_updates": 2900, "losses": {"task": 1.046513307839632, "support_attention": 0.2630888819694519, "support_pre_tia": 0.3084980398416519, "support_post_tia": 0.30895864963531494, "full_task": 1.0119823962450027, "self_feature": 0.7992176115512848, "feature": 0.8909879624843597, "loss_actionness": 0.16903039813041687, "loss_transition": 0.6624886095523834, "loss_boundary": 0.0030254635494202375, "cost": 3.135835886001587}, "peak_gib": 10.227259635925293}
09/14 14:27:58 - mmengine - WARNING - "FileClient" will be deprecated in future. Please use io functions in https://mmengine.readthedocs.io/en/latest/api/fileio.html#file-io
09/14 14:27:58 - mmengine - WARNING - "FileClient" will be deprecated in future. Please use io functions in https://mmengine.readthedocs.io/en/latest/api/fileio.html#file-io
09/14 14:27:58 - mmengine - WARNING - "HardDiskBackend" is the alias of "LocalBackend" and the former will be deprecated in future.
09/14 14:27:58 - mmengine - WARNING - "HardDiskBackend" is the alias of "LocalBackend" and the former will be deprecated in future.
{"epoch": 30, "successful_updates": 2920, "losses": {"task": 0.15675309300422668, "support_attention": 0.11123495921492577, "support_pre_tia": 0.14134346693754196, "support_post_tia": 0.14198733866214752, "full_task": 0.17307059466838837, "self_feature": 0.6431486904621124, "feature": 0.7822848558425903, "loss_actionness": 0.1605469360947609, "loss_transition": 0.6576721966266632, "loss_boundary": 0.0028664477868005633, "cost": 1.8818725943565369}, "peak_gib": 10.227259635925293}
{"epoch": 30, "successful_updates": 2940, "losses": {"task": 0.26055146753787994, "support_attention": 0.2557859644293785, "support_pre_tia": 0.310383141040802, "support_post_tia": 0.31002742052078247, "full_task": 0.28901518881320953, "self_feature": 0.45482128858566284, "feature": 0.7318284213542938, "loss_actionness": 0.11596528440713882, "loss_transition": 0.6541330218315125, "loss_boundary": 5.603097997664008e-05, "cost": 1.91129070520401}, "peak_gib": 10.227259635925293}
{"epoch": 30, "successful_updates": 2960, "losses": {"task": 0.4365772604942322, "support_attention": 0.25012728571891785, "support_pre_tia": 0.2931288927793503, "support_post_tia": 0.29200440645217896, "full_task": 0.37267252802848816, "self_feature": 0.7735055685043335, "feature": 0.9431413114070892, "loss_actionness": 0.16851507872343063, "loss_transition": 0.6565773785114288, "loss_boundary": 0.0025809004437178373, "cost": 2.4071673154830933}, "peak_gib": 10.227259635925293}
{"epoch": 30, "successful_updates": 2980, "losses": {"task": 0.19053568691015244, "support_attention": 0.09779121354222298, "support_pre_tia": 0.1252744011580944, "support_post_tia": 0.1259375773370266, "full_task": 0.20571549981832504, "self_feature": 0.5256179422140121, "feature": 0.7110668122768402, "loss_actionness": 0.15860849246382713, "loss_transition": 0.6517277359962463, "loss_boundary": 0.002302029861311894, "cost": 1.8307920694351196}, "peak_gib": 10.227259635925293}
{"epoch": 30, "successful_updates": 3000, "losses": {"task": 0.400286715477705, "support_attention": 0.24121491611003876, "support_pre_tia": 0.28757573664188385, "support_post_tia": 0.2885071039199829, "full_task": 0.40586882270872593, "self_feature": 0.41775956749916077, "feature": 0.5849483907222748, "loss_actionness": 0.12468115240335464, "loss_transition": 0.5926094949245453, "loss_boundary": 8.750413144298363e-05, "cost": 1.8746604323387146}, "peak_gib": 10.227259635925293}
09/14 14:34:34 - mmengine - WARNING - "FileClient" will be deprecated in future. Please use io functions in https://mmengine.readthedocs.io/en/latest/api/fileio.html#file-io
09/14 14:34:34 - mmengine - WARNING - "FileClient" will be deprecated in future. Please use io functions in https://mmengine.readthedocs.io/en/latest/api/fileio.html#file-io
09/14 14:34:34 - mmengine - WARNING - "HardDiskBackend" is the alias of "LocalBackend" and the former will be deprecated in future.
09/14 14:34:34 - mmengine - WARNING - "HardDiskBackend" is the alias of "LocalBackend" and the former will be deprecated in future.
{"epoch": 31, "successful_updates": 3020, "losses": {"task": 0.5506252944469452, "support_attention": 0.2342473343014717, "support_pre_tia": 0.2877291887998581, "support_post_tia": 0.2890954613685608, "full_task": 0.44708867371082306, "self_feature": 0.48358891904354095, "feature": 0.5765959918498993, "loss_actionness": 0.10377084463834763, "loss_transition": 0.6891984343528748, "loss_boundary": 0.004947633948177099, "cost": 2.1141104698181152}, "peak_gib": 10.227259635925293}
{"epoch": 31, "successful_updates": 3040, "losses": {"task": 0.349266454577446, "support_attention": 0.10310116782784462, "support_pre_tia": 0.13244995847344398, "support_post_tia": 0.13297419250011444, "full_task": 0.3538675606250763, "self_feature": 0.4173835404217243, "feature": 0.7082497924566269, "loss_actionness": 0.14347121864557266, "loss_transition": 0.608625203371048, "loss_boundary": 0.001478528167353943, "cost": 1.9545676112174988}, "peak_gib": 10.227259635925293}
{"epoch": 31, "successful_updates": 3060, "losses": {"task": 0.32574276626110077, "support_attention": 0.2681351900100708, "support_pre_tia": 0.31790193915367126, "support_post_tia": 0.318842276930809, "full_task": 0.31400299072265625, "self_feature": 0.40537117421627045, "feature": 0.6436371803283691, "loss_actionness": 0.14466923475265503, "loss_transition": 0.6663977205753326, "loss_boundary": 3.0852450436213985e-05, "cost": 1.9313528537750244}, "peak_gib": 10.227259635925293}
{"epoch": 31, "successful_updates": 3080, "losses": {"task": 0.16903936117887497, "support_attention": 0.2608780413866043, "support_pre_tia": 0.3193894326686859, "support_post_tia": 0.31999506056308746, "full_task": 0.12136876210570335, "self_feature": 0.7539664208889008, "feature": 0.8625873625278473, "loss_actionness": 0.15415965765714645, "loss_transition": 0.676298588514328, "loss_boundary": 0.0038659884594380856, "cost": 2.0036590099334717}, "peak_gib": 10.227259635925293}
{"epoch": 31, "successful_updates": 3100, "losses": {"task": 0.15243873000144958, "support_attention": 0.09959463030099869, "support_pre_tia": 0.1273333542048931, "support_post_tia": 0.12846534699201584, "full_task": 0.1534976288676262, "self_feature": 0.052973086945712566, "feature": 0.39241574704647064, "loss_actionness": 0.14285391196608543, "loss_transition": 0.48776988685131073, "loss_boundary": 3.0852450436213985e-05, "cost": 1.2319707870483398}, "peak_gib": 10.227259635925293}
09/14 14:41:08 - mmengine - WARNING - "FileClient" will be deprecated in future. Please use io functions in https://mmengine.readthedocs.io/en/latest/api/fileio.html#file-io
09/14 14:41:08 - mmengine - WARNING - "FileClient" will be deprecated in future. Please use io functions in https://mmengine.readthedocs.io/en/latest/api/fileio.html#file-io
09/14 14:41:08 - mmengine - WARNING - "HardDiskBackend" is the alias of "LocalBackend" and the former will be deprecated in future.
09/14 14:41:08 - mmengine - WARNING - "HardDiskBackend" is the alias of "LocalBackend" and the former will be deprecated in future.
{"epoch": 32, "successful_updates": 3120, "losses": {"task": 0.06985953077673912, "support_attention": 0.25411657243967056, "support_pre_tia": 0.3093801587820053, "support_post_tia": 0.30941709876060486, "full_task": 0.07313269376754761, "self_feature": 0.40198948979377747, "feature": 0.6475255191326141, "loss_actionness": 0.11547098681330681, "loss_transition": 0.644146591424942, "loss_boundary": 3.085244861722458e-05, "cost": 1.5664554834365845}, "peak_gib": 10.227259635925293}
{"epoch": 32, "successful_updates": 3140, "losses": {"task": 0.1640540286898613, "support_attention": 0.25923705101013184, "support_pre_tia": 0.3061415106058121, "support_post_tia": 0.3066667467355728, "full_task": 0.1491048000752926, "self_feature": 0.7306303083896637, "feature": 0.859984815120697, "loss_actionness": 0.13350309431552887, "loss_transition": 0.6396473050117493, "loss_boundary": 0.0014972815988585353, "cost": 1.9396661520004272}, "peak_gib": 10.227259635925293}
{"epoch": 32, "successful_updates": 3160, "losses": {"task": 0.15617814287543297, "support_attention": 0.10406285151839256, "support_pre_tia": 0.12919044494628906, "support_post_tia": 0.13003192842006683, "full_task": 0.1665872409939766, "self_feature": 0.2924805171787739, "feature": 0.521472617983818, "loss_actionness": 0.12666185200214386, "loss_transition": 0.606853187084198, "loss_boundary": 0.0009039021406351821, "cost": 1.4959257245063782}, "peak_gib": 10.227259635925293}
{"epoch": 32, "successful_updates": 3180, "losses": {"task": 0.2742299884557724, "support_attention": 0.2685302048921585, "support_pre_tia": 0.3149714916944504, "support_post_tia": 0.31528128683567047, "full_task": 0.2457650899887085, "self_feature": 0.44359172880649567, "feature": 0.6412564218044281, "loss_actionness": 0.17416397854685783, "loss_transition": 0.5325631201267242, "loss_boundary": 3.0852450436213985e-05, "cost": 1.7595574855804443}, "peak_gib": 10.227259635925293}
{"epoch": 32, "successful_updates": 3200, "losses": {"task": 0.2380138337612152, "support_attention": 0.2625352740287781, "support_pre_tia": 0.3178032636642456, "support_post_tia": 0.3176850825548172, "full_task": 0.180602565407753, "self_feature": 0.7803612351417542, "feature": 0.9702381491661072, "loss_actionness": 0.12157300859689713, "loss_transition": 0.6580413579940796, "loss_boundary": 0.0026806487003341317, "cost": 2.1455082297325134}, "peak_gib": 10.227259635925293}
09/14 14:47:48 - mmengine - WARNING - "FileClient" will be deprecated in future. Please use io functions in https://mmengine.readthedocs.io/en/latest/api/fileio.html#file-io
09/14 14:47:48 - mmengine - WARNING - "FileClient" will be deprecated in future. Please use io functions in https://mmengine.readthedocs.io/en/latest/api/fileio.html#file-io
09/14 14:47:48 - mmengine - WARNING - "HardDiskBackend" is the alias of "LocalBackend" and the former will be deprecated in future.
09/14 14:47:48 - mmengine - WARNING - "HardDiskBackend" is the alias of "LocalBackend" and the former will be deprecated in future.
{"epoch": 33, "successful_updates": 3220, "losses": {"task": 0.16459844261407852, "support_attention": 0.10943417996168137, "support_pre_tia": 0.13750719279050827, "support_post_tia": 0.13812906295061111, "full_task": 0.15626076608896255, "self_feature": 0.32219749689102173, "feature": 0.4964861422777176, "loss_actionness": 0.15207595378160477, "loss_transition": 0.5787141770124435, "loss_boundary": 0.0015820656262803823, "cost": 1.4785236120224}, "peak_gib": 10.227259635925293}
{"epoch": 33, "successful_updates": 3240, "losses": {"task": 0.037584105506539345, "support_attention": 0.2505970299243927, "support_pre_tia": 0.305058553814888, "support_post_tia": 0.3053005635738373, "full_task": 0.04040347784757614, "self_feature": 0.3694056421518326, "feature": 0.5660296231508255, "loss_actionness": 0.13367772102355957, "loss_transition": 0.6693250238895416, "loss_boundary": 3.085244679823518e-05, "cost": 1.4842067956924438}, "peak_gib": 10.227259635925293}
{"epoch": 33, "successful_updates": 3260, "losses": {"task": 0.08875276893377304, "support_attention": 0.24442633986473083, "support_pre_tia": 0.2901447117328644, "support_post_tia": 0.29184767603874207, "full_task": 0.06865592487156391, "self_feature": 0.5204441398382187, "feature": 0.6170694679021835, "loss_actionness": 0.1354699209332466, "loss_transition": 0.6594254076480865, "loss_boundary": 0.0026806879322975874, "cost": 1.6017062664031982}, "peak_gib": 10.227978706359863}
{"epoch": 33, "successful_updates": 3280, "losses": {"task": 0.1584630273282528, "support_attention": 0.09506744891405106, "support_pre_tia": 0.11307315155863762, "support_post_tia": 0.11403949931263924, "full_task": 0.14230214059352875, "self_feature": 0.23095247521996498, "feature": 0.42519523203372955, "loss_actionness": 0.15153510123491287, "loss_transition": 0.630505234003067, "loss_boundary": 0.0013238840328995138, "cost": 1.4370489120483398}, "peak_gib": 10.227978706359863}
{"epoch": 33, "successful_updates": 3300, "losses": {"task": 0.4606637582182884, "support_attention": 0.2570342719554901, "support_pre_tia": 0.3028274327516556, "support_post_tia": 0.30360352993011475, "full_task": 0.4153149276971817, "self_feature": 0.3294699043035507, "feature": 0.5621835887432098, "loss_actionness": 0.15048964321613312, "loss_transition": 0.6655092537403107, "loss_boundary": 3.085245407419279e-05, "cost": 2.0059743523597717}, "peak_gib": 10.227978706359863}
09/14 14:54:19 - mmengine - WARNING - "FileClient" will be deprecated in future. Please use io functions in https://mmengine.readthedocs.io/en/latest/api/fileio.html#file-io
09/14 14:54:19 - mmengine - WARNING - "FileClient" will be deprecated in future. Please use io functions in https://mmengine.readthedocs.io/en/latest/api/fileio.html#file-io
09/14 14:54:19 - mmengine - WARNING - "HardDiskBackend" is the alias of "LocalBackend" and the former will be deprecated in future.
09/14 14:54:19 - mmengine - WARNING - "HardDiskBackend" is the alias of "LocalBackend" and the former will be deprecated in future.
{"epoch": 34, "successful_updates": 3320, "losses": {"task": 1.8676515817642212, "support_attention": 0.24038062989711761, "support_pre_tia": 0.2823079973459244, "support_post_tia": 0.283641517162323, "full_task": 1.442969024181366, "self_feature": 0.8183636367321014, "feature": 1.0369259119033813, "loss_actionness": 0.15822381153702736, "loss_transition": 0.6700926423072815, "loss_boundary": 0.003518484882079065, "cost": 4.207288384437561}, "peak_gib": 10.227978706359863}
{"epoch": 34, "successful_updates": 3340, "losses": {"task": 0.5572271943092346, "support_attention": 0.1133396364748478, "support_pre_tia": 0.13892007619142532, "support_post_tia": 0.13947005569934845, "full_task": 0.5601586252450943, "self_feature": 0.5951540470123291, "feature": 0.7660596072673798, "loss_actionness": 0.13858232647180557, "loss_transition": 0.667884349822998, "loss_boundary": 0.0031179969664663076, "cost": 2.346346139907837}, "peak_gib": 10.227978706359863}
{"epoch": 34, "successful_updates": 3360, "losses": {"task": 0.13405339792370796, "support_attention": 0.2468140870332718, "support_pre_tia": 0.3013521730899811, "support_post_tia": 0.302353173494339, "full_task": 0.12751194089651108, "self_feature": 0.3289937376976013, "feature": 0.522904172539711, "loss_actionness": 0.1279783993959427, "loss_transition": 0.6167121231555939, "loss_boundary": 7.168249067035504e-05, "cost": 1.4966824650764465}, "peak_gib": 10.227978706359863}
{"epoch": 34, "successful_updates": 3380, "losses": {"task": 0.10657935962080956, "support_attention": 0.24279096722602844, "support_pre_tia": 0.28435829281806946, "support_post_tia": 0.28570109605789185, "full_task": 0.07992501370608807, "self_feature": 0.35199742019176483, "feature": 0.532860517501831, "loss_actionness": 0.20440976321697235, "loss_transition": 0.5154377520084381, "loss_boundary": 3.085245225520339e-05, "cost": 1.4430022239685059}, "peak_gib": 10.227978706359863}
{"epoch": 34, "successful_updates": 3400, "losses": {"task": 0.4591780751943588, "support_attention": 0.10118157416582108, "support_pre_tia": 0.13238033652305603, "support_post_tia": 0.13324777781963348, "full_task": 0.42050401866436005, "self_feature": 0.5723026394844055, "feature": 0.7558011710643768, "loss_actionness": 0.11187903210520744, "loss_transition": 0.634855329990387, "loss_boundary": 0.0014551872736774385, "cost": 2.138806462287903}, "peak_gib": 10.227978706359863}
09/14 15:00:54 - mmengine - WARNING - "FileClient" will be deprecated in future. Please use io functions in https://mmengine.readthedocs.io/en/latest/api/fileio.html#file-io
09/14 15:00:54 - mmengine - WARNING - "FileClient" will be deprecated in future. Please use io functions in https://mmengine.readthedocs.io/en/latest/api/fileio.html#file-io
09/14 15:00:54 - mmengine - WARNING - "HardDiskBackend" is the alias of "LocalBackend" and the former will be deprecated in future.
09/14 15:00:54 - mmengine - WARNING - "HardDiskBackend" is the alias of "LocalBackend" and the former will be deprecated in future.
{"epoch": 35, "successful_updates": 3420, "losses": {"task": 0.30159348249435425, "support_attention": 0.24742837995290756, "support_pre_tia": 0.3000960946083069, "support_post_tia": 0.30092863738536835, "full_task": 0.2750288397073746, "self_feature": 0.35633161664009094, "feature": 0.5653243362903595, "loss_actionness": 0.20359306037425995, "loss_transition": 0.6205976009368896, "loss_boundary": 4.163392986811232e-05, "cost": 1.8255917429924011}, "peak_gib": 10.227978706359863}
{"epoch": 35, "successful_updates": 3440, "losses": {"task": 0.06186646781861782, "support_attention": 0.24315601587295532, "support_pre_tia": 0.2932935059070587, "support_post_tia": 0.2939794808626175, "full_task": 0.07315121591091156, "self_feature": 0.6313988119363785, "feature": 0.7871763110160828, "loss_actionness": 0.12676334381103516, "loss_transition": 0.603959709405899, "loss_boundary": 0.0012246014393895166, "cost": 1.6917818188667297}, "peak_gib": 10.227978706359863}
{"epoch": 35, "successful_updates": 3460, "losses": {"task": 0.29464468359947205, "support_attention": 0.09330296888947487, "support_pre_tia": 0.11067381501197815, "support_post_tia": 0.11168371513485909, "full_task": 0.27112971246242523, "self_feature": 0.268090195953846, "feature": 0.375979021191597, "loss_actionness": 0.23136833310127258, "loss_transition": 0.6622785031795502, "loss_boundary": 0.0027291016886010766, "cost": 1.6727089881896973}, "peak_gib": 10.227978706359863}
{"epoch": 35, "successful_updates": 3480, "losses": {"task": 0.6480305604636669, "support_attention": 0.24162092804908752, "support_pre_tia": 0.27783357352018356, "support_post_tia": 0.27789611369371414, "full_task": 0.68276621773839, "self_feature": 0.33601079881191254, "feature": 0.5274990648031235, "loss_actionness": 0.23450735956430435, "loss_transition": 0.6263117790222168, "loss_boundary": 0.00016140725529112387, "cost": 2.2685892581939697}, "peak_gib": 10.227978706359863}
{"epoch": 35, "successful_updates": 3500, "losses": {"task": 0.7223680317401886, "support_attention": 0.25319699943065643, "support_pre_tia": 0.2984732985496521, "support_post_tia": 0.2979772388935089, "full_task": 0.6178414672613144, "self_feature": 0.6308456361293793, "feature": 0.7889741957187653, "loss_actionness": 0.15183380618691444, "loss_transition": 0.6679467260837555, "loss_boundary": 0.003424069029279053, "cost": 2.581914246082306}, "peak_gib": 10.227978706359863}
09/14 15:07:35 - mmengine - WARNING - "FileClient" will be deprecated in future. Please use io functions in https://mmengine.readthedocs.io/en/latest/api/fileio.html#file-io
09/14 15:07:35 - mmengine - WARNING - "FileClient" will be deprecated in future. Please use io functions in https://mmengine.readthedocs.io/en/latest/api/fileio.html#file-io
09/14 15:07:35 - mmengine - WARNING - "HardDiskBackend" is the alias of "LocalBackend" and the former will be deprecated in future.
09/14 15:07:35 - mmengine - WARNING - "HardDiskBackend" is the alias of "LocalBackend" and the former will be deprecated in future.
{"epoch": 36, "successful_updates": 3520, "losses": {"task": 0.5323279649019241, "support_attention": 0.10001811757683754, "support_pre_tia": 0.12408957630395889, "support_post_tia": 0.12488698214292526, "full_task": 0.49156980589032173, "self_feature": 0.5303890407085419, "feature": 0.7073302268981934, "loss_actionness": 0.15148473531007767, "loss_transition": 0.6472836434841156, "loss_boundary": 0.0019354861869942397, "cost": 2.2287423610687256}, "peak_gib": 10.227978706359863}
{"epoch": 36, "successful_updates": 3540, "losses": {"task": 0.16109606623649597, "support_attention": 0.26375655829906464, "support_pre_tia": 0.31693071126937866, "support_post_tia": 0.3177720010280609, "full_task": 0.14437105506658554, "self_feature": 0.39735838770866394, "feature": 0.6634958982467651, "loss_actionness": 0.151237353682518, "loss_transition": 0.6833929419517517, "loss_boundary": 3.0852450436213985e-05, "cost": 1.7668168544769287}, "peak_gib": 10.227978706359863}
{"epoch": 36, "successful_updates": 3560, "losses": {"task": 0.11144385859370232, "support_attention": 0.2572614997625351, "support_pre_tia": 0.31520460546016693, "support_post_tia": 0.3153841197490692, "full_task": 0.08605163358151913, "self_feature": 0.5230589210987091, "feature": 0.6879248321056366, "loss_actionness": 0.11580520495772362, "loss_transition": 0.6105366349220276, "loss_boundary": 0.0011402276868466288, "cost": 1.632198989391327}, "peak_gib": 10.227978706359863}
{"epoch": 36, "successful_updates": 3580, "losses": {"task": 0.23968364670872688, "support_attention": 0.10050681605935097, "support_pre_tia": 0.12569596990942955, "support_post_tia": 0.12666655704379082, "full_task": 0.2202378213405609, "self_feature": 0.5546225309371948, "feature": 0.7074912190437317, "loss_actionness": 0.11799348145723343, "loss_transition": 0.6581805348396301, "loss_boundary": 0.002193588006775826, "cost": 1.8486823439598083}, "peak_gib": 10.227978706359863}
{"epoch": 36, "successful_updates": 3600, "losses": {"task": 0.07645570114254951, "support_attention": 0.2517942041158676, "support_pre_tia": 0.30119073390960693, "support_post_tia": 0.30116236209869385, "full_task": 0.07701454311609268, "self_feature": 0.45776259899139404, "feature": 0.6927012801170349, "loss_actionness": 0.12195312604308128, "loss_transition": 0.6544826626777649, "loss_boundary": 4.7719033318571746e-05, "cost": 1.6407880187034607}, "peak_gib": 10.227978706359863}
09/14 15:14:08 - mmengine - WARNING - "FileClient" will be deprecated in future. Please use io functions in https://mmengine.readthedocs.io/en/latest/api/fileio.html#file-io
09/14 15:14:08 - mmengine - WARNING - "FileClient" will be deprecated in future. Please use io functions in https://mmengine.readthedocs.io/en/latest/api/fileio.html#file-io
09/14 15:14:08 - mmengine - WARNING - "HardDiskBackend" is the alias of "LocalBackend" and the former will be deprecated in future.
09/14 15:14:08 - mmengine - WARNING - "HardDiskBackend" is the alias of "LocalBackend" and the former will be deprecated in future.
{"epoch": 37, "successful_updates": 3620, "losses": {"task": 0.6118825972080231, "support_attention": 0.2723531126976013, "support_pre_tia": 0.31867632269859314, "support_post_tia": 0.31942635774612427, "full_task": 0.48092126101255417, "self_feature": 0.6179592907428741, "feature": 0.7700114846229553, "loss_actionness": 0.09750881046056747, "loss_transition": 0.5494271963834763, "loss_boundary": 0.0020615964040189283, "cost": 2.2448230385780334}, "peak_gib": 10.227978706359863}
{"epoch": 37, "successful_updates": 3640, "losses": {"task": 0.08300946652889252, "support_attention": 0.09691288694739342, "support_pre_tia": 0.1198701485991478, "support_post_tia": 0.12042345851659775, "full_task": 0.0836433582007885, "self_feature": 0.5060081332921982, "feature": 0.6635288596153259, "loss_actionness": 0.1336149051785469, "loss_transition": 0.6489455103874207, "loss_boundary": 0.0014789442939218134, "cost": 1.6141039729118347}, "peak_gib": 10.227978706359863}
{"epoch": 37, "successful_updates": 3660, "losses": {"task": 0.07970739528536797, "support_attention": 0.23035380244255066, "support_pre_tia": 0.27792075276374817, "support_post_tia": 0.27873675525188446, "full_task": 0.07521192729473114, "self_feature": 0.2977696433663368, "feature": 0.48194916546344757, "loss_actionness": 0.10571926832199097, "loss_transition": 0.6454769968986511, "loss_boundary": 3.085244679823518e-05, "cost": 1.389296531677246}, "peak_gib": 10.227978706359863}
{"epoch": 37, "successful_updates": 3680, "losses": {"task": 0.7180584669113159, "support_attention": 0.2537098452448845, "support_pre_tia": 0.3112167418003082, "support_post_tia": 0.3123966455459595, "full_task": 0.5641118586063385, "self_feature": 0.6831541657447815, "feature": 0.8560115993022919, "loss_actionness": 0.14653992280364037, "loss_transition": 0.6717236936092377, "loss_boundary": 0.004055376164615154, "cost": 2.6369130611419678}, "peak_gib": 10.227978706359863}
{"epoch": 37, "successful_updates": 3700, "losses": {"task": 0.2808879315853119, "support_attention": 0.09882702678442001, "support_pre_tia": 0.12298809736967087, "support_post_tia": 0.12378470227122307, "full_task": 0.2371813952922821, "self_feature": 0.5161639451980591, "feature": 0.6619915068149567, "loss_actionness": 0.12662050873041153, "loss_transition": 0.6567148566246033, "loss_boundary": 0.002417848212644458, "cost": 1.851883053779602}, "peak_gib": 10.227978706359863}
09/14 15:20:36 - mmengine - WARNING - "FileClient" will be deprecated in future. Please use io functions in https://mmengine.readthedocs.io/en/latest/api/fileio.html#file-io
09/14 15:20:36 - mmengine - WARNING - "FileClient" will be deprecated in future. Please use io functions in https://mmengine.readthedocs.io/en/latest/api/fileio.html#file-io
09/14 15:20:36 - mmengine - WARNING - "HardDiskBackend" is the alias of "LocalBackend" and the former will be deprecated in future.
09/14 15:20:36 - mmengine - WARNING - "HardDiskBackend" is the alias of "LocalBackend" and the former will be deprecated in future.
{"epoch": 38, "successful_updates": 3720, "losses": {"task": 0.05056046135723591, "support_attention": 0.2345101460814476, "support_pre_tia": 0.28722643852233887, "support_post_tia": 0.28856608271598816, "full_task": 0.04568134434521198, "self_feature": 0.2657327428460121, "feature": 0.43291211128234863, "loss_actionness": 0.15670007094740868, "loss_transition": 0.5812932252883911, "loss_boundary": 3.0852450436213985e-05, "cost": 1.2882800102233887}, "peak_gib": 10.227978706359863}
{"epoch": 38, "successful_updates": 3740, "losses": {"task": 0.7438977360725403, "support_attention": 0.27399633824825287, "support_pre_tia": 0.3239399492740631, "support_post_tia": 0.32475656270980835, "full_task": 0.7400159984827042, "self_feature": 0.6520575284957886, "feature": 0.7938131988048553, "loss_actionness": 0.1369626559317112, "loss_transition": 0.6294333636760712, "loss_boundary": 0.0017749930957506876, "cost": 2.5885266065597534}, "peak_gib": 10.227978706359863}
{"epoch": 38, "successful_updates": 3760, "losses": {"task": 0.13238056004047394, "support_attention": 0.11289198696613312, "support_pre_tia": 0.14413535594940186, "support_post_tia": 0.14486504346132278, "full_task": 0.11222132295370102, "self_feature": 0.6262530088424683, "feature": 0.788655549287796, "loss_actionness": 0.16082631051540375, "loss_transition": 0.6391259729862213, "loss_boundary": 0.0020058348891325295, "cost": 1.8281248211860657}, "peak_gib": 10.227978706359863}
{"epoch": 38, "successful_updates": 3780, "losses": {"task": 0.34622426331043243, "support_attention": 0.2425859495997429, "support_pre_tia": 0.29095906019210815, "support_post_tia": 0.2917637974023819, "full_task": 0.33272726833820343, "self_feature": 0.3369252532720566, "feature": 0.5205659568309784, "loss_actionness": 0.12033213302493095, "loss_transition": 0.6403565108776093, "loss_boundary": 3.085245225520339e-05, "cost": 1.7735202312469482}, "peak_gib": 10.227978706359863}
{"epoch": 38, "successful_updates": 3800, "losses": {"task": 0.25158657878637314, "support_attention": 0.24246621131896973, "support_pre_tia": 0.2866673767566681, "support_post_tia": 0.28788258135318756, "full_task": 0.2612963318824768, "self_feature": 0.4408642053604126, "feature": 0.5266482532024384, "loss_actionness": 0.20464535057544708, "loss_transition": 0.6462416350841522, "loss_boundary": 0.0048014032654464245, "cost": 1.7720612287521362}, "peak_gib": 10.229270935058594}
09/14 15:27:05 - mmengine - WARNING - "FileClient" will be deprecated in future. Please use io functions in https://mmengine.readthedocs.io/en/latest/api/fileio.html#file-io
09/14 15:27:05 - mmengine - WARNING - "FileClient" will be deprecated in future. Please use io functions in https://mmengine.readthedocs.io/en/latest/api/fileio.html#file-io
09/14 15:27:05 - mmengine - WARNING - "HardDiskBackend" is the alias of "LocalBackend" and the former will be deprecated in future.
09/14 15:27:05 - mmengine - WARNING - "HardDiskBackend" is the alias of "LocalBackend" and the former will be deprecated in future.
{"epoch": 39, "successful_updates": 3820, "losses": {"task": 0.5714319199323654, "support_attention": 0.11077209562063217, "support_pre_tia": 0.13797581940889359, "support_post_tia": 0.13866330683231354, "full_task": 0.5090944617986679, "self_feature": 0.6784824728965759, "feature": 0.8468562960624695, "loss_actionness": 0.15473544597625732, "loss_transition": 0.6716027557849884, "loss_boundary": 0.003002180950716138, "cost": 2.4565823078155518}, "peak_gib": 10.229270935058594}
{"epoch": 39, "successful_updates": 3840, "losses": {"task": 0.08779515326023102, "support_attention": 0.2364213839173317, "support_pre_tia": 0.28313232958316803, "support_post_tia": 0.28424374759197235, "full_task": 0.11148060113191605, "self_feature": 0.2979840114712715, "feature": 0.4494306296110153, "loss_actionness": 0.15397744625806808, "loss_transition": 0.6295264363288879, "loss_boundary": 3.085245407419279e-05, "cost": 1.4067979454994202}, "peak_gib": 10.229270935058594}
{"epoch": 39, "successful_updates": 3860, "losses": {"task": 0.24943484365940094, "support_attention": 0.24385122954845428, "support_pre_tia": 0.28858673572540283, "support_post_tia": 0.2895567715167999, "full_task": 0.19004150480031967, "self_feature": 0.45413318276405334, "feature": 0.6177819669246674, "loss_actionness": 0.14912036806344986, "loss_transition": 0.6127328276634216, "loss_boundary": 0.00017811385259847157, "cost": 1.751079022884369}, "peak_gib": 10.229270935058594}
{"epoch": 39, "successful_updates": 3880, "losses": {"task": 1.0566198825836182, "support_attention": 0.10313742980360985, "support_pre_tia": 0.12415135651826859, "support_post_tia": 0.12539925426244736, "full_task": 1.1062066853046417, "self_feature": 0.4936048239469528, "feature": 0.6126406192779541, "loss_actionness": 0.21794860064983368, "loss_transition": 0.6682925522327423, "loss_boundary": 0.003309275023639202, "cost": 2.897200644016266}, "peak_gib": 10.229270935058594}
{"epoch": 39, "successful_updates": 3900, "losses": {"task": 0.3896910548210144, "support_attention": 0.25086843222379684, "support_pre_tia": 0.3033602386713028, "support_post_tia": 0.30463485419750214, "full_task": 0.35934310778975487, "self_feature": 0.38734202086925507, "feature": 0.6095480024814606, "loss_actionness": 0.14713341370224953, "loss_transition": 0.6356216073036194, "loss_boundary": 3.0852450436213985e-05, "cost": 1.9409946203231812}, "peak_gib": 10.229270935058594}
09/14 15:33:39 - mmengine - WARNING - "FileClient" will be deprecated in future. Please use io functions in https://mmengine.readthedocs.io/en/latest/api/fileio.html#file-io
09/14 15:33:39 - mmengine - WARNING - "FileClient" will be deprecated in future. Please use io functions in https://mmengine.readthedocs.io/en/latest/api/fileio.html#file-io
09/14 15:33:39 - mmengine - WARNING - "HardDiskBackend" is the alias of "LocalBackend" and the former will be deprecated in future.
09/14 15:33:39 - mmengine - WARNING - "HardDiskBackend" is the alias of "LocalBackend" and the former will be deprecated in future.
{"epoch": 40, "successful_updates": 3920, "losses": {"task": 0.5848561227321625, "support_attention": 0.24442307651042938, "support_pre_tia": 0.2864638864994049, "support_post_tia": 0.28666825592517853, "full_task": 0.4906604588031769, "self_feature": 0.7693001925945282, "feature": 0.9803423583507538, "loss_actionness": 0.1871451586484909, "loss_transition": 0.6535505652427673, "loss_boundary": 0.0024411141639575362, "cost": 2.636587142944336}, "peak_gib": 10.229270935058594}
{"epoch": 40, "successful_updates": 3940, "losses": {"task": 0.22960561513900757, "support_attention": 0.12411888688802719, "support_pre_tia": 0.15338078886270523, "support_post_tia": 0.15423338115215302, "full_task": 0.241715669631958, "self_feature": 0.7621756792068481, "feature": 0.9520458579063416, "loss_actionness": 0.16845953464508057, "loss_transition": 0.6630782186985016, "loss_boundary": 0.002839891822077334, "cost": 2.1680562496185303}, "peak_gib": 10.229270935058594}
{"epoch": 40, "successful_updates": 3960, "losses": {"task": 0.4215576499700546, "support_attention": 0.25968220084905624, "support_pre_tia": 0.3133009672164917, "support_post_tia": 0.3144521564245224, "full_task": 0.4133509546518326, "self_feature": 0.3310239166021347, "feature": 0.535563051700592, "loss_actionness": 0.13481643795967102, "loss_transition": 0.6727311015129089, "loss_boundary": 3.490053677523974e-05, "cost": 1.9325308203697205}, "peak_gib": 10.229270935058594}
{"epoch": 40, "successful_updates": 3980, "losses": {"task": 0.5976377725601196, "support_attention": 0.28372693061828613, "support_pre_tia": 0.33184659481048584, "support_post_tia": 0.3326081335544586, "full_task": 0.5495745837688446, "self_feature": 0.7006029188632965, "feature": 0.8481899499893188, "loss_actionness": 0.13272549211978912, "loss_transition": 0.6654514968395233, "loss_boundary": 0.003250952111557126, "cost": 2.4879324436187744}, "peak_gib": 10.229270935058594}
{"epoch": 40, "successful_updates": 4000, "losses": {"task": 0.08236887492239475, "support_attention": 0.11207818239927292, "support_pre_tia": 0.14237547665834427, "support_post_tia": 0.1432514414191246, "full_task": 0.09655359201133251, "self_feature": 0.6598285436630249, "feature": 0.8048195838928223, "loss_actionness": 0.11192897707223892, "loss_transition": 0.6599120497703552, "loss_boundary": 0.00297486106865108, "cost": 1.7664070129394531}, "peak_gib": 10.229270935058594}
validation subset: 211 videos, truncated as 792 windows.
09/14 15:40:07 - mmengine - WARNING - "FileClient" will be deprecated in future. Please use io functions in https://mmengine.readthedocs.io/en/latest/api/fileio.html#file-io
09/14 15:40:07 - mmengine - WARNING - "FileClient" will be deprecated in future. Please use io functions in https://mmengine.readthedocs.io/en/latest/api/fileio.html#file-io
09/14 15:40:07 - mmengine - WARNING - "HardDiskBackend" is the alias of "LocalBackend" and the former will be deprecated in future.
09/14 15:40:07 - mmengine - WARNING - "HardDiskBackend" is the alias of "LocalBackend" and the former will be deprecated in future.
review5485_full_v2_s_seed42 40: 1/792
review5485_full_v2_s_seed42 40: 101/792
review5485_full_v2_s_seed42 40: 201/792
review5485_full_v2_s_seed42 40: 301/792
review5485_full_v2_s_seed42 40: 401/792
review5485_full_v2_s_seed42 40: 501/792
review5485_full_v2_s_seed42 40: 601/792
review5485_full_v2_s_seed42 40: 701/792
{'average_mAP': 0.6499493056160609, 'mAP@0.3': 0.800783367404154, 'mAP@0.4': 0.7515235981520332, 'mAP@0.5': 0.6865634471271239, 'mAP@0.6': 0.5732853890678867, 'mAP@0.7': 0.4375907263291069}
09/14 16:01:10 - mmengine - WARNING - "FileClient" will be deprecated in future. Please use io functions in https://mmengine.readthedocs.io/en/latest/api/fileio.html#file-io
09/14 16:01:10 - mmengine - WARNING - "FileClient" will be deprecated in future. Please use io functions in https://mmengine.readthedocs.io/en/latest/api/fileio.html#file-io
09/14 16:01:10 - mmengine - WARNING - "HardDiskBackend" is the alias of "LocalBackend" and the former will be deprecated in future.
09/14 16:01:10 - mmengine - WARNING - "HardDiskBackend" is the alias of "LocalBackend" and the former will be deprecated in future.
{"epoch": 41, "successful_updates": 4020, "losses": {"task": 0.18202364444732666, "support_attention": 0.24664756655693054, "support_pre_tia": 0.30126097798347473, "support_post_tia": 0.30202652513980865, "full_task": 0.16839300096035004, "self_feature": 0.33248353004455566, "feature": 0.5290834158658981, "loss_actionness": 0.11851755529642105, "loss_transition": 0.6587575674057007, "loss_boundary": 3.0852450436213985e-05, "cost": 1.5939240455627441}, "peak_gib": 10.22594165802002}
{"epoch": 41, "successful_updates": 4040, "losses": {"task": 0.14468151330947876, "support_attention": 0.24352756142616272, "support_pre_tia": 0.2931634783744812, "support_post_tia": 0.29439105093479156, "full_task": 0.1421048678457737, "self_feature": 0.4512971490621567, "feature": 0.5785772055387497, "loss_actionness": 0.1768571361899376, "loss_transition": 0.6131516993045807, "loss_boundary": 0.0014352296275319532, "cost": 1.624736487865448}, "peak_gib": 10.22594165802002}
{"epoch": 41, "successful_updates": 4060, "losses": {"task": 0.24692249298095703, "support_attention": 0.09963404759764671, "support_pre_tia": 0.1262279525399208, "support_post_tia": 0.1271391212940216, "full_task": 0.28555209189653397, "self_feature": 0.5208484679460526, "feature": 0.6712881624698639, "loss_actionness": 0.09403976052999496, "loss_transition": 0.674211323261261, "loss_boundary": 0.0034289401955902576, "cost": 1.8260319232940674}, "peak_gib": 10.229276180267334}
{"epoch": 41, "successful_updates": 4080, "losses": {"task": 0.05367035046219826, "support_attention": 0.24941305816173553, "support_pre_tia": 0.30706967413425446, "support_post_tia": 0.30711473524570465, "full_task": 0.05306005850434303, "self_feature": 0.3089483380317688, "feature": 0.4734804034233093, "loss_actionness": 0.15022800117731094, "loss_transition": 0.6238123178482056, "loss_boundary": 3.085244861722458e-05, "cost": 1.3760910034179688}, "peak_gib": 10.229276180267334}
{"epoch": 41, "successful_updates": 4100, "losses": {"task": 0.25683508813381195, "support_attention": 0.2508048042654991, "support_pre_tia": 0.30692528188228607, "support_post_tia": 0.3063570410013199, "full_task": 0.2312888205051422, "self_feature": 0.5352230668067932, "feature": 0.7247754484415054, "loss_actionness": 0.13801369071006775, "loss_transition": 0.6060263812541962, "loss_boundary": 0.0011154025851283222, "cost": 1.8687745928764343}, "peak_gib": 10.229276180267334}
09/14 16:07:40 - mmengine - WARNING - "FileClient" will be deprecated in future. Please use io functions in https://mmengine.readthedocs.io/en/latest/api/fileio.html#file-io
09/14 16:07:40 - mmengine - WARNING - "HardDiskBackend" is the alias of "LocalBackend" and the former will be deprecated in future.
09/14 16:07:40 - mmengine - WARNING - "FileClient" will be deprecated in future. Please use io functions in https://mmengine.readthedocs.io/en/latest/api/fileio.html#file-io
09/14 16:07:40 - mmengine - WARNING - "HardDiskBackend" is the alias of "LocalBackend" and the former will be deprecated in future.
{"epoch": 42, "successful_updates": 4120, "losses": {"task": 0.6987625136971474, "support_attention": 0.12003932893276215, "support_pre_tia": 0.14960605651140213, "support_post_tia": 0.15018657594919205, "full_task": 0.6245182305574417, "self_feature": 0.7059463560581207, "feature": 0.864122062921524, "loss_actionness": 0.13337574899196625, "loss_transition": 0.6633176505565643, "loss_boundary": 0.003145967493765056, "cost": 2.6044377088546753}, "peak_gib": 10.229276180267334}
{"epoch": 42, "successful_updates": 4140, "losses": {"task": 0.05162299424409866, "support_attention": 0.24013090878725052, "support_pre_tia": 0.2741519808769226, "support_post_tia": 0.27567294239997864, "full_task": 0.041877033188939095, "self_feature": 0.3554777354001999, "feature": 0.4913799613714218, "loss_actionness": 0.2183796390891075, "loss_transition": 0.5206617116928101, "loss_boundary": 0.00012876856089860667, "cost": 1.3556814193725586}, "peak_gib": 10.229276180267334}
{"epoch": 42, "successful_updates": 4160, "losses": {"task": 0.24932293593883514, "support_attention": 0.24625685065984726, "support_pre_tia": 0.2932738810777664, "support_post_tia": 0.29389896988868713, "full_task": 0.24019120633602142, "self_feature": 0.4432191476225853, "feature": 0.5529715418815613, "loss_actionness": 0.18001928180456161, "loss_transition": 0.6022909581661224, "loss_boundary": 0.001431588942068629, "cost": 1.7197646498680115}, "peak_gib": 10.229276180267334}
{"epoch": 42, "successful_updates": 4180, "losses": {"task": 0.2967356741428375, "support_attention": 0.10947461053729057, "support_pre_tia": 0.14016247540712357, "support_post_tia": 0.14114268124103546, "full_task": 0.2707425653934479, "self_feature": 0.35241114161908627, "feature": 0.5227029621601105, "loss_actionness": 0.14735622704029083, "loss_transition": 0.6160764992237091, "loss_boundary": 0.001958007955181529, "cost": 1.701821506023407}, "peak_gib": 10.229276180267334}
{"epoch": 42, "successful_updates": 4200, "losses": {"task": 0.3677769750356674, "support_attention": 0.22294822335243225, "support_pre_tia": 0.26677678525447845, "support_post_tia": 0.26770128309726715, "full_task": 0.37028882652521133, "self_feature": 0.26916059106588364, "feature": 0.46393732726573944, "loss_actionness": 0.12816910073161125, "loss_transition": 0.6539540886878967, "loss_boundary": 3.0852450436213985e-05, "cost": 1.7600805759429932}, "peak_gib": 10.229276180267334}
09/14 16:14:11 - mmengine - WARNING - "FileClient" will be deprecated in future. Please use io functions in https://mmengine.readthedocs.io/en/latest/api/fileio.html#file-io
09/14 16:14:11 - mmengine - WARNING - "FileClient" will be deprecated in future. Please use io functions in https://mmengine.readthedocs.io/en/latest/api/fileio.html#file-io
09/14 16:14:11 - mmengine - WARNING - "HardDiskBackend" is the alias of "LocalBackend" and the former will be deprecated in future.
09/14 16:14:11 - mmengine - WARNING - "HardDiskBackend" is the alias of "LocalBackend" and the former will be deprecated in future.
{"epoch": 43, "successful_updates": 4220, "losses": {"task": 0.35615435242652893, "support_attention": 0.26992207765579224, "support_pre_tia": 0.3173020929098129, "support_post_tia": 0.31737013161182404, "full_task": 0.29078051447868347, "self_feature": 0.7554732263088226, "feature": 0.8771086633205414, "loss_actionness": 0.2051539048552513, "loss_transition": 0.6695106625556946, "loss_boundary": 0.003465447691269219, "cost": 2.2913691997528076}, "peak_gib": 10.229276180267334}
{"epoch": 43, "successful_updates": 4240, "losses": {"task": 0.935235857963562, "support_attention": 0.09985170140862465, "support_pre_tia": 0.11939441040158272, "support_post_tia": 0.12003777176141739, "full_task": 0.8657435178756714, "self_feature": 0.5336288660764694, "feature": 0.672455221414566, "loss_actionness": 0.16456332802772522, "loss_transition": 0.6723602414131165, "loss_boundary": 0.0037071717670187354, "cost": 2.7300921082496643}, "peak_gib": 10.229276180267334}
{"epoch": 43, "successful_updates": 4260, "losses": {"task": 0.16685322299599648, "support_attention": 0.2374633103609085, "support_pre_tia": 0.2683914601802826, "support_post_tia": 0.26907946169376373, "full_task": 0.1468552490696311, "self_feature": 0.35054250061511993, "feature": 0.5045600384473801, "loss_actionness": 0.18010759353637695, "loss_transition": 0.6365739405155182, "loss_boundary": 3.085244679823518e-05, "cost": 1.5867672562599182}, "peak_gib": 10.229276180267334}
{"epoch": 43, "successful_updates": 4280, "losses": {"task": 0.5709696412086487, "support_attention": 0.24726350605487823, "support_pre_tia": 0.29944705963134766, "support_post_tia": 0.300567090511322, "full_task": 0.5337581634521484, "self_feature": 0.498837947845459, "feature": 0.6857442557811737, "loss_actionness": 0.21275769174098969, "loss_transition": 0.627760112285614, "loss_boundary": 0.001478236896218732, "cost": 2.3120338916778564}, "peak_gib": 10.229276180267334}
{"epoch": 43, "successful_updates": 4300, "losses": {"task": 1.2181960046291351, "support_attention": 0.10812965780496597, "support_pre_tia": 0.13109257072210312, "support_post_tia": 0.13194988667964935, "full_task": 1.1407628953456879, "self_feature": 0.6508845388889313, "feature": 0.7767769992351532, "loss_actionness": 0.22726857662200928, "loss_transition": 0.661472737789154, "loss_boundary": 0.0028258493402972817, "cost": 3.249971330165863}, "peak_gib": 10.229276180267334}
09/14 16:20:50 - mmengine - WARNING - "FileClient" will be deprecated in future. Please use io functions in https://mmengine.readthedocs.io/en/latest/api/fileio.html#file-io
09/14 16:20:50 - mmengine - WARNING - "FileClient" will be deprecated in future. Please use io functions in https://mmengine.readthedocs.io/en/latest/api/fileio.html#file-io
09/14 16:20:50 - mmengine - WARNING - "HardDiskBackend" is the alias of "LocalBackend" and the former will be deprecated in future.
09/14 16:20:50 - mmengine - WARNING - "HardDiskBackend" is the alias of "LocalBackend" and the former will be deprecated in future.
{"epoch": 44, "successful_updates": 4320, "losses": {"task": 1.5878759026527405, "support_attention": 0.25323328375816345, "support_pre_tia": 0.2861011028289795, "support_post_tia": 0.2877045273780823, "full_task": 1.4842846393585205, "self_feature": 0.3367634266614914, "feature": 0.5888459980487823, "loss_actionness": 0.19229575991630554, "loss_transition": 0.6713194847106934, "loss_boundary": 3.227578963560518e-05, "cost": 3.4738073348999023}, "peak_gib": 10.229276180267334}
{"epoch": 44, "successful_updates": 4340, "losses": {"task": 0.4315800964832306, "support_attention": 0.2528485059738159, "support_pre_tia": 0.29918472468852997, "support_post_tia": 0.29994070529937744, "full_task": 0.3758729100227356, "self_feature": 0.5905247777700424, "feature": 0.7300865352153778, "loss_actionness": 0.13146698474884033, "loss_transition": 0.6310083270072937, "loss_boundary": 0.0012850240418629255, "cost": 2.108404040336609}, "peak_gib": 10.229276180267334}
{"epoch": 44, "successful_updates": 4360, "losses": {"task": 0.27035363763570786, "support_attention": 0.108043372631073, "support_pre_tia": 0.13559578359127045, "support_post_tia": 0.13664602488279343, "full_task": 0.2587123513221741, "self_feature": 0.3514039609581232, "feature": 0.5637299716472626, "loss_actionness": 0.12902674451470375, "loss_transition": 0.6033610701560974, "loss_boundary": 0.001291092981773545, "cost": 1.6811930537223816}, "peak_gib": 10.229276180267334}
{"epoch": 44, "successful_updates": 4380, "losses": {"task": 0.20701661705970764, "support_attention": 0.2383308857679367, "support_pre_tia": 0.2911853641271591, "support_post_tia": 0.2923690229654312, "full_task": 0.20325054973363876, "self_feature": 0.3090016469359398, "feature": 0.4502095878124237, "loss_actionness": 0.13886814564466476, "loss_transition": 0.6277815103530884, "loss_boundary": 3.0852450436213985e-05, "cost": 1.534797191619873}, "peak_gib": 10.229276180267334}
{"epoch": 44, "successful_updates": 4400, "losses": {"task": 0.08064386248588562, "support_attention": 0.2506796717643738, "support_pre_tia": 0.3001043349504471, "support_post_tia": 0.30075405538082123, "full_task": 0.08609223924577236, "self_feature": 0.45580942928791046, "feature": 0.5974563807249069, "loss_actionness": 0.10963089764118195, "loss_transition": 0.5814242660999298, "loss_boundary": 0.0016256508260994451, "cost": 1.4679279327392578}, "peak_gib": 10.229276180267334}
09/14 16:27:18 - mmengine - WARNING - "FileClient" will be deprecated in future. Please use io functions in https://mmengine.readthedocs.io/en/latest/api/fileio.html#file-io
09/14 16:27:18 - mmengine - WARNING - "FileClient" will be deprecated in future. Please use io functions in https://mmengine.readthedocs.io/en/latest/api/fileio.html#file-io
09/14 16:27:18 - mmengine - WARNING - "HardDiskBackend" is the alias of "LocalBackend" and the former will be deprecated in future.
09/14 16:27:18 - mmengine - WARNING - "HardDiskBackend" is the alias of "LocalBackend" and the former will be deprecated in future.
{"epoch": 45, "successful_updates": 4420, "losses": {"task": 0.3620635122060776, "support_attention": 0.0994250439107418, "support_pre_tia": 0.1264260672032833, "support_post_tia": 0.12734095379710197, "full_task": 0.3209306001663208, "self_feature": 0.5443936437368393, "feature": 0.7103347182273865, "loss_actionness": 0.13862942159175873, "loss_transition": 0.6344801187515259, "loss_boundary": 0.0018737593709374778, "cost": 1.9947419166564941}, "peak_gib": 10.229276180267334}
{"epoch": 45, "successful_updates": 4440, "losses": {"task": 0.1711390670388937, "support_attention": 0.25148607790470123, "support_pre_tia": 0.30542778968811035, "support_post_tia": 0.3062976598739624, "full_task": 0.17443405091762543, "self_feature": 0.3428944870829582, "feature": 0.5042140632867813, "loss_actionness": 0.11809111759066582, "loss_transition": 0.6615232825279236, "loss_boundary": 3.085244861722458e-05, "cost": 1.563482642173767}, "peak_gib": 10.229276180267334}
{"epoch": 45, "successful_updates": 4460, "losses": {"task": 0.1397261805832386, "support_attention": 0.2646617442369461, "support_pre_tia": 0.31759747862815857, "support_post_tia": 0.3175392150878906, "full_task": 0.14242925122380257, "self_feature": 0.6825821995735168, "feature": 0.8309504687786102, "loss_actionness": 0.14406948536634445, "loss_transition": 0.6368255317211151, "loss_boundary": 0.0015203231159830466, "cost": 1.88871431350708}, "peak_gib": 10.229276180267334}
{"epoch": 45, "successful_updates": 4480, "losses": {"task": 0.48379793763160706, "support_attention": 0.1075071170926094, "support_pre_tia": 0.13745665550231934, "support_post_tia": 0.1385333612561226, "full_task": 0.400477834045887, "self_feature": 0.43769116699695587, "feature": 0.6107162982225418, "loss_actionness": 0.10884783044457436, "loss_transition": 0.6634161472320557, "loss_boundary": 0.002774730382952839, "cost": 2.0272409915924072}, "peak_gib": 10.229276180267334}
{"epoch": 45, "successful_updates": 4500, "losses": {"task": 0.36113016307353973, "support_attention": 0.2373088002204895, "support_pre_tia": 0.2861655354499817, "support_post_tia": 0.2871568202972412, "full_task": 0.35239672660827637, "self_feature": 0.28660503029823303, "feature": 0.46358123421669006, "loss_actionness": 0.13418493792414665, "loss_transition": 0.6656005680561066, "loss_boundary": 3.085244679823518e-05, "cost": 1.7699535489082336}, "peak_gib": 10.229276180267334}
09/14 16:33:49 - mmengine - WARNING - "FileClient" will be deprecated in future. Please use io functions in https://mmengine.readthedocs.io/en/latest/api/fileio.html#file-io
09/14 16:33:49 - mmengine - WARNING - "FileClient" will be deprecated in future. Please use io functions in https://mmengine.readthedocs.io/en/latest/api/fileio.html#file-io
09/14 16:33:49 - mmengine - WARNING - "HardDiskBackend" is the alias of "LocalBackend" and the former will be deprecated in future.
09/14 16:33:49 - mmengine - WARNING - "HardDiskBackend" is the alias of "LocalBackend" and the former will be deprecated in future.
{"epoch": 46, "successful_updates": 4520, "losses": {"task": 0.1948483120650053, "support_attention": 0.2577533721923828, "support_pre_tia": 0.3029697984457016, "support_post_tia": 0.3043522238731384, "full_task": 0.1399877369403839, "self_feature": 0.47087278962135315, "feature": 0.5922378748655319, "loss_actionness": 0.12559640780091286, "loss_transition": 0.5790891647338867, "loss_boundary": 0.0009470645763940411, "cost": 1.6051690578460693}, "peak_gib": 10.229276180267334}
{"epoch": 46, "successful_updates": 4540, "losses": {"task": 0.08180560916662216, "support_attention": 0.09430704265832901, "support_pre_tia": 0.11441303417086601, "support_post_tia": 0.11562212184071541, "full_task": 0.07312247529625893, "self_feature": 0.2832614630460739, "feature": 0.43545812368392944, "loss_actionness": 0.12281783670186996, "loss_transition": 0.6034756302833557, "loss_boundary": 0.0005947185491095297, "cost": 1.3022605180740356}, "peak_gib": 10.229276180267334}
{"epoch": 46, "successful_updates": 4560, "losses": {"task": 0.11083418130874634, "support_attention": 0.2624875605106354, "support_pre_tia": 0.32784388959407806, "support_post_tia": 0.32909397780895233, "full_task": 0.11502774804830551, "self_feature": 0.3366774767637253, "feature": 0.5404714345932007, "loss_actionness": 0.13520599156618118, "loss_transition": 0.6495334208011627, "loss_boundary": 3.0852450436213985e-05, "cost": 1.5313475131988525}, "peak_gib": 10.229276180267334}
{"epoch": 46, "successful_updates": 4580, "losses": {"task": 0.23330062627792358, "support_attention": 0.2480243220925331, "support_pre_tia": 0.2985554188489914, "support_post_tia": 0.2989370822906494, "full_task": 0.19683121144771576, "self_feature": 0.5389799922704697, "feature": 0.6700116246938705, "loss_actionness": 0.12714703008532524, "loss_transition": 0.5689571648836136, "loss_boundary": 0.0009466429783060448, "cost": 1.7333435416221619}, "peak_gib": 10.229276180267334}
{"epoch": 46, "successful_updates": 4600, "losses": {"task": 0.3183610960841179, "support_attention": 0.09941337630152702, "support_pre_tia": 0.12070430815219879, "support_post_tia": 0.1219768114387989, "full_task": 0.3085646331310272, "self_feature": 0.2732521276921034, "feature": 0.46022143959999084, "loss_actionness": 0.16990812122821808, "loss_transition": 0.5916919708251953, "loss_boundary": 0.00011056679431931116, "cost": 1.65689355134964}, "peak_gib": 10.229276180267334}
09/14 16:40:13 - mmengine - WARNING - "FileClient" will be deprecated in future. Please use io functions in https://mmengine.readthedocs.io/en/latest/api/fileio.html#file-io
09/14 16:40:13 - mmengine - WARNING - "FileClient" will be deprecated in future. Please use io functions in https://mmengine.readthedocs.io/en/latest/api/fileio.html#file-io
09/14 16:40:13 - mmengine - WARNING - "HardDiskBackend" is the alias of "LocalBackend" and the former will be deprecated in future.
09/14 16:40:13 - mmengine - WARNING - "HardDiskBackend" is the alias of "LocalBackend" and the former will be deprecated in future.
{"epoch": 47, "successful_updates": 4620, "losses": {"task": 0.12721244245767593, "support_attention": 0.26637133955955505, "support_pre_tia": 0.3228260278701782, "support_post_tia": 0.32418812811374664, "full_task": 0.127856083214283, "self_feature": 0.3215586096048355, "feature": 0.49008774757385254, "loss_actionness": 0.10107694566249847, "loss_transition": 0.6696817576885223, "loss_boundary": 3.085244679823518e-05, "cost": 1.4845603704452515}, "peak_gib": 10.229276180267334}
{"epoch": 47, "successful_updates": 4640, "losses": {"task": 0.2249857261776924, "support_attention": 0.21787794679403305, "support_pre_tia": 0.250540554523468, "support_post_tia": 0.25246741622686386, "full_task": 0.2231130450963974, "self_feature": 0.277304083108902, "feature": 0.40385568141937256, "loss_actionness": 0.22242002934217453, "loss_transition": 0.6116999089717865, "loss_boundary": 0.001605789893801557, "cost": 1.5732262134552002}, "peak_gib": 10.229276180267334}
{"epoch": 47, "successful_updates": 4660, "losses": {"task": 0.28781044483184814, "support_attention": 0.11278210952877998, "support_pre_tia": 0.14293532818555832, "support_post_tia": 0.1435476839542389, "full_task": 0.26638755202293396, "self_feature": 0.7128336131572723, "feature": 0.8992655873298645, "loss_actionness": 0.17626551911234856, "loss_transition": 0.670777440071106, "loss_boundary": 0.0034891199320554733, "cost": 2.1898125410079956}, "peak_gib": 10.229276180267334}
{"epoch": 47, "successful_updates": 4680, "losses": {"task": 0.9168736040592194, "support_attention": 0.25197917222976685, "support_pre_tia": 0.29413171112537384, "support_post_tia": 0.2946493476629257, "full_task": 0.838946133852005, "self_feature": 0.3467882424592972, "feature": 0.6061151325702667, "loss_actionness": 0.17671134322881699, "loss_transition": 0.6644543409347534, "loss_boundary": 3.1849564038566314e-05, "cost": 2.638040542602539}, "peak_gib": 10.229276180267334}
{"epoch": 47, "successful_updates": 4700, "losses": {"task": 0.09110071137547493, "support_attention": 0.24696490913629532, "support_pre_tia": 0.3045736104249954, "support_post_tia": 0.3054828494787216, "full_task": 0.10205056145787239, "self_feature": 0.6146506667137146, "feature": 0.704950213432312, "loss_actionness": 0.12287301942706108, "loss_transition": 0.6433018445968628, "loss_boundary": 0.0014024768897797912, "cost": 1.6811087727546692}, "peak_gib": 10.229276180267334}
09/14 16:46:42 - mmengine - WARNING - "FileClient" will be deprecated in future. Please use io functions in https://mmengine.readthedocs.io/en/latest/api/fileio.html#file-io
09/14 16:46:42 - mmengine - WARNING - "FileClient" will be deprecated in future. Please use io functions in https://mmengine.readthedocs.io/en/latest/api/fileio.html#file-io
09/14 16:46:42 - mmengine - WARNING - "HardDiskBackend" is the alias of "LocalBackend" and the former will be deprecated in future.
09/14 16:46:42 - mmengine - WARNING - "HardDiskBackend" is the alias of "LocalBackend" and the former will be deprecated in future.
{"epoch": 48, "successful_updates": 4720, "losses": {"task": 0.14942831546068192, "support_attention": 0.1046210378408432, "support_pre_tia": 0.12765023484826088, "support_post_tia": 0.1287173070013523, "full_task": 0.127672478556633, "self_feature": 0.5740809291601181, "feature": 0.6830390095710754, "loss_actionness": 0.20091556012630463, "loss_transition": 0.6449819207191467, "loss_boundary": 0.0018291905871592462, "cost": 1.782338559627533}, "peak_gib": 10.229276180267334}
{"epoch": 48, "successful_updates": 4740, "losses": {"task": 0.20304205268621445, "support_attention": 0.2782784253358841, "support_pre_tia": 0.3347538411617279, "support_post_tia": 0.3358602672815323, "full_task": 0.1925281286239624, "self_feature": 0.5300883054733276, "feature": 0.7731477320194244, "loss_actionness": 0.11938723176717758, "loss_transition": 0.5263138562440872, "loss_boundary": 3.085244861722458e-05, "cost": 1.7565933465957642}, "peak_gib": 10.229276180267334}
{"epoch": 48, "successful_updates": 4760, "losses": {"task": 0.08987578004598618, "support_attention": 0.24496851861476898, "support_pre_tia": 0.2975684106349945, "support_post_tia": 0.2984592914581299, "full_task": 0.10913160815834999, "self_feature": 0.45500242710113525, "feature": 0.5835288316011429, "loss_actionness": 0.13588110357522964, "loss_transition": 0.6074831187725067, "loss_boundary": 0.0012442770748748444, "cost": 1.520597755908966}, "peak_gib": 10.229276180267334}
{"epoch": 48, "successful_updates": 4780, "losses": {"task": 0.15188482403755188, "support_attention": 0.10048182681202888, "support_pre_tia": 0.12590883672237396, "support_post_tia": 0.1267596036195755, "full_task": 0.14086568355560303, "self_feature": 0.48901674151420593, "feature": 0.64967942237854, "loss_actionness": 0.18124961853027344, "loss_transition": 0.6378879547119141, "loss_boundary": 0.0016859028837643564, "cost": 1.719139277935028}, "peak_gib": 10.229276180267334}
{"epoch": 48, "successful_updates": 4800, "losses": {"task": 0.4468226507306099, "support_attention": 0.22759637236595154, "support_pre_tia": 0.27439793944358826, "support_post_tia": 0.27565187215805054, "full_task": 0.439844474196434, "self_feature": 0.3164592683315277, "feature": 0.486943319439888, "loss_actionness": 0.12418166920542717, "loss_transition": 0.6665405631065369, "loss_boundary": 3.0852450436213985e-05, "cost": 1.8936285972595215}, "peak_gib": 10.229276180267334}
09/14 16:53:08 - mmengine - WARNING - "FileClient" will be deprecated in future. Please use io functions in https://mmengine.readthedocs.io/en/latest/api/fileio.html#file-io
09/14 16:53:08 - mmengine - WARNING - "FileClient" will be deprecated in future. Please use io functions in https://mmengine.readthedocs.io/en/latest/api/fileio.html#file-io
09/14 16:53:08 - mmengine - WARNING - "HardDiskBackend" is the alias of "LocalBackend" and the former will be deprecated in future.
09/14 16:53:08 - mmengine - WARNING - "HardDiskBackend" is the alias of "LocalBackend" and the former will be deprecated in future.
{"epoch": 49, "successful_updates": 4820, "losses": {"task": 0.2546847676858306, "support_attention": 0.2432275116443634, "support_pre_tia": 0.30068936944007874, "support_post_tia": 0.3014950454235077, "full_task": 0.1969562415033579, "self_feature": 0.5222960114479065, "feature": 0.6478578448295593, "loss_actionness": 0.11433102935552597, "loss_transition": 0.6422308683395386, "loss_boundary": 0.00112042689579539, "cost": 1.7918028235435486}, "peak_gib": 10.229276180267334}
{"epoch": 49, "successful_updates": 4840, "losses": {"task": 0.06777890399098396, "support_attention": 0.10886847227811813, "support_pre_tia": 0.14202754199504852, "support_post_tia": 0.14303994178771973, "full_task": 0.06725659780204296, "self_feature": 0.33579597622156143, "feature": 0.6144248098134995, "loss_actionness": 0.14997007325291634, "loss_transition": 0.5857633948326111, "loss_boundary": 0.0011802951667050365, "cost": 1.4837645292282104}, "peak_gib": 10.229276180267334}
{"epoch": 49, "successful_updates": 4860, "losses": {"task": 0.04020557040348649, "support_attention": 0.25174175947904587, "support_pre_tia": 0.30512379109859467, "support_post_tia": 0.30561332404613495, "full_task": 0.03611362399533391, "self_feature": 0.3420235365629196, "feature": 0.46900974214076996, "loss_actionness": 0.1438812017440796, "loss_transition": 0.6001605093479156, "loss_boundary": 3.0852450436213985e-05, "cost": 1.3270555138587952}, "peak_gib": 10.229276180267334}
{"epoch": 49, "successful_updates": 4880, "losses": {"task": 0.2198268547654152, "support_attention": 0.24422064423561096, "support_pre_tia": 0.2929196059703827, "support_post_tia": 0.294476717710495, "full_task": 0.2173573225736618, "self_feature": 0.4831339716911316, "feature": 0.6550137847661972, "loss_actionness": 0.1940344274044037, "loss_transition": 0.6313444674015045, "loss_boundary": 0.0018810771853168262, "cost": 1.8341231942176819}, "peak_gib": 10.229276180267334}
{"epoch": 49, "successful_updates": 4900, "losses": {"task": 0.10666252672672272, "support_attention": 0.11397356167435646, "support_pre_tia": 0.14467298239469528, "support_post_tia": 0.14553286880254745, "full_task": 0.07063811644911766, "self_feature": 0.7647978067398071, "feature": 0.9683430194854736, "loss_actionness": 0.1017792858183384, "loss_transition": 0.6402184665203094, "loss_boundary": 0.0018403542344458401, "cost": 1.9274932146072388}, "peak_gib": 10.229276180267334}
09/14 16:59:36 - mmengine - WARNING - "FileClient" will be deprecated in future. Please use io functions in https://mmengine.readthedocs.io/en/latest/api/fileio.html#file-io
09/14 16:59:36 - mmengine - WARNING - "FileClient" will be deprecated in future. Please use io functions in https://mmengine.readthedocs.io/en/latest/api/fileio.html#file-io
09/14 16:59:36 - mmengine - WARNING - "HardDiskBackend" is the alias of "LocalBackend" and the former will be deprecated in future.
09/14 16:59:36 - mmengine - WARNING - "HardDiskBackend" is the alias of "LocalBackend" and the former will be deprecated in future.
{"epoch": 50, "successful_updates": 4920, "losses": {"task": 0.45853982120752335, "support_attention": 0.24843012541532516, "support_pre_tia": 0.30595187842845917, "support_post_tia": 0.30720628798007965, "full_task": 0.4485710561275482, "self_feature": 0.3607652634382248, "feature": 0.6025671064853668, "loss_actionness": 0.14401444792747498, "loss_transition": 0.6392198503017426, "loss_boundary": 3.0852450436213985e-05, "cost": 2.0232492089271545}, "peak_gib": 10.229276180267334}
{"epoch": 50, "successful_updates": 4940, "losses": {"task": 1.6134490072727203, "support_attention": 0.23792185634374619, "support_pre_tia": 0.27976129949092865, "support_post_tia": 0.28082315623760223, "full_task": 1.3889417946338654, "self_feature": 0.8049859404563904, "feature": 0.9448674023151398, "loss_actionness": 0.17595408111810684, "loss_transition": 0.6669617593288422, "loss_boundary": 0.0035243636230006814, "cost": 3.860519766807556}, "peak_gib": 10.229276180267334}
{"epoch": 50, "successful_updates": 4960, "losses": {"task": 0.3929336741566658, "support_attention": 0.11211423203349113, "support_pre_tia": 0.14536114037036896, "support_post_tia": 0.14634548127651215, "full_task": 0.40015821158885956, "self_feature": 0.5736572742462158, "feature": 0.722165584564209, "loss_actionness": 0.1130216084420681, "loss_transition": 0.6858000159263611, "loss_boundary": 0.005216025747358799, "cost": 2.0911275148391724}, "peak_gib": 10.229276180267334}
{"epoch": 50, "successful_updates": 4980, "losses": {"task": 0.9132106304168701, "support_attention": 0.24030107259750366, "support_pre_tia": 0.2810511738061905, "support_post_tia": 0.2823922634124756, "full_task": 0.8281996846199036, "self_feature": 0.31503693759441376, "feature": 0.44004541635513306, "loss_actionness": 0.1506444588303566, "loss_transition": 0.6415856182575226, "loss_boundary": 0.0002557713523856364, "cost": 2.4124677777290344}, "peak_gib": 10.229276180267334}
{"epoch": 50, "successful_updates": 5000, "losses": {"task": 0.3802799582481384, "support_attention": 0.2509462386369705, "support_pre_tia": 0.2955165058374405, "support_post_tia": 0.2953661233186722, "full_task": 0.4101468324661255, "self_feature": 0.7804650664329529, "feature": 0.9256344437599182, "loss_actionness": 0.14572478085756302, "loss_transition": 0.6604812741279602, "loss_boundary": 0.0028015266871079803, "cost": 2.32504940032959}, "peak_gib": 10.229276180267334}
09/14 17:06:07 - mmengine - WARNING - "FileClient" will be deprecated in future. Please use io functions in https://mmengine.readthedocs.io/en/latest/api/fileio.html#file-io
09/14 17:06:07 - mmengine - WARNING - "FileClient" will be deprecated in future. Please use io functions in https://mmengine.readthedocs.io/en/latest/api/fileio.html#file-io
09/14 17:06:07 - mmengine - WARNING - "HardDiskBackend" is the alias of "LocalBackend" and the former will be deprecated in future.
09/14 17:06:07 - mmengine - WARNING - "HardDiskBackend" is the alias of "LocalBackend" and the former will be deprecated in future.
{"epoch": 51, "successful_updates": 5020, "losses": {"task": 0.3162136934697628, "support_attention": 0.10126573219895363, "support_pre_tia": 0.1287107765674591, "support_post_tia": 0.12979266047477722, "full_task": 0.31672729179263115, "self_feature": 0.7321947813034058, "feature": 0.8966963589191437, "loss_actionness": 0.15929625555872917, "loss_transition": 0.6630918681621552, "loss_boundary": 0.003362051909789443, "cost": 2.203986704349518}, "peak_gib": 10.229276180267334}
{"epoch": 51, "successful_updates": 5040, "losses": {"task": 0.03837148658931255, "support_attention": 0.2350522130727768, "support_pre_tia": 0.27009977400302887, "support_post_tia": 0.2717984616756439, "full_task": 0.03482832387089729, "self_feature": 0.32010141015052795, "feature": 0.4603149890899658, "loss_actionness": 0.24567477405071259, "loss_transition": 0.6163034439086914, "loss_boundary": 3.085245407419279e-05, "cost": 1.4285077452659607}, "peak_gib": 10.229276180267334}
{"epoch": 51, "successful_updates": 5060, "losses": {"task": 0.6299925148487091, "support_attention": 0.25101251155138016, "support_pre_tia": 0.29133909940719604, "support_post_tia": 0.29249894618988037, "full_task": 0.624766893684864, "self_feature": 0.5909667015075684, "feature": 0.7405161261558533, "loss_actionness": 0.14734313637018204, "loss_transition": 0.6583587527275085, "loss_boundary": 0.0027835374930873513, "cost": 2.4234743118286133}, "peak_gib": 10.229276180267334}
{"epoch": 51, "successful_updates": 5080, "losses": {"task": 0.5760833621025085, "support_attention": 0.1166626550257206, "support_pre_tia": 0.14401359856128693, "support_post_tia": 0.1452215015888214, "full_task": 0.48124197125434875, "self_feature": 0.6905383467674255, "feature": 0.8398530781269073, "loss_actionness": 0.14343498647212982, "loss_transition": 0.6739808022975922, "loss_boundary": 0.003861567471176386, "cost": 2.4410400390625}, "peak_gib": 10.229276180267334}
{"epoch": 51, "successful_updates": 5100, "losses": {"task": 0.05819151736795902, "support_attention": 0.24751894176006317, "support_pre_tia": 0.3046380430459976, "support_post_tia": 0.3057410418987274, "full_task": 0.058419723995029926, "self_feature": 0.34114184975624084, "feature": 0.5479797720909119, "loss_actionness": 0.20750508457422256, "loss_transition": 0.5955287516117096, "loss_boundary": 0.0003250278259656625, "cost": 1.4887682795524597}, "peak_gib": 10.229276180267334}
09/14 17:12:36 - mmengine - WARNING - "FileClient" will be deprecated in future. Please use io functions in https://mmengine.readthedocs.io/en/latest/api/fileio.html#file-io
09/14 17:12:36 - mmengine - WARNING - "FileClient" will be deprecated in future. Please use io functions in https://mmengine.readthedocs.io/en/latest/api/fileio.html#file-io
09/14 17:12:36 - mmengine - WARNING - "HardDiskBackend" is the alias of "LocalBackend" and the former will be deprecated in future.
09/14 17:12:36 - mmengine - WARNING - "HardDiskBackend" is the alias of "LocalBackend" and the former will be deprecated in future.
{"epoch": 52, "successful_updates": 5120, "losses": {"task": 0.5789228975772858, "support_attention": 0.2555328756570816, "support_pre_tia": 0.3066934496164322, "support_post_tia": 0.30722932517528534, "full_task": 0.4266524016857147, "self_feature": 0.6566989123821259, "feature": 0.7696833908557892, "loss_actionness": 0.16225840151309967, "loss_transition": 0.6556048691272736, "loss_boundary": 0.0025818009162321687, "cost": 2.372080445289612}, "peak_gib": 10.229276180267334}
{"epoch": 52, "successful_updates": 5140, "losses": {"task": 0.09223298402503133, "support_attention": 0.10781540349125862, "support_pre_tia": 0.13366274535655975, "support_post_tia": 0.13454832881689072, "full_task": 0.09927264228463173, "self_feature": 0.4562598466873169, "feature": 0.5798794627189636, "loss_actionness": 0.11104623600840569, "loss_transition": 0.6344070732593536, "loss_boundary": 0.0010987469286192209, "cost": 1.5025192499160767}, "peak_gib": 10.229276180267334}
{"epoch": 52, "successful_updates": 5160, "losses": {"task": 0.12499682232737541, "support_attention": 0.26224908232688904, "support_pre_tia": 0.31310781836509705, "support_post_tia": 0.313341349363327, "full_task": 0.12274729274213314, "self_feature": 0.3852041959762573, "feature": 0.5823312103748322, "loss_actionness": 0.1429206132888794, "loss_transition": 0.6669421494007111, "loss_boundary": 5.3986172133591026e-05, "cost": 1.617774486541748}, "peak_gib": 10.229276180267334}
{"epoch": 52, "successful_updates": 5180, "losses": {"task": 0.34727048873901367, "support_attention": 0.2762170284986496, "support_pre_tia": 0.3339136838912964, "support_post_tia": 0.3345455229282379, "full_task": 0.30165231972932816, "self_feature": 0.8438994884490967, "feature": 1.0065545737743378, "loss_actionness": 0.1581975817680359, "loss_transition": 0.6625208556652069, "loss_boundary": 0.0029384128283709288, "cost": 2.3707079887390137}, "peak_gib": 10.229276180267334}
{"epoch": 52, "successful_updates": 5200, "losses": {"task": 0.6561296284198761, "support_attention": 0.10686228796839714, "support_pre_tia": 0.1378258839249611, "support_post_tia": 0.13914506882429123, "full_task": 0.5889855325222015, "self_feature": 0.4045998267829418, "feature": 0.5829533934593201, "loss_actionness": 0.14999227970838547, "loss_transition": 0.6040176749229431, "loss_boundary": 0.001569568910781527, "cost": 2.1962172985076904}, "peak_gib": 10.229276180267334}
09/14 17:19:02 - mmengine - WARNING - "FileClient" will be deprecated in future. Please use io functions in https://mmengine.readthedocs.io/en/latest/api/fileio.html#file-io
09/14 17:19:02 - mmengine - WARNING - "FileClient" will be deprecated in future. Please use io functions in https://mmengine.readthedocs.io/en/latest/api/fileio.html#file-io
09/14 17:19:02 - mmengine - WARNING - "HardDiskBackend" is the alias of "LocalBackend" and the former will be deprecated in future.
09/14 17:19:02 - mmengine - WARNING - "HardDiskBackend" is the alias of "LocalBackend" and the former will be deprecated in future.
{"epoch": 53, "successful_updates": 5220, "losses": {"task": 0.24652878195047379, "support_attention": 0.232883021235466, "support_pre_tia": 0.2821737751364708, "support_post_tia": 0.2832641750574112, "full_task": 0.25840821117162704, "self_feature": 0.303837314248085, "feature": 0.4984061270952225, "loss_actionness": 0.12773708254098892, "loss_transition": 0.6704743802547455, "loss_boundary": 3.085244679823518e-05, "cost": 1.66643488407135}, "peak_gib": 10.229276180267334}
{"epoch": 53, "successful_updates": 5240, "losses": {"task": 0.12351866811513901, "support_attention": 0.260620579123497, "support_pre_tia": 0.31567971408367157, "support_post_tia": 0.31624890863895416, "full_task": 0.1027076505124569, "self_feature": 0.7159419059753418, "feature": 0.815321147441864, "loss_actionness": 0.09758169949054718, "loss_transition": 0.6354120075702667, "loss_boundary": 0.0015664269449189305, "cost": 1.8022674918174744}, "peak_gib": 10.229276180267334}
{"epoch": 53, "successful_updates": 5260, "losses": {"task": 0.14408601447939873, "support_attention": 0.09415415301918983, "support_pre_tia": 0.11159719526767731, "support_post_tia": 0.11274203658103943, "full_task": 0.12120474502444267, "self_feature": 0.2850380316376686, "feature": 0.394270658493042, "loss_actionness": 0.19871513545513153, "loss_transition": 0.6372981369495392, "loss_boundary": 0.001621488539967686, "cost": 1.4460134506225586}, "peak_gib": 10.229276180267334}
{"epoch": 53, "successful_updates": 5280, "losses": {"task": 0.8064820896834135, "support_attention": 0.24625833332538605, "support_pre_tia": 0.2929377853870392, "support_post_tia": 0.2926211506128311, "full_task": 0.7631679456681013, "self_feature": 0.3139882832765579, "feature": 0.5279727876186371, "loss_actionness": 0.15621333196759224, "loss_transition": 0.5838211923837662, "loss_boundary": 3.0852450436213985e-05, "cost": 2.3259891271591187}, "peak_gib": 10.229276180267334}
{"epoch": 53, "successful_updates": 5300, "losses": {"task": 0.058511387556791306, "support_attention": 0.26345203816890717, "support_pre_tia": 0.3140246570110321, "support_post_tia": 0.3154551088809967, "full_task": 0.046620503067970276, "self_feature": 0.683332771062851, "feature": 0.8364908397197723, "loss_actionness": 0.12045661732554436, "loss_transition": 0.6615960597991943, "loss_boundary": 0.0029049194417893887, "cost": 1.7914221286773682}, "peak_gib": 10.229276180267334}
09/14 17:25:33 - mmengine - WARNING - "FileClient" will be deprecated in future. Please use io functions in https://mmengine.readthedocs.io/en/latest/api/fileio.html#file-io
09/14 17:25:33 - mmengine - WARNING - "FileClient" will be deprecated in future. Please use io functions in https://mmengine.readthedocs.io/en/latest/api/fileio.html#file-io
09/14 17:25:33 - mmengine - WARNING - "HardDiskBackend" is the alias of "LocalBackend" and the former will be deprecated in future.
09/14 17:25:33 - mmengine - WARNING - "HardDiskBackend" is the alias of "LocalBackend" and the former will be deprecated in future.
{"epoch": 54, "successful_updates": 5320, "losses": {"task": 0.8980034589767456, "support_attention": 0.09897783771157265, "support_pre_tia": 0.12321290746331215, "support_post_tia": 0.12428481131792068, "full_task": 0.8672791123390198, "self_feature": 0.5894629061222076, "feature": 0.7537103593349457, "loss_actionness": 0.1710169017314911, "loss_transition": 0.6239368915557861, "loss_boundary": 0.0014581430586986244, "cost": 2.7362667322158813}, "peak_gib": 10.229276180267334}
{"epoch": 54, "successful_updates": 5340, "losses": {"task": 0.5769656151533127, "support_attention": 0.25160588324069977, "support_pre_tia": 0.2948392257094383, "support_post_tia": 0.29609301686286926, "full_task": 0.5821255445480347, "self_feature": 0.2771056592464447, "feature": 0.46865570545196533, "loss_actionness": 0.13108614832162857, "loss_transition": 0.6720469892024994, "loss_boundary": 3.0852450436213985e-05, "cost": 2.0515738129615784}, "peak_gib": 10.229276180267334}
{"epoch": 54, "successful_updates": 5360, "losses": {"task": 0.2726041302084923, "support_attention": 0.25359056890010834, "support_pre_tia": 0.31049951910972595, "support_post_tia": 0.31007230281829834, "full_task": 0.18046370148658752, "self_feature": 0.8902989029884338, "feature": 1.039759635925293, "loss_actionness": 0.10069243609905243, "loss_transition": 0.6577098667621613, "loss_boundary": 0.0026555395452305675, "cost": 2.238595962524414}, "peak_gib": 10.229276180267334}
{"epoch": 54, "successful_updates": 5380, "losses": {"task": 0.4478045254945755, "support_attention": 0.11311103776097298, "support_pre_tia": 0.14105524122714996, "support_post_tia": 0.1420198678970337, "full_task": 0.45908744633197784, "self_feature": 0.7217042148113251, "feature": 0.8834612965583801, "loss_actionness": 0.19815857708454132, "loss_transition": 0.6616426110267639, "loss_boundary": 0.002850803779438138, "cost": 2.3950138092041016}, "peak_gib": 10.229276180267334}
{"epoch": 54, "successful_updates": 5400, "losses": {"task": 0.620164543390274, "support_attention": 0.2349514663219452, "support_pre_tia": 0.27784039080142975, "support_post_tia": 0.2794489189982414, "full_task": 0.5871686190366745, "self_feature": 0.2568138465285301, "feature": 0.4063691645860672, "loss_actionness": 0.24143676459789276, "loss_transition": 0.33729681372642517, "loss_boundary": 1.5426225218106993e-05, "cost": 1.8056207299232483}, "peak_gib": 10.229276180267334}
09/14 17:32:12 - mmengine - WARNING - "FileClient" will be deprecated in future. Please use io functions in https://mmengine.readthedocs.io/en/latest/api/fileio.html#file-io
09/14 17:32:12 - mmengine - WARNING - "FileClient" will be deprecated in future. Please use io functions in https://mmengine.readthedocs.io/en/latest/api/fileio.html#file-io
09/14 17:32:12 - mmengine - WARNING - "HardDiskBackend" is the alias of "LocalBackend" and the former will be deprecated in future.
09/14 17:32:12 - mmengine - WARNING - "HardDiskBackend" is the alias of "LocalBackend" and the former will be deprecated in future.
{"epoch": 55, "successful_updates": 5420, "losses": {"task": 0.8420417606830597, "support_attention": 0.26286421716213226, "support_pre_tia": 0.3082217276096344, "support_post_tia": 0.3101389557123184, "full_task": 0.6942313760519028, "self_feature": 0.614899218082428, "feature": 0.72149258852005, "loss_actionness": 0.12675081193447113, "loss_transition": 0.6719698309898376, "loss_boundary": 0.0035266316263005137, "cost": 2.6317474842071533}, "peak_gib": 10.229276180267334}
{"epoch": 55, "successful_updates": 5440, "losses": {"task": 0.18830047361552715, "support_attention": 0.10646484419703484, "support_pre_tia": 0.13540733978152275, "support_post_tia": 0.13642432540655136, "full_task": 0.16795932315289974, "self_feature": 0.5775170773267746, "feature": 0.7008804380893707, "loss_actionness": 0.14770031720399857, "loss_transition": 0.6558396816253662, "loss_boundary": 0.0023559804540127516, "cost": 1.8084099292755127}, "peak_gib": 10.229276180267334}
{"epoch": 55, "successful_updates": 5460, "losses": {"task": 0.015548523515462875, "support_attention": 0.24013518542051315, "support_pre_tia": 0.28913357853889465, "support_post_tia": 0.29013030230998993, "full_task": 0.0181008568033576, "self_feature": 0.27791687846183777, "feature": 0.42089293897151947, "loss_actionness": 0.1579270139336586, "loss_transition": 0.6570105850696564, "loss_boundary": 3.085244861722458e-05, "cost": 1.3126900792121887}, "peak_gib": 10.229276180267334}
{"epoch": 55, "successful_updates": 5480, "losses": {"task": 0.16950002312660217, "support_attention": 0.26083895564079285, "support_pre_tia": 0.3001190796494484, "support_post_tia": 0.30135998874902725, "full_task": 0.20090892910957336, "self_feature": 0.5850814282894135, "feature": 0.7081076353788376, "loss_actionness": 0.21801099181175232, "loss_transition": 0.6611440181732178, "loss_boundary": 0.003344039898365736, "cost": 1.898915946483612}, "peak_gib": 10.229276180267334}
{"epoch": 55, "successful_updates": 5500, "losses": {"task": 0.553619310259819, "support_attention": 0.10272376239299774, "support_pre_tia": 0.12522879987955093, "support_post_tia": 0.12645873054862022, "full_task": 0.4840328246355057, "self_feature": 0.6156271696090698, "feature": 0.7823147475719452, "loss_actionness": 0.14874640107154846, "loss_transition": 0.6634246706962585, "loss_boundary": 0.0030704960227012634, "cost": 2.346330940723419}, "peak_gib": 10.229276180267334}
09/14 17:38:44 - mmengine - WARNING - "FileClient" will be deprecated in future. Please use io functions in https://mmengine.readthedocs.io/en/latest/api/fileio.html#file-io
09/14 17:38:44 - mmengine - WARNING - "FileClient" will be deprecated in future. Please use io functions in https://mmengine.readthedocs.io/en/latest/api/fileio.html#file-io
09/14 17:38:44 - mmengine - WARNING - "HardDiskBackend" is the alias of "LocalBackend" and the former will be deprecated in future.
09/14 17:38:44 - mmengine - WARNING - "HardDiskBackend" is the alias of "LocalBackend" and the former will be deprecated in future.
{"epoch": 56, "successful_updates": 5520, "losses": {"task": 0.22445649094879627, "support_attention": 0.234918013215065, "support_pre_tia": 0.266788586974144, "support_post_tia": 0.26774121820926666, "full_task": 0.1992049179971218, "self_feature": 0.3181973248720169, "feature": 0.42221246659755707, "loss_actionness": 0.17483516037464142, "loss_transition": 0.6521455943584442, "loss_boundary": 3.121929148619529e-05, "cost": 1.5820284485816956}, "peak_gib": 10.229276180267334}
{"epoch": 56, "successful_updates": 5540, "losses": {"task": 0.10732614621520042, "support_attention": 0.241388738155365, "support_pre_tia": 0.29097577929496765, "support_post_tia": 0.291900098323822, "full_task": 0.08706558123230934, "self_feature": 0.4677432030439377, "feature": 0.6161958575248718, "loss_actionness": 0.11548041552305222, "loss_transition": 0.5818868577480316, "loss_boundary": 0.0005916976679145591, "cost": 1.5191654562950134}, "peak_gib": 10.229276180267334}
{"epoch": 56, "successful_updates": 5560, "losses": {"task": 0.6873038485646248, "support_attention": 0.11261706054210663, "support_pre_tia": 0.14434764534235, "support_post_tia": 0.14529065042734146, "full_task": 0.6793737299740314, "self_feature": 0.5508061349391937, "feature": 0.6939873099327087, "loss_actionness": 0.11822645366191864, "loss_transition": 0.6580277383327484, "loss_boundary": 0.0026577310636639595, "cost": 2.3996090292930603}, "peak_gib": 10.229276180267334}
{"epoch": 56, "successful_updates": 5580, "losses": {"task": 0.29553505778312683, "support_attention": 0.252838172018528, "support_pre_tia": 0.3149619996547699, "support_post_tia": 0.3160977214574814, "full_task": 0.28976720571517944, "self_feature": 0.337439589202404, "feature": 0.5218276083469391, "loss_actionness": 0.14445790648460388, "loss_transition": 0.661760687828064, "loss_boundary": 3.0852450436213985e-05, "cost": 1.7613508701324463}, "peak_gib": 10.229276180267334}
{"epoch": 56, "successful_updates": 5600, "losses": {"task": 0.4040514063090086, "support_attention": 0.2176414057612419, "support_pre_tia": 0.2614007145166397, "support_post_tia": 0.26258520781993866, "full_task": 0.34930724650621414, "self_feature": 0.41860175132751465, "feature": 0.5479069352149963, "loss_actionness": 0.15487925708293915, "loss_transition": 0.5911635756492615, "loss_boundary": 0.0008872386861185078, "cost": 1.8542746305465698}, "peak_gib": 10.229276180267334}
09/14 17:45:16 - mmengine - WARNING - "FileClient" will be deprecated in future. Please use io functions in https://mmengine.readthedocs.io/en/latest/api/fileio.html#file-io
09/14 17:45:16 - mmengine - WARNING - "FileClient" will be deprecated in future. Please use io functions in https://mmengine.readthedocs.io/en/latest/api/fileio.html#file-io
09/14 17:45:16 - mmengine - WARNING - "HardDiskBackend" is the alias of "LocalBackend" and the former will be deprecated in future.
09/14 17:45:16 - mmengine - WARNING - "HardDiskBackend" is the alias of "LocalBackend" and the former will be deprecated in future.
{"epoch": 57, "successful_updates": 5620, "losses": {"task": 0.9161988794803619, "support_attention": 0.10601063817739487, "support_pre_tia": 0.12890204787254333, "support_post_tia": 0.13042216002941132, "full_task": 0.9267145991325378, "self_feature": 0.3418265897780657, "feature": 0.5774949193000793, "loss_actionness": 0.24156346172094345, "loss_transition": 0.6318837106227875, "loss_boundary": 0.0016463916126667755, "cost": 2.6476147174835205}, "peak_gib": 10.229276180267334}
{"epoch": 57, "successful_updates": 5640, "losses": {"task": 0.1056762058287859, "support_attention": 0.2416856810450554, "support_pre_tia": 0.28768862783908844, "support_post_tia": 0.2884688079357147, "full_task": 0.10255618765950203, "self_feature": 0.3826760947704315, "feature": 0.5673800408840179, "loss_actionness": 0.11818870157003403, "loss_transition": 0.6369983851909637, "loss_boundary": 3.085245407419279e-05, "cost": 1.5209887623786926}, "peak_gib": 10.229276180267334}
{"epoch": 57, "successful_updates": 5660, "losses": {"task": 0.8040511906147003, "support_attention": 0.2593836784362793, "support_pre_tia": 0.31905221939086914, "support_post_tia": 0.3206174969673157, "full_task": 0.764141708612442, "self_feature": 0.547166496515274, "feature": 0.7012892365455627, "loss_actionness": 0.13191893696784973, "loss_transition": 0.6664112210273743, "loss_boundary": 0.0032044542022049427, "cost": 2.5846107006073}, "peak_gib": 10.229276180267334}
{"epoch": 57, "successful_updates": 5680, "losses": {"task": 0.15541883185505867, "support_attention": 0.10527712851762772, "support_pre_tia": 0.12567396461963654, "support_post_tia": 0.12682170048356056, "full_task": 0.17692717164754868, "self_feature": 0.32733213156461716, "feature": 0.4870883822441101, "loss_actionness": 0.1742544174194336, "loss_transition": 0.5989159941673279, "loss_boundary": 0.0015503610775340348, "cost": 1.506817877292633}, "peak_gib": 10.229276180267334}
{"epoch": 57, "successful_updates": 5700, "losses": {"task": 0.1301712542772293, "support_attention": 0.26554740965366364, "support_pre_tia": 0.3243364989757538, "support_post_tia": 0.32467739284038544, "full_task": 0.13073165714740753, "self_feature": 0.3992471396923065, "feature": 0.572430819272995, "loss_actionness": 0.12633344903588295, "loss_transition": 0.6596613824367523, "loss_boundary": 3.0852450436213985e-05, "cost": 1.5936861038208008}, "peak_gib": 10.229276180267334}
09/14 17:51:50 - mmengine - WARNING - "FileClient" will be deprecated in future. Please use io functions in https://mmengine.readthedocs.io/en/latest/api/fileio.html#file-io
09/14 17:51:50 - mmengine - WARNING - "FileClient" will be deprecated in future. Please use io functions in https://mmengine.readthedocs.io/en/latest/api/fileio.html#file-io
09/14 17:51:50 - mmengine - WARNING - "HardDiskBackend" is the alias of "LocalBackend" and the former will be deprecated in future.
09/14 17:51:50 - mmengine - WARNING - "HardDiskBackend" is the alias of "LocalBackend" and the former will be deprecated in future.
{"epoch": 58, "successful_updates": 5720, "losses": {"task": 0.05442446609959006, "support_attention": 0.2501222938299179, "support_pre_tia": 0.3064311146736145, "support_post_tia": 0.3067510724067688, "full_task": 0.0595589354634285, "self_feature": 0.62527996301651, "feature": 0.7563847303390503, "loss_actionness": 0.13043254613876343, "loss_transition": 0.6333079040050507, "loss_boundary": 0.0010839045135071501, "cost": 1.6837103962898254}, "peak_gib": 10.229276180267334}
{"epoch": 58, "successful_updates": 5740, "losses": {"task": 0.11160219460725784, "support_attention": 0.10604849457740784, "support_pre_tia": 0.13291877508163452, "support_post_tia": 0.13404539972543716, "full_task": 0.11255182698369026, "self_feature": 0.608398050069809, "feature": 0.7397159039974213, "loss_actionness": 0.1562412977218628, "loss_transition": 0.6650849282741547, "loss_boundary": 0.00319498626049608, "cost": 1.7781652808189392}, "peak_gib": 10.229276180267334}
{"epoch": 58, "successful_updates": 5760, "losses": {"task": 0.11379582434892654, "support_attention": 0.24160051345825195, "support_pre_tia": 0.2867760509252548, "support_post_tia": 0.2871222048997879, "full_task": 0.11526942998170853, "self_feature": 0.2829470634460449, "feature": 0.42791198194026947, "loss_actionness": 0.1594531536102295, "loss_transition": 0.6755900084972382, "loss_boundary": 3.9477636164519936e-05, "cost": 1.4625974893569946}, "peak_gib": 10.229276180267334}
{"epoch": 58, "successful_updates": 5780, "losses": {"task": 0.42095136642456055, "support_attention": 0.25055935233831406, "support_pre_tia": 0.3007816672325134, "support_post_tia": 0.30197450518608093, "full_task": 0.3940276950597763, "self_feature": 0.6097062081098557, "feature": 0.7502492964267731, "loss_actionness": 0.1373628005385399, "loss_transition": 0.6733635067939758, "loss_boundary": 0.003660588525235653, "cost": 2.175202965736389}, "peak_gib": 10.229276180267334}
{"epoch": 58, "successful_updates": 5800, "losses": {"task": 0.8281765878200531, "support_attention": 0.11778225377202034, "support_pre_tia": 0.1500461846590042, "support_post_tia": 0.15113596618175507, "full_task": 0.8374251425266266, "self_feature": 0.6785118579864502, "feature": 0.8464297652244568, "loss_actionness": 0.1374257355928421, "loss_transition": 0.6509893536567688, "loss_boundary": 0.0019802209571935236, "cost": 2.757268190383911}, "peak_gib": 10.229276180267334}
09/14 17:58:23 - mmengine - WARNING - "FileClient" will be deprecated in future. Please use io functions in https://mmengine.readthedocs.io/en/latest/api/fileio.html#file-io
09/14 17:58:23 - mmengine - WARNING - "FileClient" will be deprecated in future. Please use io functions in https://mmengine.readthedocs.io/en/latest/api/fileio.html#file-io
09/14 17:58:23 - mmengine - WARNING - "HardDiskBackend" is the alias of "LocalBackend" and the former will be deprecated in future.
09/14 17:58:23 - mmengine - WARNING - "HardDiskBackend" is the alias of "LocalBackend" and the former will be deprecated in future.
{"epoch": 59, "successful_updates": 5820, "losses": {"task": 0.16826145350933075, "support_attention": 0.24236401915550232, "support_pre_tia": 0.2824961990118027, "support_post_tia": 0.2838269919157028, "full_task": 0.16339744627475739, "self_feature": 0.30495166778564453, "feature": 0.4994286596775055, "loss_actionness": 0.1682792603969574, "loss_transition": 0.6263933181762695, "loss_boundary": 6.475721966126002e-05, "cost": 1.5620881915092468}, "peak_gib": 10.229276180267334}
{"epoch": 59, "successful_updates": 5840, "losses": {"task": 0.35021499916911125, "support_attention": 0.23232097178697586, "support_pre_tia": 0.27631956338882446, "support_post_tia": 0.2770519107580185, "full_task": 0.3318345434963703, "self_feature": 0.4836725443601608, "feature": 0.6261966228485107, "loss_actionness": 0.2236184924840927, "loss_transition": 0.6295680701732635, "loss_boundary": 0.001459236053051427, "cost": 1.990051805973053}, "peak_gib": 10.229276180267334}
{"epoch": 59, "successful_updates": 5860, "losses": {"task": 0.25469250977039337, "support_attention": 0.11650744080543518, "support_pre_tia": 0.14891120046377182, "support_post_tia": 0.14992406219244003, "full_task": 0.3336925059556961, "self_feature": 0.6835879981517792, "feature": 0.8375734090805054, "loss_actionness": 0.14602243900299072, "loss_transition": 0.6698464155197144, "loss_boundary": 0.0032852599397301674, "cost": 2.0781437158584595}, "peak_gib": 10.229276180267334}
{"epoch": 59, "successful_updates": 5880, "losses": {"task": 0.3086170256137848, "support_attention": 0.2737905979156494, "support_pre_tia": 0.33516791462898254, "support_post_tia": 0.3360515832901001, "full_task": 0.2748161852359772, "self_feature": 0.3747301399707794, "feature": 0.549515962600708, "loss_actionness": 0.1490192674100399, "loss_transition": 0.6547339260578156, "loss_boundary": 3.085244861722458e-05, "cost": 1.801655113697052}, "peak_gib": 10.229276180267334}
{"epoch": 59, "successful_updates": 5900, "losses": {"task": 0.19507454335689545, "support_attention": 0.24467036873102188, "support_pre_tia": 0.2927417904138565, "support_post_tia": 0.2937009036540985, "full_task": 0.17804528772830963, "self_feature": 0.5295192152261734, "feature": 0.7306734323501587, "loss_actionness": 0.10557213798165321, "loss_transition": 0.5752726197242737, "loss_boundary": 0.0017134965492004994, "cost": 1.735091507434845}, "peak_gib": 10.229276180267334}
09/14 18:04:47 - mmengine - WARNING - "FileClient" will be deprecated in future. Please use io functions in https://mmengine.readthedocs.io/en/latest/api/fileio.html#file-io
09/14 18:04:47 - mmengine - WARNING - "FileClient" will be deprecated in future. Please use io functions in https://mmengine.readthedocs.io/en/latest/api/fileio.html#file-io
09/14 18:04:47 - mmengine - WARNING - "HardDiskBackend" is the alias of "LocalBackend" and the former will be deprecated in future.
09/14 18:04:47 - mmengine - WARNING - "HardDiskBackend" is the alias of "LocalBackend" and the former will be deprecated in future.
{"epoch": 60, "successful_updates": 5920, "losses": {"task": 0.08981403335928917, "support_attention": 0.10628939047455788, "support_pre_tia": 0.13694219291210175, "support_post_tia": 0.13799110800027847, "full_task": 0.08703435584902763, "self_feature": 0.5506578832864761, "feature": 0.7244483828544617, "loss_actionness": 0.10535981506109238, "loss_transition": 0.6724276840686798, "loss_boundary": 0.0035250377259217203, "cost": 1.6861459612846375}, "peak_gib": 10.229276180267334}
{"epoch": 60, "successful_updates": 5940, "losses": {"task": 0.16142895072698593, "support_attention": 0.21966292709112167, "support_pre_tia": 0.26007404923439026, "support_post_tia": 0.26153595745563507, "full_task": 0.16573267430067062, "self_feature": 0.2444509193301201, "feature": 0.4048689603805542, "loss_actionness": 0.12444791942834854, "loss_transition": 0.6424940228462219, "loss_boundary": 3.085245225520339e-05, "cost": 1.4252294898033142}, "peak_gib": 10.229276180267334}
{"epoch": 60, "successful_updates": 5960, "losses": {"task": 0.34146103262901306, "support_attention": 0.24766749143600464, "support_pre_tia": 0.2824356406927109, "support_post_tia": 0.2841886132955551, "full_task": 0.31147776544094086, "self_feature": 0.5070464536547661, "feature": 0.6384613364934921, "loss_actionness": 0.16525377333164215, "loss_transition": 0.608138918876648, "loss_boundary": 0.0014984447370807175, "cost": 1.9117187857627869}, "peak_gib": 10.229276180267334}
{"epoch": 60, "successful_updates": 5980, "losses": {"task": 0.11707854270935059, "support_attention": 0.10963558405637741, "support_pre_tia": 0.140931136906147, "support_post_tia": 0.14212218672037125, "full_task": 0.11816186085343361, "self_feature": 0.256283450871706, "feature": 0.4607101231813431, "loss_actionness": 0.15501083433628082, "loss_transition": 0.5744759738445282, "loss_boundary": 0.00018624780932441354, "cost": 1.3767831325531006}, "peak_gib": 10.229276180267334}
{"epoch": 60, "successful_updates": 6000, "losses": {"task": 0.08297992218285799, "support_attention": 0.25488920509815216, "support_pre_tia": 0.3092041015625, "support_post_tia": 0.3096601068973541, "full_task": 0.08240089379251003, "self_feature": 0.4310750812292099, "feature": 0.628056988120079, "loss_actionness": 0.12552044168114662, "loss_transition": 0.6698454916477203, "loss_boundary": 3.085244679823518e-05, "cost": 1.6010847091674805}, "peak_gib": 10.229276180267334}
validation subset: 211 videos, truncated as 792 windows.
09/14 18:11:18 - mmengine - WARNING - "FileClient" will be deprecated in future. Please use io functions in https://mmengine.readthedocs.io/en/latest/api/fileio.html#file-io
09/14 18:11:18 - mmengine - WARNING - "FileClient" will be deprecated in future. Please use io functions in https://mmengine.readthedocs.io/en/latest/api/fileio.html#file-io
09/14 18:11:18 - mmengine - WARNING - "HardDiskBackend" is the alias of "LocalBackend" and the former will be deprecated in future.
09/14 18:11:18 - mmengine - WARNING - "HardDiskBackend" is the alias of "LocalBackend" and the former will be deprecated in future.
review5485_full_v2_s_seed42 60: 1/792
review5485_full_v2_s_seed42 60: 101/792
review5485_full_v2_s_seed42 60: 201/792
review5485_full_v2_s_seed42 60: 301/792
review5485_full_v2_s_seed42 60: 401/792
review5485_full_v2_s_seed42 60: 501/792
review5485_full_v2_s_seed42 60: 601/792
review5485_full_v2_s_seed42 60: 701/792
{'average_mAP': 0.6483538028156824, 'mAP@0.3': 0.7968209289168522, 'mAP@0.4': 0.7523231837557689, 'mAP@0.5': 0.6810081589772152, 'mAP@0.6': 0.5725333209456278, 'mAP@0.7': 0.4390834214829484}
09/14 18:32:29 - mmengine - WARNING - "FileClient" will be deprecated in future. Please use io functions in https://mmengine.readthedocs.io/en/latest/api/fileio.html#file-io
09/14 18:32:29 - mmengine - WARNING - "HardDiskBackend" is the alias of "LocalBackend" and the former will be deprecated in future.
09/14 18:32:29 - mmengine - WARNING - "FileClient" will be deprecated in future. Please use io functions in https://mmengine.readthedocs.io/en/latest/api/fileio.html#file-io
09/14 18:32:29 - mmengine - WARNING - "HardDiskBackend" is the alias of "LocalBackend" and the former will be deprecated in future.
{"epoch": 61, "successful_updates": 6020, "losses": {"task": 0.6693762242794037, "support_attention": 0.26744724810123444, "support_pre_tia": 0.320137694478035, "support_post_tia": 0.3217557668685913, "full_task": 0.5493821203708649, "self_feature": 0.8039739429950714, "feature": 0.9430558085441589, "loss_actionness": 0.12555277347564697, "loss_transition": 0.6585403084754944, "loss_boundary": 0.0029359698528423905, "cost": 2.6492984294891357}, "peak_gib": 10.041938781738281}
{"epoch": 61, "successful_updates": 6040, "losses": {"task": 0.25256749242544174, "support_attention": 0.10912274941802025, "support_pre_tia": 0.13874700665473938, "support_post_tia": 0.1398615911602974, "full_task": 0.24417736381292343, "self_feature": 0.5607839375734329, "feature": 0.7399646043777466, "loss_actionness": 0.1954505667090416, "loss_transition": 0.6640419661998749, "loss_boundary": 0.0034283113200217485, "cost": 1.9865062236785889}, "peak_gib": 10.225052833557129}
{"epoch": 61, "successful_updates": 6060, "losses": {"task": 0.40813085436820984, "support_attention": 0.23971426486968994, "support_pre_tia": 0.2936701774597168, "support_post_tia": 0.29486772418022156, "full_task": 0.4057472199201584, "self_feature": 0.2830285280942917, "feature": 0.5045851618051529, "loss_actionness": 0.1311924159526825, "loss_transition": 0.6401248276233673, "loss_boundary": 3.085244861722458e-05, "cost": 1.8432306051254272}, "peak_gib": 10.225190162658691}
{"epoch": 61, "successful_updates": 6080, "losses": {"task": 0.11537927389144897, "support_attention": 0.24647556245326996, "support_pre_tia": 0.2912600338459015, "support_post_tia": 0.29247918725013733, "full_task": 0.08842485770583153, "self_feature": 0.6317818760871887, "feature": 0.7473572790622711, "loss_actionness": 0.16905684024095535, "loss_transition": 0.651101291179657, "loss_boundary": 0.002292330260388553, "cost": 1.7996584177017212}, "peak_gib": 10.225190162658691}
{"epoch": 61, "successful_updates": 6100, "losses": {"task": 0.33147548139095306, "support_attention": 0.11220770329236984, "support_pre_tia": 0.14168283343315125, "support_post_tia": 0.14266233146190643, "full_task": 0.35248541831970215, "self_feature": 0.7784387767314911, "feature": 0.9584603011608124, "loss_actionness": 0.12574231624603271, "loss_transition": 0.6524280607700348, "loss_boundary": 0.002475830726325512, "cost": 2.250764489173889}, "peak_gib": 10.225190162658691}
09/14 18:39:00 - mmengine - WARNING - "FileClient" will be deprecated in future. Please use io functions in https://mmengine.readthedocs.io/en/latest/api/fileio.html#file-io
09/14 18:39:00 - mmengine - WARNING - "FileClient" will be deprecated in future. Please use io functions in https://mmengine.readthedocs.io/en/latest/api/fileio.html#file-io
09/14 18:39:00 - mmengine - WARNING - "HardDiskBackend" is the alias of "LocalBackend" and the former will be deprecated in future.
09/14 18:39:00 - mmengine - WARNING - "HardDiskBackend" is the alias of "LocalBackend" and the former will be deprecated in future.
{"epoch": 62, "successful_updates": 6120, "losses": {"task": 1.363377571105957, "support_attention": 0.2269841656088829, "support_pre_tia": 0.27186621725559235, "support_post_tia": 0.2732948735356331, "full_task": 1.33777916431427, "self_feature": 0.25865841656923294, "feature": 0.4348347932100296, "loss_actionness": 0.1662915125489235, "loss_transition": 0.6634519100189209, "loss_boundary": 3.0852450436213985e-05, "cost": 3.015555262565613}, "peak_gib": 10.225190162658691}
{"epoch": 62, "successful_updates": 6140, "losses": {"task": 0.2611495107412338, "support_attention": 0.24718163907527924, "support_pre_tia": 0.30612920224666595, "support_post_tia": 0.30730144679546356, "full_task": 0.23600946366786957, "self_feature": 0.4979077875614166, "feature": 0.6351244449615479, "loss_actionness": 0.18784340843558311, "loss_transition": 0.6335288286209106, "loss_boundary": 0.001675108702329453, "cost": 1.858786165714264}, "peak_gib": 10.225190162658691}
{"epoch": 62, "successful_updates": 6160, "losses": {"task": 0.47479808516800404, "support_attention": 0.10743644833564758, "support_pre_tia": 0.13535623997449875, "support_post_tia": 0.13637330383062363, "full_task": 0.4631209820508957, "self_feature": 0.6114385426044464, "feature": 0.763355016708374, "loss_actionness": 0.12094214931130409, "loss_transition": 0.6593813598155975, "loss_boundary": 0.0028410983504727483, "cost": 2.2118282318115234}, "peak_gib": 10.225190162658691}
{"epoch": 62, "successful_updates": 6180, "losses": {"task": 0.4038088023662567, "support_attention": 0.22301429510116577, "support_pre_tia": 0.2782381922006607, "support_post_tia": 0.28005848824977875, "full_task": 0.4122026637196541, "self_feature": 0.29573366045951843, "feature": 0.4806702584028244, "loss_actionness": 0.12918883562088013, "loss_transition": 0.6058892607688904, "loss_boundary": 5.398617031460162e-05, "cost": 1.7801499962806702}, "peak_gib": 10.225190162658691}
{"epoch": 62, "successful_updates": 6200, "losses": {"task": 0.20572583377361298, "support_attention": 0.2753123939037323, "support_pre_tia": 0.33599746227264404, "support_post_tia": 0.3365228921175003, "full_task": 0.18654198944568634, "self_feature": 0.7956452071666718, "feature": 0.9088374674320221, "loss_actionness": 0.16504690796136856, "loss_transition": 0.659899890422821, "loss_boundary": 0.0029030879959464073, "cost": 2.10223925113678}, "peak_gib": 10.225190162658691}
09/14 18:45:34 - mmengine - WARNING - "FileClient" will be deprecated in future. Please use io functions in https://mmengine.readthedocs.io/en/latest/api/fileio.html#file-io
09/14 18:45:34 - mmengine - WARNING - "FileClient" will be deprecated in future. Please use io functions in https://mmengine.readthedocs.io/en/latest/api/fileio.html#file-io
09/14 18:45:34 - mmengine - WARNING - "HardDiskBackend" is the alias of "LocalBackend" and the former will be deprecated in future.
09/14 18:45:34 - mmengine - WARNING - "HardDiskBackend" is the alias of "LocalBackend" and the former will be deprecated in future.
{"epoch": 63, "successful_updates": 6220, "losses": {"task": 0.31432556360960007, "support_attention": 0.11287260800600052, "support_pre_tia": 0.1447388455271721, "support_post_tia": 0.14572595059871674, "full_task": 0.28720085322856903, "self_feature": 0.7299425005912781, "feature": 0.897559404373169, "loss_actionness": 0.11207270249724388, "loss_transition": 0.6607161164283752, "loss_boundary": 0.0021996834548190236, "cost": 2.146191120147705}, "peak_gib": 10.225190162658691}
{"epoch": 63, "successful_updates": 6240, "losses": {"task": 0.27696120366454124, "support_attention": 0.26189853250980377, "support_pre_tia": 0.314948245882988, "support_post_tia": 0.3153628557920456, "full_task": 0.2466871365904808, "self_feature": 0.39386993646621704, "feature": 0.5154760330915451, "loss_actionness": 0.10636891797184944, "loss_transition": 0.6300807893276215, "loss_boundary": 3.085244861722458e-05, "cost": 1.661492109298706}, "peak_gib": 10.227272987365723}
{"epoch": 63, "successful_updates": 6260, "losses": {"task": 0.31279604882001877, "support_attention": 0.24860624223947525, "support_pre_tia": 0.2956103980541229, "support_post_tia": 0.29664480686187744, "full_task": 0.27602481469511986, "self_feature": 0.6167059689760208, "feature": 0.744955986738205, "loss_actionness": 0.1565632000565529, "loss_transition": 0.6573053002357483, "loss_boundary": 0.0026057844515889883, "cost": 2.0345159769058228}, "peak_gib": 10.227272987365723}
{"epoch": 63, "successful_updates": 6280, "losses": {"task": 0.3716089427471161, "support_attention": 0.09562529250979424, "support_pre_tia": 0.11939937621355057, "support_post_tia": 0.12049015611410141, "full_task": 0.3356424942612648, "self_feature": 0.45941033959388733, "feature": 0.6133377552032471, "loss_actionness": 0.13839849829673767, "loss_transition": 0.6786849498748779, "loss_boundary": 0.0038843811489641666, "cost": 1.9477605819702148}, "peak_gib": 10.227272987365723}
{"epoch": 63, "successful_updates": 6300, "losses": {"task": 0.40248915553092957, "support_attention": 0.24244874715805054, "support_pre_tia": 0.2839874029159546, "support_post_tia": 0.285120353102684, "full_task": 0.4185464084148407, "self_feature": 0.28067247569561005, "feature": 0.43324014544487, "loss_actionness": 0.211984321475029, "loss_transition": 0.6650428771972656, "loss_boundary": 3.085245225520339e-05, "cost": 1.8739466667175293}, "peak_gib": 10.227272987365723}
09/14 18:52:04 - mmengine - WARNING - "FileClient" will be deprecated in future. Please use io functions in https://mmengine.readthedocs.io/en/latest/api/fileio.html#file-io
09/14 18:52:04 - mmengine - WARNING - "FileClient" will be deprecated in future. Please use io functions in https://mmengine.readthedocs.io/en/latest/api/fileio.html#file-io
09/14 18:52:04 - mmengine - WARNING - "HardDiskBackend" is the alias of "LocalBackend" and the former will be deprecated in future.
09/14 18:52:04 - mmengine - WARNING - "HardDiskBackend" is the alias of "LocalBackend" and the former will be deprecated in future.
{"epoch": 64, "successful_updates": 6320, "losses": {"task": 0.10950475046411157, "support_attention": 0.26847854256629944, "support_pre_tia": 0.3240037262439728, "support_post_tia": 0.32393305003643036, "full_task": 0.11434214748442173, "self_feature": 0.7003987729549408, "feature": 0.8261259198188782, "loss_actionness": 0.12894300743937492, "loss_transition": 0.6304386258125305, "loss_boundary": 0.0016422159096691757, "cost": 1.8276768326759338}, "peak_gib": 10.227272987365723}
{"epoch": 64, "successful_updates": 6340, "losses": {"task": 0.2936585731804371, "support_attention": 0.10943765565752983, "support_pre_tia": 0.13445422798395157, "support_post_tia": 0.13577092438936234, "full_task": 0.2761692963540554, "self_feature": 0.5420512855052948, "feature": 0.6718160212039948, "loss_actionness": 0.14974331855773926, "loss_transition": 0.6642946600914001, "loss_boundary": 0.0032435767352581024, "cost": 1.9195148944854736}, "peak_gib": 10.227272987365723}
{"epoch": 64, "successful_updates": 6360, "losses": {"task": 0.21982621029019356, "support_attention": 0.252153605222702, "support_pre_tia": 0.30528445541858673, "support_post_tia": 0.30588264763355255, "full_task": 0.2440333105623722, "self_feature": 0.30014894902706146, "feature": 0.4481929838657379, "loss_actionness": 0.13355081528425217, "loss_transition": 0.6203636229038239, "loss_boundary": 3.0852450436213985e-05, "cost": 1.5435461401939392}, "peak_gib": 10.227272987365723}
{"epoch": 64, "successful_updates": 6380, "losses": {"task": 0.22443287819623947, "support_attention": 0.26586465537548065, "support_pre_tia": 0.32469819486141205, "support_post_tia": 0.324946865439415, "full_task": 0.19314475543797016, "self_feature": 0.7431217133998871, "feature": 0.8737206161022186, "loss_actionness": 0.12496977299451828, "loss_transition": 0.6518048644065857, "loss_boundary": 0.002461430965922773, "cost": 2.0324702858924866}, "peak_gib": 10.227272987365723}
{"epoch": 64, "successful_updates": 6400, "losses": {"task": 0.36850059032440186, "support_attention": 0.10513128340244293, "support_pre_tia": 0.13205783814191818, "support_post_tia": 0.13293813169002533, "full_task": 0.34242191165685654, "self_feature": 0.5129946768283844, "feature": 0.6620231866836548, "loss_actionness": 0.15266919136047363, "loss_transition": 0.661187469959259, "loss_boundary": 0.003032414009794593, "cost": 1.9975674748420715}, "peak_gib": 10.227272987365723}
09/14 18:58:37 - mmengine - WARNING - "FileClient" will be deprecated in future. Please use io functions in https://mmengine.readthedocs.io/en/latest/api/fileio.html#file-io
09/14 18:58:37 - mmengine - WARNING - "FileClient" will be deprecated in future. Please use io functions in https://mmengine.readthedocs.io/en/latest/api/fileio.html#file-io
09/14 18:58:37 - mmengine - WARNING - "HardDiskBackend" is the alias of "LocalBackend" and the former will be deprecated in future.
09/14 18:58:37 - mmengine - WARNING - "HardDiskBackend" is the alias of "LocalBackend" and the former will be deprecated in future.
{"epoch": 65, "successful_updates": 6420, "losses": {"task": 0.20937946438789368, "support_attention": 0.24979891628026962, "support_pre_tia": 0.29621316492557526, "support_post_tia": 0.29759104549884796, "full_task": 0.18989358097314835, "self_feature": 0.3200408071279526, "feature": 0.5125550329685211, "loss_actionness": 0.13344721868634224, "loss_transition": 0.5804948210716248, "loss_boundary": 3.0852450436213985e-05, "cost": 1.5450751185417175}, "peak_gib": 10.227272987365723}
{"epoch": 65, "successful_updates": 6440, "losses": {"task": 0.08007032610476017, "support_attention": 0.260150745511055, "support_pre_tia": 0.3134930729866028, "support_post_tia": 0.31428179144859314, "full_task": 0.08837385848164558, "self_feature": 0.4924480617046356, "feature": 0.6423693895339966, "loss_actionness": 0.1298520565032959, "loss_transition": 0.6079201400279999, "loss_boundary": 0.0012703596457868116, "cost": 1.5642092823982239}, "peak_gib": 10.227272987365723}
{"epoch": 65, "successful_updates": 6460, "losses": {"task": 0.4067124128341675, "support_attention": 0.10369018465280533, "support_pre_tia": 0.12534603849053383, "support_post_tia": 0.12658807635307312, "full_task": 0.3857547640800476, "self_feature": 0.22970131784677505, "feature": 0.3659803569316864, "loss_actionness": 0.1562236174941063, "loss_transition": 0.6135708093643188, "loss_boundary": 0.0016905139527807478, "cost": 1.67618328332901}, "peak_gib": 10.227272987365723}
{"epoch": 65, "successful_updates": 6480, "losses": {"task": 0.09504037350416183, "support_attention": 0.2470887303352356, "support_pre_tia": 0.2931872457265854, "support_post_tia": 0.2948002815246582, "full_task": 0.09224821999669075, "self_feature": 0.45649687945842743, "feature": 0.609236866235733, "loss_actionness": 0.12691156193614006, "loss_transition": 0.49472038447856903, "loss_boundary": 3.0852450436213985e-05, "cost": 1.4240511655807495}, "peak_gib": 10.227272987365723}
{"epoch": 65, "successful_updates": 6500, "losses": {"task": 0.13105745613574982, "support_attention": 0.24068845808506012, "support_pre_tia": 0.287016361951828, "support_post_tia": 0.2885221242904663, "full_task": 0.1215677410364151, "self_feature": 0.444304957985878, "feature": 0.5662882626056671, "loss_actionness": 0.14491623640060425, "loss_transition": 0.5735832154750824, "loss_boundary": 5.20342819072539e-05, "cost": 1.5194965600967407}, "peak_gib": 10.227272987365723}
09/14 19:05:07 - mmengine - WARNING - "FileClient" will be deprecated in future. Please use io functions in https://mmengine.readthedocs.io/en/latest/api/fileio.html#file-io
09/14 19:05:07 - mmengine - WARNING - "FileClient" will be deprecated in future. Please use io functions in https://mmengine.readthedocs.io/en/latest/api/fileio.html#file-io
09/14 19:05:07 - mmengine - WARNING - "HardDiskBackend" is the alias of "LocalBackend" and the former will be deprecated in future.
09/14 19:05:07 - mmengine - WARNING - "HardDiskBackend" is the alias of "LocalBackend" and the former will be deprecated in future.
{"epoch": 66, "successful_updates": 6520, "losses": {"task": 0.7393799722194672, "support_attention": 0.10888341441750526, "support_pre_tia": 0.13760317862033844, "support_post_tia": 0.13870690762996674, "full_task": 0.6104094982147217, "self_feature": 0.6282769441604614, "feature": 0.7654867172241211, "loss_actionness": 0.10698675364255905, "loss_transition": 0.6616979241371155, "loss_boundary": 0.0028596752090379596, "cost": 2.505656659603119}, "peak_gib": 10.227272987365723}
{"epoch": 66, "successful_updates": 6540, "losses": {"task": 0.25872325897216797, "support_attention": 0.24408560991287231, "support_pre_tia": 0.2950785607099533, "support_post_tia": 0.29554131627082825, "full_task": 0.2656697481870651, "self_feature": 0.3560187667608261, "feature": 0.4890299141407013, "loss_actionness": 0.11875616014003754, "loss_transition": 0.6483264863491058, "loss_boundary": 0.0001262670884898398, "cost": 1.6465124487876892}, "peak_gib": 10.227272987365723}
{"epoch": 66, "successful_updates": 6560, "losses": {"task": 0.23623797297477722, "support_attention": 0.2555134445428848, "support_pre_tia": 0.3047197312116623, "support_post_tia": 0.30542874336242676, "full_task": 0.21442821621894836, "self_feature": 0.6951131820678711, "feature": 0.8462170958518982, "loss_actionness": 0.1425166353583336, "loss_transition": 0.6524075269699097, "loss_boundary": 0.0022112022852525115, "cost": 2.0332162380218506}, "peak_gib": 10.227272987365723}
{"epoch": 66, "successful_updates": 6580, "losses": {"task": 0.17526642978191376, "support_attention": 0.11109442263841629, "support_pre_tia": 0.13858044147491455, "support_post_tia": 0.13954409956932068, "full_task": 0.17005454748868942, "self_feature": 0.29580092430114746, "feature": 0.5795315504074097, "loss_actionness": 0.10513250902295113, "loss_transition": 0.5423085242509842, "loss_boundary": 0.0012471862446545856, "cost": 1.4894862174987793}, "peak_gib": 10.227272987365723}
{"epoch": 66, "successful_updates": 6600, "losses": {"task": 0.9034609608352184, "support_attention": 0.23999501764774323, "support_pre_tia": 0.27505338191986084, "support_post_tia": 0.2760250121355057, "full_task": 0.8607423380017281, "self_feature": 0.2965303435921669, "feature": 0.5030559301376343, "loss_actionness": 0.1927468627691269, "loss_transition": 0.6544837653636932, "loss_boundary": 3.085244861722458e-05, "cost": 2.526170790195465}, "peak_gib": 10.227272987365723}
09/14 19:11:40 - mmengine - WARNING - "FileClient" will be deprecated in future. Please use io functions in https://mmengine.readthedocs.io/en/latest/api/fileio.html#file-io
09/14 19:11:40 - mmengine - WARNING - "FileClient" will be deprecated in future. Please use io functions in https://mmengine.readthedocs.io/en/latest/api/fileio.html#file-io
09/14 19:11:40 - mmengine - WARNING - "HardDiskBackend" is the alias of "LocalBackend" and the former will be deprecated in future.
09/14 19:11:40 - mmengine - WARNING - "HardDiskBackend" is the alias of "LocalBackend" and the former will be deprecated in future.
{"epoch": 67, "successful_updates": 6620, "losses": {"task": 0.3224717676639557, "support_attention": 0.26651330292224884, "support_pre_tia": 0.30120202898979187, "support_post_tia": 0.3012206107378006, "full_task": 0.2981622964143753, "self_feature": 0.7184958755970001, "feature": 0.8248990178108215, "loss_actionness": 0.22046860307455063, "loss_transition": 0.6651179194450378, "loss_boundary": 0.003092186525464058, "cost": 2.212561011314392}, "peak_gib": 10.227272987365723}
{"epoch": 67, "successful_updates": 6640, "losses": {"task": 0.09503506682813168, "support_attention": 0.11352401226758957, "support_pre_tia": 0.1457229182124138, "support_post_tia": 0.1466500535607338, "full_task": 0.0965053178369999, "self_feature": 0.38957155495882034, "feature": 0.5876797437667847, "loss_actionness": 0.12252583354711533, "loss_transition": 0.6193457543849945, "loss_boundary": 0.0013862642535968916, "cost": 1.5036748051643372}, "peak_gib": 10.227272987365723}
{"epoch": 67, "successful_updates": 6660, "losses": {"task": 0.6593510508537292, "support_attention": 0.2559638172388077, "support_pre_tia": 0.30705122649669647, "support_post_tia": 0.3075938820838928, "full_task": 0.6671973466873169, "self_feature": 0.37449729442596436, "feature": 0.5818526744842529, "loss_actionness": 0.17275585234165192, "loss_transition": 0.6575257778167725, "loss_boundary": 3.520141399349086e-05, "cost": 2.3065017461776733}, "peak_gib": 10.227272987365723}
{"epoch": 67, "successful_updates": 6680, "losses": {"task": 0.049095628783106804, "support_attention": 0.23686449229717255, "support_pre_tia": 0.29170387983322144, "support_post_tia": 0.29249565303325653, "full_task": 0.04172060452401638, "self_feature": 0.39478421211242676, "feature": 0.528303936123848, "loss_actionness": 0.14509078860282898, "loss_transition": 0.5750749409198761, "loss_boundary": 8.343940135091543e-05, "cost": 1.3767671585083008}, "peak_gib": 10.227272987365723}
{"epoch": 67, "successful_updates": 6700, "losses": {"task": 0.06919847801327705, "support_attention": 0.10111985355615616, "support_pre_tia": 0.12237082421779633, "support_post_tia": 0.12346597015857697, "full_task": 0.06985734403133392, "self_feature": 0.13771214336156845, "feature": 0.3509245812892914, "loss_actionness": 0.20034901425242424, "loss_transition": 0.6055176854133606, "loss_boundary": 0.0015673884481657296, "cost": 1.2710845470428467}, "peak_gib": 10.227272987365723}
09/14 19:18:12 - mmengine - WARNING - "FileClient" will be deprecated in future. Please use io functions in https://mmengine.readthedocs.io/en/latest/api/fileio.html#file-io
09/14 19:18:12 - mmengine - WARNING - "HardDiskBackend" is the alias of "LocalBackend" and the former will be deprecated in future.
09/14 19:18:12 - mmengine - WARNING - "FileClient" will be deprecated in future. Please use io functions in https://mmengine.readthedocs.io/en/latest/api/fileio.html#file-io
09/14 19:18:12 - mmengine - WARNING - "HardDiskBackend" is the alias of "LocalBackend" and the former will be deprecated in future.
{"epoch": 68, "successful_updates": 6720, "losses": {"task": 1.0253418162465096, "support_attention": 0.2353457659482956, "support_pre_tia": 0.2683003097772598, "support_post_tia": 0.2685561850667, "full_task": 1.0228936225175858, "self_feature": 0.36172623932361603, "feature": 0.5894553512334824, "loss_actionness": 0.22183823585510254, "loss_transition": 0.6200597584247589, "loss_boundary": 3.373681283846963e-05, "cost": 2.775467813014984}, "peak_gib": 10.227272987365723}
{"epoch": 68, "successful_updates": 6740, "losses": {"task": 0.2547757588326931, "support_attention": 0.24872445315122604, "support_pre_tia": 0.2994067519903183, "support_post_tia": 0.30032898485660553, "full_task": 0.23334339261054993, "self_feature": 0.6010532081127167, "feature": 0.7296997606754303, "loss_actionness": 0.12520422786474228, "loss_transition": 0.6476227343082428, "loss_boundary": 0.0021530125522986054, "cost": 1.9078834652900696}, "peak_gib": 10.228710174560547}
{"epoch": 68, "successful_updates": 6760, "losses": {"task": 0.32707101106643677, "support_attention": 0.11774947494268417, "support_pre_tia": 0.14315304905176163, "support_post_tia": 0.14421740919351578, "full_task": 0.3159821517765522, "self_feature": 0.5148830562829971, "feature": 0.6175064444541931, "loss_actionness": 0.18454577773809433, "loss_transition": 0.6496219038963318, "loss_boundary": 0.0022030198597349226, "cost": 1.9258005023002625}, "peak_gib": 10.228710174560547}
{"epoch": 68, "successful_updates": 6780, "losses": {"task": 0.6232359260320663, "support_attention": 0.2401966154575348, "support_pre_tia": 0.28125955164432526, "support_post_tia": 0.2809576541185379, "full_task": 0.5952176600694656, "self_feature": 0.2841644138097763, "feature": 0.49244338274002075, "loss_actionness": 0.15233389288187027, "loss_transition": 0.6612473726272583, "loss_boundary": 3.38839745381847e-05, "cost": 2.1346262097358704}, "peak_gib": 10.228710174560547}
{"epoch": 68, "successful_updates": 6800, "losses": {"task": 0.059450507164001465, "support_attention": 0.2623574435710907, "support_pre_tia": 0.3182538151741028, "support_post_tia": 0.31932346522808075, "full_task": 0.06551307626068592, "self_feature": 0.49547508358955383, "feature": 0.6837818622589111, "loss_actionness": 0.15187927335500717, "loss_transition": 0.5781447887420654, "loss_boundary": 0.0011420420232752804, "cost": 1.5722030401229858}, "peak_gib": 10.228710174560547}
09/14 19:24:44 - mmengine - WARNING - "FileClient" will be deprecated in future. Please use io functions in https://mmengine.readthedocs.io/en/latest/api/fileio.html#file-io
09/14 19:24:44 - mmengine - WARNING - "FileClient" will be deprecated in future. Please use io functions in https://mmengine.readthedocs.io/en/latest/api/fileio.html#file-io
09/14 19:24:44 - mmengine - WARNING - "HardDiskBackend" is the alias of "LocalBackend" and the former will be deprecated in future.
09/14 19:24:44 - mmengine - WARNING - "HardDiskBackend" is the alias of "LocalBackend" and the former will be deprecated in future.
{"epoch": 69, "successful_updates": 6820, "losses": {"task": 0.4477679580450058, "support_attention": 0.11702804267406464, "support_pre_tia": 0.14812474697828293, "support_post_tia": 0.1492842510342598, "full_task": 0.4077565371990204, "self_feature": 0.7276984751224518, "feature": 0.868983656167984, "loss_actionness": 0.17881090193986893, "loss_transition": 0.6672160625457764, "loss_boundary": 0.0034962084610015154, "cost": 2.3558543920516968}, "peak_gib": 10.228710174560547}
{"epoch": 69, "successful_updates": 6840, "losses": {"task": 0.10723394341766834, "support_attention": 0.23861020058393478, "support_pre_tia": 0.2949046790599823, "support_post_tia": 0.29626478254795074, "full_task": 0.11919664219021797, "self_feature": 0.30020564794540405, "feature": 0.37668976187705994, "loss_actionness": 0.11827854439616203, "loss_transition": 0.6491187214851379, "loss_boundary": 3.085244679823518e-05, "cost": 1.34073007106781}, "peak_gib": 10.228710174560547}
{"epoch": 69, "successful_updates": 6860, "losses": {"task": 0.42244211584329605, "support_attention": 0.24941043555736542, "support_pre_tia": 0.29233518242836, "support_post_tia": 0.29350654780864716, "full_task": 0.415679968893528, "self_feature": 0.5626972615718842, "feature": 0.7012960314750671, "loss_actionness": 0.1323361173272133, "loss_transition": 0.6623831987380981, "loss_boundary": 0.0028559110360220075, "cost": 2.1107951998710632}, "peak_gib": 10.228710174560547}
{"epoch": 69, "successful_updates": 6880, "losses": {"task": 0.7373407483100891, "support_attention": 0.11684189364314079, "support_pre_tia": 0.1482917070388794, "support_post_tia": 0.14943337440490723, "full_task": 0.6355851292610168, "self_feature": 0.789798378944397, "feature": 0.9630097448825836, "loss_actionness": 0.12216216325759888, "loss_transition": 0.6561905145645142, "loss_boundary": 0.002718241070397198, "cost": 2.7341837882995605}, "peak_gib": 10.228710174560547}
{"epoch": 69, "successful_updates": 6900, "losses": {"task": 0.9569898117333651, "support_attention": 0.25246918201446533, "support_pre_tia": 0.30362945795059204, "support_post_tia": 0.30441854894161224, "full_task": 0.9499856308102608, "self_feature": 0.3807160258293152, "feature": 0.5388680696487427, "loss_actionness": 0.15969576686620712, "loss_transition": 0.6790660619735718, "loss_boundary": 3.19360970024718e-05, "cost": 2.640621840953827}, "peak_gib": 10.228710174560547}
09/14 19:31:19 - mmengine - WARNING - "FileClient" will be deprecated in future. Please use io functions in https://mmengine.readthedocs.io/en/latest/api/fileio.html#file-io
09/14 19:31:19 - mmengine - WARNING - "FileClient" will be deprecated in future. Please use io functions in https://mmengine.readthedocs.io/en/latest/api/fileio.html#file-io
09/14 19:31:19 - mmengine - WARNING - "HardDiskBackend" is the alias of "LocalBackend" and the former will be deprecated in future.
09/14 19:31:19 - mmengine - WARNING - "HardDiskBackend" is the alias of "LocalBackend" and the former will be deprecated in future.
{"epoch": 70, "successful_updates": 6920, "losses": {"task": 0.17163234949111938, "support_attention": 0.24541761726140976, "support_pre_tia": 0.2889164239168167, "support_post_tia": 0.2898690104484558, "full_task": 0.17303363978862762, "self_feature": 0.5748619437217712, "feature": 0.6840541660785675, "loss_actionness": 0.1721656396985054, "loss_transition": 0.6655824780464172, "loss_boundary": 0.00360671803355217, "cost": 1.8267251253128052}, "peak_gib": 10.228710174560547}
{"epoch": 70, "successful_updates": 6940, "losses": {"task": 0.6937618553638458, "support_attention": 0.09679271653294563, "support_pre_tia": 0.12333386763930321, "support_post_tia": 0.12474201247096062, "full_task": 0.5646812319755554, "self_feature": 0.4077485203742981, "feature": 0.5249548703432083, "loss_actionness": 0.15828632190823555, "loss_transition": 0.6427536308765411, "loss_boundary": 0.001958883978659287, "cost": 2.216064453125}, "peak_gib": 10.228710174560547}
{"epoch": 70, "successful_updates": 6960, "losses": {"task": 0.02782094106078148, "support_attention": 0.2603960782289505, "support_pre_tia": 0.3231491148471832, "support_post_tia": 0.32348892092704773, "full_task": 0.03267677687108517, "self_feature": 0.3474451154470444, "feature": 0.5283679664134979, "loss_actionness": 0.11075527220964432, "loss_transition": 0.6428792476654053, "loss_boundary": 3.085244679823518e-05, "cost": 1.3850998878479004}, "peak_gib": 10.228710174560547}
{"epoch": 70, "successful_updates": 6980, "losses": {"task": 0.416131392121315, "support_attention": 0.24318276345729828, "support_pre_tia": 0.30123838782310486, "support_post_tia": 0.301781564950943, "full_task": 0.3744552284479141, "self_feature": 0.5643932670354843, "feature": 0.7500168085098267, "loss_actionness": 0.12887617945671082, "loss_transition": 0.6330733895301819, "loss_boundary": 0.0014296255285444204, "cost": 2.109731435775757}, "peak_gib": 10.228710174560547}
{"epoch": 70, "successful_updates": 7000, "losses": {"task": 0.5375608466565609, "support_attention": 0.11266829073429108, "support_pre_tia": 0.14262531697750092, "support_post_tia": 0.1437220647931099, "full_task": 0.4701885376125574, "self_feature": 0.7869243621826172, "feature": 0.9724355041980743, "loss_actionness": 0.10762515291571617, "loss_transition": 0.6552510559558868, "loss_boundary": 0.00224736996460706, "cost": 2.4856767654418945}, "peak_gib": 10.228710174560547}
09/14 19:37:54 - mmengine - WARNING - "FileClient" will be deprecated in future. Please use io functions in https://mmengine.readthedocs.io/en/latest/api/fileio.html#file-io
09/14 19:37:54 - mmengine - WARNING - "FileClient" will be deprecated in future. Please use io functions in https://mmengine.readthedocs.io/en/latest/api/fileio.html#file-io
09/14 19:37:54 - mmengine - WARNING - "HardDiskBackend" is the alias of "LocalBackend" and the former will be deprecated in future.
09/14 19:37:54 - mmengine - WARNING - "HardDiskBackend" is the alias of "LocalBackend" and the former will be deprecated in future.
{"epoch": 71, "successful_updates": 7020, "losses": {"task": 0.09182911366224289, "support_attention": 0.250735804438591, "support_pre_tia": 0.298989936709404, "support_post_tia": 0.3003276139497757, "full_task": 0.08813623711466789, "self_feature": 0.2914957106113434, "feature": 0.46646903455257416, "loss_actionness": 0.13721415400505066, "loss_transition": 0.6374080181121826, "loss_boundary": 3.085244861722458e-05, "cost": 1.414100706577301}, "peak_gib": 10.228710174560547}
{"epoch": 71, "successful_updates": 7040, "losses": {"task": 0.26690109074115753, "support_attention": 0.2445174604654312, "support_pre_tia": 0.2990172356367111, "support_post_tia": 0.2999608963727951, "full_task": 0.24588478356599808, "self_feature": 0.5384022295475006, "feature": 0.6905171275138855, "loss_actionness": 0.11720781773328781, "loss_transition": 0.6448070108890533, "loss_boundary": 0.0017335906595690176, "cost": 1.8664268851280212}, "peak_gib": 10.228710174560547}
{"epoch": 71, "successful_updates": 7060, "losses": {"task": 0.36895008385181427, "support_attention": 0.10754286497831345, "support_pre_tia": 0.136321522295475, "support_post_tia": 0.1371927559375763, "full_task": 0.28961504995822906, "self_feature": 0.6062202453613281, "feature": 0.7526373267173767, "loss_actionness": 0.15537607669830322, "loss_transition": 0.6504980027675629, "loss_boundary": 0.0022997903870418668, "cost": 2.076462745666504}, "peak_gib": 10.228710174560547}
{"epoch": 71, "successful_updates": 7080, "losses": {"task": 0.11673197336494923, "support_attention": 0.254510298371315, "support_pre_tia": 0.31471556425094604, "support_post_tia": 0.31543417274951935, "full_task": 0.10353156179189682, "self_feature": 0.3595336526632309, "feature": 0.5000154674053192, "loss_actionness": 0.1010332703590393, "loss_transition": 0.6559610664844513, "loss_boundary": 3.085244861722458e-05, "cost": 1.4671164155006409}, "peak_gib": 10.228710174560547}
{"epoch": 71, "successful_updates": 7100, "losses": {"task": 0.20110832899808884, "support_attention": 0.24949895590543747, "support_pre_tia": 0.29351355135440826, "support_post_tia": 0.29391081631183624, "full_task": 0.18424750864505768, "self_feature": 0.6572057753801346, "feature": 0.8046551048755646, "loss_actionness": 0.17620746046304703, "loss_transition": 0.6456635594367981, "loss_boundary": 0.0017107513267546892, "cost": 1.9704989790916443}, "peak_gib": 10.228710174560547}
09/14 19:44:21 - mmengine - WARNING - "FileClient" will be deprecated in future. Please use io functions in https://mmengine.readthedocs.io/en/latest/api/fileio.html#file-io
09/14 19:44:21 - mmengine - WARNING - "FileClient" will be deprecated in future. Please use io functions in https://mmengine.readthedocs.io/en/latest/api/fileio.html#file-io
09/14 19:44:21 - mmengine - WARNING - "HardDiskBackend" is the alias of "LocalBackend" and the former will be deprecated in future.
09/14 19:44:21 - mmengine - WARNING - "HardDiskBackend" is the alias of "LocalBackend" and the former will be deprecated in future.
{"epoch": 72, "successful_updates": 7120, "losses": {"task": 0.3733365088701248, "support_attention": 0.11285971105098724, "support_pre_tia": 0.14586606621742249, "support_post_tia": 0.14677245914936066, "full_task": 0.35846593976020813, "self_feature": 0.5992957353591919, "feature": 0.7574948072433472, "loss_actionness": 0.11884662881493568, "loss_transition": 0.6549580097198486, "loss_boundary": 0.0024992539547383785, "cost": 2.0713130831718445}, "peak_gib": 10.228710174560547}
{"epoch": 72, "successful_updates": 7140, "losses": {"task": 0.42500508204102516, "support_attention": 0.23173656314611435, "support_pre_tia": 0.2734733521938324, "support_post_tia": 0.2747468054294586, "full_task": 0.4088589921593666, "self_feature": 0.31412187218666077, "feature": 0.4529699981212616, "loss_actionness": 0.09899275749921799, "loss_transition": 0.6692067980766296, "loss_boundary": 3.120872315776069e-05, "cost": 1.8072437644004822}, "peak_gib": 10.228710174560547}
{"epoch": 72, "successful_updates": 7160, "losses": {"task": 0.19571401178836823, "support_attention": 0.2579548954963684, "support_pre_tia": 0.3182232528924942, "support_post_tia": 0.31849895417690277, "full_task": 0.12932474166154861, "self_feature": 0.6231555491685867, "feature": 0.8169820308685303, "loss_actionness": 0.11337921395897865, "loss_transition": 0.6034219861030579, "loss_boundary": 0.0013896093296352774, "cost": 1.8573696613311768}, "peak_gib": 10.228710174560547}
{"epoch": 72, "successful_updates": 7180, "losses": {"task": 0.07048572041094303, "support_attention": 0.11460458487272263, "support_pre_tia": 0.14757919311523438, "support_post_tia": 0.1484086662530899, "full_task": 0.07541041262447834, "self_feature": 0.6346282958984375, "feature": 0.8015459775924683, "loss_actionness": 0.12303050234913826, "loss_transition": 0.6782161295413971, "loss_boundary": 0.0035479676444083452, "cost": 1.7739410996437073}, "peak_gib": 10.228710174560547}
{"epoch": 72, "successful_updates": 7200, "losses": {"task": 0.329574316740036, "support_attention": 0.23338304460048676, "support_pre_tia": 0.27476634085178375, "support_post_tia": 0.27631111443042755, "full_task": 0.3156733959913254, "self_feature": 0.274483323097229, "feature": 0.4596918225288391, "loss_actionness": 0.16810578107833862, "loss_transition": 0.6558049917221069, "loss_boundary": 3.085244679823518e-05, "cost": 1.7471283078193665}, "peak_gib": 10.228710174560547}
09/14 19:50:51 - mmengine - WARNING - "FileClient" will be deprecated in future. Please use io functions in https://mmengine.readthedocs.io/en/latest/api/fileio.html#file-io
09/14 19:50:51 - mmengine - WARNING - "FileClient" will be deprecated in future. Please use io functions in https://mmengine.readthedocs.io/en/latest/api/fileio.html#file-io
09/14 19:50:51 - mmengine - WARNING - "HardDiskBackend" is the alias of "LocalBackend" and the former will be deprecated in future.
09/14 19:50:51 - mmengine - WARNING - "HardDiskBackend" is the alias of "LocalBackend" and the former will be deprecated in future.
{"epoch": 73, "successful_updates": 7220, "losses": {"task": 0.4682765444740653, "support_attention": 0.25514088571071625, "support_pre_tia": 0.30817997455596924, "support_post_tia": 0.3093247413635254, "full_task": 0.5711974832229316, "self_feature": 0.4539806693792343, "feature": 0.6039580702781677, "loss_actionness": 0.1382545754313469, "loss_transition": 0.5880708247423172, "loss_boundary": 0.0024089024245768087, "cost": 2.020041584968567}, "peak_gib": 10.228710174560547}
{"epoch": 73, "successful_updates": 7240, "losses": {"task": 0.7907605171203613, "support_attention": 0.09988228231668472, "support_pre_tia": 0.12205599993467331, "support_post_tia": 0.12331540137529373, "full_task": 0.8434706628322601, "self_feature": 0.3214472085237503, "feature": 0.5681901127099991, "loss_actionness": 0.20689144730567932, "loss_transition": 0.6292440891265869, "loss_boundary": 0.0015565506473649293, "cost": 2.4519236087799072}, "peak_gib": 10.228710174560547}
{"epoch": 73, "successful_updates": 7260, "losses": {"task": 0.48427170515060425, "support_attention": 0.2623658627271652, "support_pre_tia": 0.30806271731853485, "support_post_tia": 0.3093104213476181, "full_task": 0.4796793460845947, "self_feature": 0.3595796376466751, "feature": 0.5613947808742523, "loss_actionness": 0.13561425730586052, "loss_transition": 0.6503942608833313, "loss_boundary": 3.928574005840346e-05, "cost": 2.018460750579834}, "peak_gib": 10.230259895324707}
{"epoch": 73, "successful_updates": 7280, "losses": {"task": 0.08550242893397808, "support_attention": 0.26765987277030945, "support_pre_tia": 0.3240756094455719, "support_post_tia": 0.3249170780181885, "full_task": 0.08426102437078953, "self_feature": 0.4933456927537918, "feature": 0.6433472633361816, "loss_actionness": 0.12204937636852264, "loss_transition": 0.579775869846344, "loss_boundary": 0.0012539443850982934, "cost": 1.534778356552124}, "peak_gib": 10.230259895324707}
{"epoch": 73, "successful_updates": 7300, "losses": {"task": 0.18300075829029083, "support_attention": 0.1066044270992279, "support_pre_tia": 0.1369476243853569, "support_post_tia": 0.13792134821414948, "full_task": 0.1787285879254341, "self_feature": 0.5676341950893402, "feature": 0.7269631326198578, "loss_actionness": 0.14971019327640533, "loss_transition": 0.6604104340076447, "loss_boundary": 0.00274180865380913, "cost": 1.838015377521515}, "peak_gib": 10.230259895324707}
09/14 19:57:27 - mmengine - WARNING - "FileClient" will be deprecated in future. Please use io functions in https://mmengine.readthedocs.io/en/latest/api/fileio.html#file-io
09/14 19:57:27 - mmengine - WARNING - "FileClient" will be deprecated in future. Please use io functions in https://mmengine.readthedocs.io/en/latest/api/fileio.html#file-io
09/14 19:57:27 - mmengine - WARNING - "HardDiskBackend" is the alias of "LocalBackend" and the former will be deprecated in future.
09/14 19:57:27 - mmengine - WARNING - "HardDiskBackend" is the alias of "LocalBackend" and the former will be deprecated in future.
{"epoch": 74, "successful_updates": 7320, "losses": {"task": 0.31317427195608616, "support_attention": 0.25501345098018646, "support_pre_tia": 0.3093145936727524, "support_post_tia": 0.3095014989376068, "full_task": 0.3135233670473099, "self_feature": 0.3656156659126282, "feature": 0.5601566731929779, "loss_actionness": 0.1533762589097023, "loss_transition": 0.6648714542388916, "loss_boundary": 3.085244861722458e-05, "cost": 1.8374927043914795}, "peak_gib": 10.230259895324707}
{"epoch": 74, "successful_updates": 7340, "losses": {"task": 0.27287641540169716, "support_attention": 0.24248583614826202, "support_pre_tia": 0.2946483641862869, "support_post_tia": 0.2957068532705307, "full_task": 0.2778349444270134, "self_feature": 0.48871056735515594, "feature": 0.687452107667923, "loss_actionness": 0.15613557025790215, "loss_transition": 0.6058432161808014, "loss_boundary": 0.0024625764090160374, "cost": 1.8726174235343933}, "peak_gib": 10.230259895324707}
{"epoch": 74, "successful_updates": 7360, "losses": {"task": 0.05203283578157425, "support_attention": 0.1045851893723011, "support_pre_tia": 0.12973559647798538, "support_post_tia": 0.13091359287500381, "full_task": 0.06013568118214607, "self_feature": 0.5026019066572189, "feature": 0.6394205391407013, "loss_actionness": 0.1024194099009037, "loss_transition": 0.6659682393074036, "loss_boundary": 0.0030687564285472035, "cost": 1.5412363409996033}, "peak_gib": 10.230259895324707}
{"epoch": 74, "successful_updates": 7380, "losses": {"task": 0.27298805862665176, "support_attention": 0.2621739059686661, "support_pre_tia": 0.31984545290470123, "support_post_tia": 0.3208490014076233, "full_task": 0.2503270357847214, "self_feature": 0.3355479836463928, "feature": 0.4961481839418411, "loss_actionness": 0.1881108283996582, "loss_transition": 0.6571641862392426, "loss_boundary": 3.085244861722458e-05, "cost": 1.7426134943962097}, "peak_gib": 10.230259895324707}
{"epoch": 74, "successful_updates": 7400, "losses": {"task": 1.5212566256523132, "support_attention": 0.24668605625629425, "support_pre_tia": 0.283816397190094, "support_post_tia": 0.2842615097761154, "full_task": 1.3949335217475891, "self_feature": 0.7398847341537476, "feature": 0.9511781632900238, "loss_actionness": 0.19160335510969162, "loss_transition": 0.6665425598621368, "loss_boundary": 0.003301468095742166, "cost": 3.7850080728530884}, "peak_gib": 10.230259895324707}
09/14 20:04:05 - mmengine - WARNING - "FileClient" will be deprecated in future. Please use io functions in https://mmengine.readthedocs.io/en/latest/api/fileio.html#file-io
09/14 20:04:05 - mmengine - WARNING - "FileClient" will be deprecated in future. Please use io functions in https://mmengine.readthedocs.io/en/latest/api/fileio.html#file-io
09/14 20:04:05 - mmengine - WARNING - "HardDiskBackend" is the alias of "LocalBackend" and the former will be deprecated in future.
09/14 20:04:05 - mmengine - WARNING - "HardDiskBackend" is the alias of "LocalBackend" and the former will be deprecated in future.
{"epoch": 75, "successful_updates": 7420, "losses": {"task": 1.3133930265903473, "support_attention": 0.09560148417949677, "support_pre_tia": 0.12061344087123871, "support_post_tia": 0.12171128764748573, "full_task": 1.1908248960971832, "self_feature": 0.5807251334190369, "feature": 0.7452414929866791, "loss_actionness": 0.16278105229139328, "loss_transition": 0.6692528128623962, "loss_boundary": 0.0033243829384446144, "cost": 3.2618879079818726}, "peak_gib": 10.230259895324707}
{"epoch": 75, "successful_updates": 7440, "losses": {"task": 0.44739100337028503, "support_attention": 0.2449333667755127, "support_pre_tia": 0.29971736669540405, "support_post_tia": 0.29960739612579346, "full_task": 0.42775966227054596, "self_feature": 0.4293798506259918, "feature": 0.7061748504638672, "loss_actionness": 0.10203155130147934, "loss_transition": 0.6548671126365662, "loss_boundary": 3.085244861722458e-05, "cost": 2.090339481830597}, "peak_gib": 10.230259895324707}
{"epoch": 75, "successful_updates": 7460, "losses": {"task": 0.23367439210414886, "support_attention": 0.27124565839767456, "support_pre_tia": 0.31469346582889557, "support_post_tia": 0.31572842597961426, "full_task": 0.23524408042430878, "self_feature": 0.669073760509491, "feature": 0.7955581247806549, "loss_actionness": 0.21641558408737183, "loss_transition": 0.6645788848400116, "loss_boundary": 0.002879871055483818, "cost": 2.0703463554382324}, "peak_gib": 10.230259895324707}
{"epoch": 75, "successful_updates": 7480, "losses": {"task": 0.20536011457443237, "support_attention": 0.11921955645084381, "support_pre_tia": 0.1516340672969818, "support_post_tia": 0.15264208614826202, "full_task": 0.1600397527217865, "self_feature": 0.6413377225399017, "feature": 0.7758318483829498, "loss_actionness": 0.17493046820163727, "loss_transition": 0.6720403730869293, "loss_boundary": 0.003790440852753818, "cost": 1.9513108134269714}, "peak_gib": 10.230259895324707}
{"epoch": 75, "successful_updates": 7500, "losses": {"task": 0.4958098232746124, "support_attention": 0.2504263073205948, "support_pre_tia": 0.29339732229709625, "support_post_tia": 0.2946932017803192, "full_task": 0.4571095108985901, "self_feature": 0.35181117057800293, "feature": 0.562339574098587, "loss_actionness": 0.1913342885673046, "loss_transition": 0.6267084777355194, "loss_boundary": 3.0934585083741695e-05, "cost": 2.055086135864258}, "peak_gib": 10.230259895324707}
09/14 20:10:33 - mmengine - WARNING - "FileClient" will be deprecated in future. Please use io functions in https://mmengine.readthedocs.io/en/latest/api/fileio.html#file-io
09/14 20:10:33 - mmengine - WARNING - "FileClient" will be deprecated in future. Please use io functions in https://mmengine.readthedocs.io/en/latest/api/fileio.html#file-io
09/14 20:10:33 - mmengine - WARNING - "HardDiskBackend" is the alias of "LocalBackend" and the former will be deprecated in future.
09/14 20:10:33 - mmengine - WARNING - "HardDiskBackend" is the alias of "LocalBackend" and the former will be deprecated in future.
{"epoch": 76, "successful_updates": 7520, "losses": {"task": 0.6757786273956299, "support_attention": 0.2670375853776932, "support_pre_tia": 0.32365308701992035, "support_post_tia": 0.32436348497867584, "full_task": 0.5588638335466385, "self_feature": 0.6906299591064453, "feature": 0.8219549655914307, "loss_actionness": 0.13601477444171906, "loss_transition": 0.6456813812255859, "loss_boundary": 0.0024221584681072272, "cost": 2.52303147315979}, "peak_gib": 10.230259895324707}
{"epoch": 76, "successful_updates": 7540, "losses": {"task": 0.6126165837049484, "support_attention": 0.10817573219537735, "support_pre_tia": 0.13755057007074356, "support_post_tia": 0.13879747688770294, "full_task": 0.7961509674787521, "self_feature": 0.6024855673313141, "feature": 0.708085685968399, "loss_actionness": 0.14923538267612457, "loss_transition": 0.6716108620166779, "loss_boundary": 0.003581452649086714, "cost": 2.4182335138320923}, "peak_gib": 10.230259895324707}
{"epoch": 76, "successful_updates": 7560, "losses": {"task": 0.3108675330877304, "support_attention": 0.24262923002243042, "support_pre_tia": 0.2889000326395035, "support_post_tia": 0.28967228531837463, "full_task": 0.3190149962902069, "self_feature": 0.31270642578601837, "feature": 0.5160823464393616, "loss_actionness": 0.17754142731428146, "loss_transition": 0.6664527654647827, "loss_boundary": 3.3281305150012486e-05, "cost": 1.8109304308891296}, "peak_gib": 10.230259895324707}
{"epoch": 76, "successful_updates": 7580, "losses": {"task": 0.19127020239830017, "support_attention": 0.2292315810918808, "support_pre_tia": 0.27654126286506653, "support_post_tia": 0.27784235775470734, "full_task": 0.1867562234401703, "self_feature": 0.4912920445203781, "feature": 0.6225812137126923, "loss_actionness": 0.1479620710015297, "loss_transition": 0.6239080131053925, "loss_boundary": 0.0005996799300191924, "cost": 1.7098585963249207}, "peak_gib": 10.230259895324707}
{"epoch": 76, "successful_updates": 7600, "losses": {"task": 0.17884446680545807, "support_attention": 0.11365770176053047, "support_pre_tia": 0.14241185784339905, "support_post_tia": 0.1433880850672722, "full_task": 0.1658121943473816, "self_feature": 0.6958460807800293, "feature": 0.8368586003780365, "loss_actionness": 0.13159620016813278, "loss_transition": 0.6464509069919586, "loss_boundary": 0.002338912570849061, "cost": 1.9214168190956116}, "peak_gib": 10.230259895324707}
09/14 20:17:03 - mmengine - WARNING - "FileClient" will be deprecated in future. Please use io functions in https://mmengine.readthedocs.io/en/latest/api/fileio.html#file-io
09/14 20:17:03 - mmengine - WARNING - "FileClient" will be deprecated in future. Please use io functions in https://mmengine.readthedocs.io/en/latest/api/fileio.html#file-io
09/14 20:17:03 - mmengine - WARNING - "HardDiskBackend" is the alias of "LocalBackend" and the former will be deprecated in future.
09/14 20:17:03 - mmengine - WARNING - "HardDiskBackend" is the alias of "LocalBackend" and the former will be deprecated in future.
{"epoch": 77, "successful_updates": 7620, "losses": {"task": 0.3343876898288727, "support_attention": 0.27706705033779144, "support_pre_tia": 0.3359706848859787, "support_post_tia": 0.3376311808824539, "full_task": 0.2865936979651451, "self_feature": 0.36085981130599976, "feature": 0.5666136890649796, "loss_actionness": 0.13726673647761345, "loss_transition": 0.6679007709026337, "loss_boundary": 3.0852450436213985e-05, "cost": 1.8476142287254333}, "peak_gib": 10.230259895324707}
{"epoch": 77, "successful_updates": 7640, "losses": {"task": 0.0642004981637001, "support_attention": 0.22323650866746902, "support_pre_tia": 0.25302738696336746, "support_post_tia": 0.25383491814136505, "full_task": 0.06279460340738297, "self_feature": 0.45039141923189163, "feature": 0.563612163066864, "loss_actionness": 0.16228120774030685, "loss_transition": 0.6196146607398987, "loss_boundary": 0.0015234931215672987, "cost": 1.4973129034042358}, "peak_gib": 10.230259895324707}
{"epoch": 77, "successful_updates": 7660, "losses": {"task": 0.21598423272371292, "support_attention": 0.10525936260819435, "support_pre_tia": 0.12545748054981232, "support_post_tia": 0.12670966237783432, "full_task": 0.2279818132519722, "self_feature": 0.5379452705383301, "feature": 0.6943114995956421, "loss_actionness": 0.1284959837794304, "loss_transition": 0.6647104620933533, "loss_boundary": 0.00302029971498996, "cost": 1.8299208879470825}, "peak_gib": 10.230259895324707}
{"epoch": 77, "successful_updates": 7680, "losses": {"task": 0.6874861652031541, "support_attention": 0.24301835149526596, "support_pre_tia": 0.2864777445793152, "support_post_tia": 0.2878948897123337, "full_task": 0.6973916925489902, "self_feature": 0.40243279933929443, "feature": 0.59775510430336, "loss_actionness": 0.19486652314662933, "loss_transition": 0.6708006262779236, "loss_boundary": 4.034817720821593e-05, "cost": 2.3942585587501526}, "peak_gib": 10.230259895324707}
{"epoch": 77, "successful_updates": 7700, "losses": {"task": 0.28731080889701843, "support_attention": 0.2443038746714592, "support_pre_tia": 0.29959219694137573, "support_post_tia": 0.2993859499692917, "full_task": 0.27146396040916443, "self_feature": 0.4810383692383766, "feature": 0.6452932059764862, "loss_actionness": 0.17134135961532593, "loss_transition": 0.6007193326950073, "loss_boundary": 0.0010483113892405527, "cost": 1.8516317009925842}, "peak_gib": 10.230259895324707}
09/14 20:23:31 - mmengine - WARNING - "FileClient" will be deprecated in future. Please use io functions in https://mmengine.readthedocs.io/en/latest/api/fileio.html#file-io
09/14 20:23:31 - mmengine - WARNING - "FileClient" will be deprecated in future. Please use io functions in https://mmengine.readthedocs.io/en/latest/api/fileio.html#file-io
09/14 20:23:31 - mmengine - WARNING - "HardDiskBackend" is the alias of "LocalBackend" and the former will be deprecated in future.
09/14 20:23:31 - mmengine - WARNING - "HardDiskBackend" is the alias of "LocalBackend" and the former will be deprecated in future.
{"epoch": 78, "successful_updates": 7720, "losses": {"task": 0.10763232409954071, "support_attention": 0.10992944613099098, "support_pre_tia": 0.14199303835630417, "support_post_tia": 0.14286239445209503, "full_task": 0.11574598401784897, "self_feature": 0.2996288873255253, "feature": 0.4790416657924652, "loss_actionness": 0.1309707760810852, "loss_transition": 0.6218898892402649, "loss_boundary": 0.002331949801373412, "cost": 1.415008783340454}, "peak_gib": 10.230259895324707}
{"epoch": 78, "successful_updates": 7740, "losses": {"task": 0.07246032729744911, "support_attention": 0.2544819936156273, "support_pre_tia": 0.3128926157951355, "support_post_tia": 0.3136789947748184, "full_task": 0.06557339057326317, "self_feature": 0.36998899281024933, "feature": 0.5603980720043182, "loss_actionness": 0.1277708113193512, "loss_transition": 0.6468742489814758, "loss_boundary": 3.085245225520339e-05, "cost": 1.4922552108764648}, "peak_gib": 10.230259895324707}
{"epoch": 78, "successful_updates": 7760, "losses": {"task": 0.2919057998806238, "support_attention": 0.2529435083270073, "support_pre_tia": 0.3040294051170349, "support_post_tia": 0.3047250658273697, "full_task": 0.32415078207850456, "self_feature": 0.4187903255224228, "feature": 0.5968367159366608, "loss_actionness": 0.12258605286478996, "loss_transition": 0.6177613437175751, "loss_boundary": 0.001475364932048251, "cost": 1.7839197516441345}, "peak_gib": 10.230259895324707}
{"epoch": 78, "successful_updates": 7780, "losses": {"task": 0.6623714864253998, "support_attention": 0.09372919052839279, "support_pre_tia": 0.11863770708441734, "support_post_tia": 0.11981256678700447, "full_task": 0.6145683377981186, "self_feature": 0.4830244332551956, "feature": 0.6578372865915298, "loss_actionness": 0.19262462109327316, "loss_transition": 0.6584692597389221, "loss_boundary": 0.0024525410844944417, "cost": 2.3876222372055054}, "peak_gib": 10.230259895324707}
{"epoch": 78, "successful_updates": 7800, "losses": {"task": 0.210386723279953, "support_attention": 0.23032625019550323, "support_pre_tia": 0.2731621116399765, "support_post_tia": 0.27438756823539734, "full_task": 0.21276172995567322, "self_feature": 0.29202553629875183, "feature": 0.4888807237148285, "loss_actionness": 0.17687571793794632, "loss_transition": 0.6341092884540558, "loss_boundary": 3.0852450436213985e-05, "cost": 1.620053768157959}, "peak_gib": 10.230259895324707}
09/14 20:30:04 - mmengine - WARNING - "FileClient" will be deprecated in future. Please use io functions in https://mmengine.readthedocs.io/en/latest/api/fileio.html#file-io
09/14 20:30:04 - mmengine - WARNING - "FileClient" will be deprecated in future. Please use io functions in https://mmengine.readthedocs.io/en/latest/api/fileio.html#file-io
09/14 20:30:04 - mmengine - WARNING - "HardDiskBackend" is the alias of "LocalBackend" and the former will be deprecated in future.
09/14 20:30:04 - mmengine - WARNING - "HardDiskBackend" is the alias of "LocalBackend" and the former will be deprecated in future.
{"epoch": 79, "successful_updates": 7820, "losses": {"task": 0.1916346624493599, "support_attention": 0.2673948407173157, "support_pre_tia": 0.33178453147411346, "support_post_tia": 0.3313087970018387, "full_task": 0.20869304984807968, "self_feature": 0.65943343937397, "feature": 0.8097263276576996, "loss_actionness": 0.13247525691986084, "loss_transition": 0.5968818068504333, "loss_boundary": 0.0013563062821049243, "cost": 1.8833456635475159}, "peak_gib": 10.230259895324707}
{"epoch": 79, "successful_updates": 7840, "losses": {"task": 0.08051821030676365, "support_attention": 0.11616897210478783, "support_pre_tia": 0.14636819064617157, "support_post_tia": 0.14733727276325226, "full_task": 0.06937398761510849, "self_feature": 0.67287477850914, "feature": 0.8194817006587982, "loss_actionness": 0.09236310049891472, "loss_transition": 0.6481257677078247, "loss_boundary": 0.0023845678078942, "cost": 1.7421895861625671}, "peak_gib": 10.230259895324707}
{"epoch": 79, "successful_updates": 7860, "losses": {"task": 0.41057526133954525, "support_attention": 0.2287621945142746, "support_pre_tia": 0.2782776951789856, "support_post_tia": 0.27948981523513794, "full_task": 0.41732705384492874, "self_feature": 0.31470055878162384, "feature": 0.400003582239151, "loss_actionness": 0.20266710221767426, "loss_transition": 0.6593230366706848, "loss_boundary": 3.085244679823518e-05, "cost": 1.8362900614738464}, "peak_gib": 10.230259895324707}
