training subset: 200 videos
ViT's param: 21879936, Adapter's params: 1006860, ratio: 4.6%
Warning: no pretrain path is provided, the backbone will be randomly initialized, unless you have initialized the weights in the model.py.
freeze_backbone: False, norm_eval: False
ViT's param: 21879936, Adapter's params: 1006860, ratio: 4.6%
Warning: no pretrain path is provided, the backbone will be randomly initialized, unless you have initialized the weights in the model.py.
freeze_backbone: False, norm_eval: False
09/14 10:55:43 - mmengine - WARNING - "FileClient" will be deprecated in future. Please use io functions in https://mmengine.readthedocs.io/en/latest/api/fileio.html#file-io
09/14 10:55:43 - mmengine - WARNING - "FileClient" will be deprecated in future. Please use io functions in https://mmengine.readthedocs.io/en/latest/api/fileio.html#file-io
09/14 10:55:43 - mmengine - WARNING - "HardDiskBackend" is the alias of "LocalBackend" and the former will be deprecated in future.
09/14 10:55:43 - mmengine - WARNING - "HardDiskBackend" is the alias of "LocalBackend" and the former will be deprecated in future.
/data/run01/sczc063/yuzibo/conda_envs/opentad/lib/python3.10/site-packages/torch/nn/modules/conv.py:459: UserWarning: Applied workaround for CuDNN issue, install nvrtc.so (Triggered internally at /opt/conda/conda-bld/pytorch_1682343995026/work/aten/src/ATen/native/cudnn/Conv_v8.cpp:80.)
  return F.conv2d(input, weight, bias, self.stride,
09/14 10:56:03 - mmengine - WARNING - "FileClient" will be deprecated in future. Please use io functions in https://mmengine.readthedocs.io/en/latest/api/fileio.html#file-io
09/14 10:56:03 - mmengine - WARNING - "FileClient" will be deprecated in future. Please use io functions in https://mmengine.readthedocs.io/en/latest/api/fileio.html#file-io
09/14 10:56:03 - mmengine - WARNING - "HardDiskBackend" is the alias of "LocalBackend" and the former will be deprecated in future.
09/14 10:56:03 - mmengine - WARNING - "HardDiskBackend" is the alias of "LocalBackend" and the former will be deprecated in future.
training subset: 200 videos
ViT's param: 21879936, Adapter's params: 1006860, ratio: 4.6%
Warning: no pretrain path is provided, the backbone will be randomly initialized, unless you have initialized the weights in the model.py.
freeze_backbone: False, norm_eval: False
ViT's param: 21879936, Adapter's params: 1006860, ratio: 4.6%
Warning: no pretrain path is provided, the backbone will be randomly initialized, unless you have initialized the weights in the model.py.
freeze_backbone: False, norm_eval: False
09/14 10:56:42 - mmengine - WARNING - "FileClient" will be deprecated in future. Please use io functions in https://mmengine.readthedocs.io/en/latest/api/fileio.html#file-io
09/14 10:56:42 - mmengine - WARNING - "FileClient" will be deprecated in future. Please use io functions in https://mmengine.readthedocs.io/en/latest/api/fileio.html#file-io
09/14 10:56:42 - mmengine - WARNING - "HardDiskBackend" is the alias of "LocalBackend" and the former will be deprecated in future.
09/14 10:56:42 - mmengine - WARNING - "HardDiskBackend" is the alias of "LocalBackend" and the former will be deprecated in future.
/data/run01/sczc063/yuzibo/conda_envs/opentad/lib/python3.10/site-packages/torch/nn/modules/conv.py:459: UserWarning: Applied workaround for CuDNN issue, install nvrtc.so (Triggered internally at /opt/conda/conda-bld/pytorch_1682343995026/work/aten/src/ATen/native/cudnn/Conv_v8.cpp:80.)
  return F.conv2d(input, weight, bias, self.stride,
09/14 10:56:56 - mmengine - WARNING - "FileClient" will be deprecated in future. Please use io functions in https://mmengine.readthedocs.io/en/latest/api/fileio.html#file-io
09/14 10:56:56 - mmengine - WARNING - "FileClient" will be deprecated in future. Please use io functions in https://mmengine.readthedocs.io/en/latest/api/fileio.html#file-io
09/14 10:56:56 - mmengine - WARNING - "HardDiskBackend" is the alias of "LocalBackend" and the former will be deprecated in future.
09/14 10:56:56 - mmengine - WARNING - "HardDiskBackend" is the alias of "LocalBackend" and the former will be deprecated in future.
{"epoch": 1, "successful_updates": 20, "losses": {"task": 0.5428410172462463, "full_task": 0.44176405668258667, "self_feature": 1.1359193325042725, "feature": 1.2217049598693848, "loss_actionness": 0.11236346885561943, "loss_transition": 0.6509706676006317, "loss_boundary": 0.0018273124005645514, "cost": 2.7537405490875244}, "peak_gib": 8.295391082763672}
{"epoch": 1, "successful_updates": 40, "losses": {"task": 0.36353258788585663, "full_task": 0.3950088322162628, "self_feature": 0.7269423604011536, "feature": 0.8477224409580231, "loss_actionness": 0.19074788689613342, "loss_transition": 0.6543771326541901, "loss_boundary": 0.003140618442557752, "cost": 2.230967164039612}, "peak_gib": 8.296799659729004}
{"epoch": 1, "successful_updates": 60, "losses": {"task": 0.4523385018110275, "full_task": 0.41227805614471436, "self_feature": 0.8961927592754364, "feature": 1.0118069648742676, "loss_actionness": 0.13669788092374802, "loss_transition": 0.664780467748642, "loss_boundary": 5.075455010228325e-05, "cost": 2.4583632946014404}, "peak_gib": 8.300469875335693}
{"epoch": 1, "successful_updates": 80, "losses": {"task": 0.12783420830965042, "full_task": 0.06918361037969589, "self_feature": 0.9709617495536804, "feature": 1.0621685981750488, "loss_actionness": 0.11740687489509583, "loss_transition": 0.6330641210079193, "loss_boundary": 0.0016407082875957713, "cost": 2.0565065741539}, "peak_gib": 8.300469875335693}
{"epoch": 1, "successful_updates": 100, "losses": {"task": 0.43033766746520996, "full_task": 0.476023405790329, "self_feature": 0.4861474931240082, "feature": 0.7433640956878662, "loss_actionness": 0.19893212616443634, "loss_transition": 0.6384783685207367, "loss_boundary": 0.0016155865596374497, "cost": 2.1803483366966248}, "peak_gib": 8.300469875335693}
09/14 11:03:38 - mmengine - WARNING - "FileClient" will be deprecated in future. Please use io functions in https://mmengine.readthedocs.io/en/latest/api/fileio.html#file-io
09/14 11:03:38 - mmengine - WARNING - "HardDiskBackend" is the alias of "LocalBackend" and the former will be deprecated in future.
09/14 11:03:38 - mmengine - WARNING - "FileClient" will be deprecated in future. Please use io functions in https://mmengine.readthedocs.io/en/latest/api/fileio.html#file-io
09/14 11:03:38 - mmengine - WARNING - "HardDiskBackend" is the alias of "LocalBackend" and the former will be deprecated in future.
{"epoch": 2, "successful_updates": 120, "losses": {"task": 0.12254489958286285, "full_task": 0.10596673935651779, "self_feature": 0.8244112133979797, "feature": 1.049878180027008, "loss_actionness": 0.14339002966880798, "loss_transition": 0.6667842864990234, "loss_boundary": 4.097239980183076e-05, "cost": 2.0915711522102356}, "peak_gib": 8.300469875335693}
{"epoch": 2, "successful_updates": 140, "losses": {"task": 0.13414459116756916, "full_task": 0.10016344301402569, "self_feature": 0.739705502986908, "feature": 0.9616847932338715, "loss_actionness": 0.12029220908880234, "loss_transition": 0.5538540631532669, "loss_boundary": 0.0002277516196045326, "cost": 1.8692147731781006}, "peak_gib": 8.300469875335693}
{"epoch": 2, "successful_updates": 160, "losses": {"task": 0.49716684967279434, "full_task": 0.5033718682825565, "self_feature": 0.5211076885461807, "feature": 0.7391060292720795, "loss_actionness": 0.1590784452855587, "loss_transition": 0.6081189513206482, "loss_boundary": 0.0016625833304715343, "cost": 2.1830864548683167}, "peak_gib": 8.300469875335693}
{"epoch": 2, "successful_updates": 180, "losses": {"task": 0.21388166397809982, "full_task": 0.11729118973016739, "self_feature": 0.6802979707717896, "feature": 0.8307766318321228, "loss_actionness": 0.12733565643429756, "loss_transition": 0.638511449098587, "loss_boundary": 3.0852450436213985e-05, "cost": 1.9078888893127441}, "peak_gib": 8.300469875335693}
{"epoch": 2, "successful_updates": 200, "losses": {"task": 0.8200607001781464, "full_task": 0.6076823472976685, "self_feature": 0.8518924415111542, "feature": 1.0593436360359192, "loss_actionness": 0.16172584891319275, "loss_transition": 0.6609339714050293, "loss_boundary": 0.0031584304524585605, "cost": 2.9423325061798096}, "peak_gib": 8.360620975494385}
09/14 11:10:12 - mmengine - WARNING - "FileClient" will be deprecated in future. Please use io functions in https://mmengine.readthedocs.io/en/latest/api/fileio.html#file-io
09/14 11:10:12 - mmengine - WARNING - "FileClient" will be deprecated in future. Please use io functions in https://mmengine.readthedocs.io/en/latest/api/fileio.html#file-io
09/14 11:10:12 - mmengine - WARNING - "HardDiskBackend" is the alias of "LocalBackend" and the former will be deprecated in future.
09/14 11:10:12 - mmengine - WARNING - "HardDiskBackend" is the alias of "LocalBackend" and the former will be deprecated in future.
{"epoch": 3, "successful_updates": 220, "losses": {"task": 0.17468930780887604, "full_task": 0.1821620911359787, "self_feature": 0.432463601231575, "feature": 0.7227541506290436, "loss_actionness": 0.20007938891649246, "loss_transition": 0.5924589931964874, "loss_boundary": 0.0015825574828340905, "cost": 1.7803513407707214}, "peak_gib": 8.360620975494385}
{"epoch": 3, "successful_updates": 240, "losses": {"task": 0.07174503430724144, "full_task": 0.0423329658806324, "self_feature": 0.6809931397438049, "feature": 0.8492904901504517, "loss_actionness": 0.10421302914619446, "loss_transition": 0.5715656727552414, "loss_boundary": 3.085244861722458e-05, "cost": 1.6755276322364807}, "peak_gib": 8.360620975494385}
{"epoch": 3, "successful_updates": 260, "losses": {"task": 0.9159730076789856, "full_task": 0.666640430688858, "self_feature": 0.7321750223636627, "feature": 0.9120073020458221, "loss_actionness": 0.1634184941649437, "loss_transition": 0.6397861242294312, "loss_boundary": 0.0016682738641975448, "cost": 2.8727309703826904}, "peak_gib": 8.360620975494385}
{"epoch": 3, "successful_updates": 280, "losses": {"task": 1.0931800454854965, "full_task": 1.0079982429742813, "self_feature": 0.6382512450218201, "feature": 0.7905008494853973, "loss_actionness": 0.16235555708408356, "loss_transition": 0.6642154455184937, "loss_boundary": 0.0031608804129064083, "cost": 3.0292375087738037}, "peak_gib": 8.360620975494385}
{"epoch": 3, "successful_updates": 300, "losses": {"task": 0.14011075533926487, "full_task": 0.10911993682384491, "self_feature": 0.8240335881710052, "feature": 1.0432805120944977, "loss_actionness": 0.1150875836610794, "loss_transition": 0.5818204581737518, "loss_boundary": 3.085244861722458e-05, "cost": 1.9900134205818176}, "peak_gib": 8.360620975494385}
09/14 11:16:53 - mmengine - WARNING - "FileClient" will be deprecated in future. Please use io functions in https://mmengine.readthedocs.io/en/latest/api/fileio.html#file-io
09/14 11:16:53 - mmengine - WARNING - "FileClient" will be deprecated in future. Please use io functions in https://mmengine.readthedocs.io/en/latest/api/fileio.html#file-io
09/14 11:16:53 - mmengine - WARNING - "HardDiskBackend" is the alias of "LocalBackend" and the former will be deprecated in future.
09/14 11:16:53 - mmengine - WARNING - "HardDiskBackend" is the alias of "LocalBackend" and the former will be deprecated in future.
{"epoch": 4, "successful_updates": 320, "losses": {"task": 0.6011938452720642, "full_task": 0.48718032240867615, "self_feature": 0.8150218725204468, "feature": 0.9315415024757385, "loss_actionness": 0.19938956201076508, "loss_transition": 0.665607750415802, "loss_boundary": 0.0031306373421102762, "cost": 2.60416042804718}, "peak_gib": 8.360620975494385}
{"epoch": 4, "successful_updates": 340, "losses": {"task": 1.3246068358421326, "full_task": 1.2111886888742447, "self_feature": 0.7384679019451141, "feature": 0.9345077276229858, "loss_actionness": 0.16872689127922058, "loss_transition": 0.658009797334671, "loss_boundary": 0.0036444857250899076, "cost": 3.4661397337913513}, "peak_gib": 8.360620975494385}
{"epoch": 4, "successful_updates": 360, "losses": {"task": 0.7725219279527664, "full_task": 0.677677720785141, "self_feature": 0.5218016803264618, "feature": 0.7315813302993774, "loss_actionness": 0.13242238014936447, "loss_transition": 0.6632688343524933, "loss_boundary": 3.085244679823518e-05, "cost": 2.521424949169159}, "peak_gib": 8.360620975494385}
{"epoch": 4, "successful_updates": 380, "losses": {"task": 0.8722991794347763, "full_task": 0.7974720299243927, "self_feature": 0.9025621712207794, "feature": 1.1155755519866943, "loss_actionness": 0.18178324401378632, "loss_transition": 0.6664626896381378, "loss_boundary": 0.003157768282108009, "cost": 3.1289026737213135}, "peak_gib": 8.360620975494385}
{"epoch": 4, "successful_updates": 400, "losses": {"task": 0.5774918049573898, "full_task": 0.407691553235054, "self_feature": 0.5079669654369354, "feature": 0.7408733367919922, "loss_actionness": 0.18225491046905518, "loss_transition": 0.642421692609787, "loss_boundary": 0.0017031061870511621, "cost": 2.297464430332184}, "peak_gib": 8.360620975494385}
09/14 11:23:29 - mmengine - WARNING - "FileClient" will be deprecated in future. Please use io functions in https://mmengine.readthedocs.io/en/latest/api/fileio.html#file-io
09/14 11:23:29 - mmengine - WARNING - "FileClient" will be deprecated in future. Please use io functions in https://mmengine.readthedocs.io/en/latest/api/fileio.html#file-io
09/14 11:23:29 - mmengine - WARNING - "HardDiskBackend" is the alias of "LocalBackend" and the former will be deprecated in future.
09/14 11:23:29 - mmengine - WARNING - "HardDiskBackend" is the alias of "LocalBackend" and the former will be deprecated in future.
{"epoch": 5, "successful_updates": 420, "losses": {"task": 0.1602974459528923, "full_task": 0.11333592981100082, "self_feature": 0.6779555082321167, "feature": 0.9373851418495178, "loss_actionness": 0.17123446613550186, "loss_transition": 0.6443225741386414, "loss_boundary": 3.0852450436213985e-05, "cost": 2.0094000697135925}, "peak_gib": 8.360620975494385}
{"epoch": 5, "successful_updates": 440, "losses": {"task": 0.27173635363578796, "full_task": 0.2293665111064911, "self_feature": 0.8633435368537903, "feature": 1.1016642451286316, "loss_actionness": 0.1415126621723175, "loss_transition": 0.6612297296524048, "loss_boundary": 0.0031324864830821753, "cost": 2.322951316833496}, "peak_gib": 8.360620975494385}
{"epoch": 5, "successful_updates": 460, "losses": {"task": 0.03126508742570877, "full_task": 0.029374293982982635, "self_feature": 0.34732895344495773, "feature": 0.6382940411567688, "loss_actionness": 0.10633528605103493, "loss_transition": 0.5757199823856354, "loss_boundary": 0.0015774787480040686, "cost": 1.3952683210372925}, "peak_gib": 8.360620975494385}
{"epoch": 5, "successful_updates": 480, "losses": {"task": 0.15824652835726738, "full_task": 0.15304509177803993, "self_feature": 0.617317408323288, "feature": 0.8381780087947845, "loss_actionness": 0.1610536277294159, "loss_transition": 0.6256236135959625, "loss_boundary": 3.085244679823518e-05, "cost": 1.88312566280365}, "peak_gib": 8.360620975494385}
{"epoch": 5, "successful_updates": 500, "losses": {"task": 1.4418013989925385, "full_task": 1.012353554368019, "self_feature": 0.8779245913028717, "feature": 1.0779213905334473, "loss_actionness": 0.12835635244846344, "loss_transition": 0.6585178971290588, "loss_boundary": 0.0031319502741098404, "cost": 3.6506097316741943}, "peak_gib": 8.360620975494385}
09/14 11:30:12 - mmengine - WARNING - "FileClient" will be deprecated in future. Please use io functions in https://mmengine.readthedocs.io/en/latest/api/fileio.html#file-io
09/14 11:30:12 - mmengine - WARNING - "FileClient" will be deprecated in future. Please use io functions in https://mmengine.readthedocs.io/en/latest/api/fileio.html#file-io
09/14 11:30:12 - mmengine - WARNING - "HardDiskBackend" is the alias of "LocalBackend" and the former will be deprecated in future.
09/14 11:30:12 - mmengine - WARNING - "HardDiskBackend" is the alias of "LocalBackend" and the former will be deprecated in future.
{"epoch": 6, "successful_updates": 520, "losses": {"task": 0.27722854167222977, "full_task": 0.2678859084844589, "self_feature": 0.7192532122135162, "feature": 0.9236215353012085, "loss_actionness": 0.15749327838420868, "loss_transition": 0.6406033635139465, "loss_boundary": 0.0018111165263690054, "cost": 2.1396546363830566}, "peak_gib": 8.360620975494385}
{"epoch": 6, "successful_updates": 540, "losses": {"task": 1.3330727815628052, "full_task": 1.21357661485672, "self_feature": 0.6859113276004791, "feature": 0.9540613293647766, "loss_actionness": 0.15568841248750687, "loss_transition": 0.6628285646438599, "loss_boundary": 3.356559682288207e-05, "cost": 3.477669835090637}, "peak_gib": 8.360620975494385}
{"epoch": 6, "successful_updates": 560, "losses": {"task": 0.5444243475794792, "full_task": 0.4098614454269409, "self_feature": 0.6535342931747437, "feature": 0.8833311796188354, "loss_actionness": 0.20844413340091705, "loss_transition": 0.6256598830223083, "loss_boundary": 0.0016134407160279807, "cost": 2.4312917590141296}, "peak_gib": 8.362556457519531}
{"epoch": 6, "successful_updates": 580, "losses": {"task": 0.47411661967635155, "full_task": 0.4583907425403595, "self_feature": 0.5800500810146332, "feature": 0.7834488153457642, "loss_actionness": 0.17351357266306877, "loss_transition": 0.6254896819591522, "loss_boundary": 0.0016885137956705876, "cost": 2.230859935283661}, "peak_gib": 8.362556457519531}
{"epoch": 6, "successful_updates": 600, "losses": {"task": 0.20381413400173187, "full_task": 0.195250041782856, "self_feature": 0.419274240732193, "feature": 0.7030593156814575, "loss_actionness": 0.16098583489656448, "loss_transition": 0.6837071478366852, "loss_boundary": 3.0852450436213985e-05, "cost": 1.842337191104889}, "peak_gib": 8.362556457519531}
09/14 11:36:54 - mmengine - WARNING - "FileClient" will be deprecated in future. Please use io functions in https://mmengine.readthedocs.io/en/latest/api/fileio.html#file-io
09/14 11:36:54 - mmengine - WARNING - "FileClient" will be deprecated in future. Please use io functions in https://mmengine.readthedocs.io/en/latest/api/fileio.html#file-io
09/14 11:36:54 - mmengine - WARNING - "HardDiskBackend" is the alias of "LocalBackend" and the former will be deprecated in future.
09/14 11:36:54 - mmengine - WARNING - "HardDiskBackend" is the alias of "LocalBackend" and the former will be deprecated in future.
{"epoch": 7, "successful_updates": 620, "losses": {"task": 0.21090953797101974, "full_task": 0.17584989964962006, "self_feature": 0.7166509628295898, "feature": 0.8600768446922302, "loss_actionness": 0.1160435825586319, "loss_transition": 0.6588175594806671, "loss_boundary": 0.0031289071775972843, "cost": 1.9646040201187134}, "peak_gib": 8.362556457519531}
{"epoch": 7, "successful_updates": 640, "losses": {"task": 0.4832616150379181, "full_task": 0.43135273456573486, "self_feature": 0.7541525065898895, "feature": 1.0001488029956818, "loss_actionness": 0.1226993128657341, "loss_transition": 0.6561706066131592, "loss_boundary": 0.0031317914836108685, "cost": 2.448665499687195}, "peak_gib": 8.362556457519531}
{"epoch": 7, "successful_updates": 660, "losses": {"task": 0.2660449743270874, "full_task": 0.2258707657456398, "self_feature": 0.5673317164182663, "feature": 0.7957969903945923, "loss_actionness": 0.15407130867242813, "loss_transition": 0.6634582579135895, "loss_boundary": 4.065933171659708e-05, "cost": 1.992613136768341}, "peak_gib": 8.362556457519531}
{"epoch": 7, "successful_updates": 680, "losses": {"task": 0.4197052866220474, "full_task": 0.3240443840622902, "self_feature": 0.8363460004329681, "feature": 1.043673038482666, "loss_actionness": 0.12128154188394547, "loss_transition": 0.6568177938461304, "loss_boundary": 0.0032478300854563713, "cost": 2.4093711376190186}, "peak_gib": 8.362556457519531}
{"epoch": 7, "successful_updates": 700, "losses": {"task": 0.30122503638267517, "full_task": 0.2982427328824997, "self_feature": 0.42269720882177353, "feature": 0.6605618298053741, "loss_actionness": 0.12253701314330101, "loss_transition": 0.6061911582946777, "loss_boundary": 0.0015883484429650707, "cost": 1.808933675289154}, "peak_gib": 8.362556457519531}
09/14 11:43:32 - mmengine - WARNING - "FileClient" will be deprecated in future. Please use io functions in https://mmengine.readthedocs.io/en/latest/api/fileio.html#file-io
09/14 11:43:32 - mmengine - WARNING - "FileClient" will be deprecated in future. Please use io functions in https://mmengine.readthedocs.io/en/latest/api/fileio.html#file-io
09/14 11:43:32 - mmengine - WARNING - "HardDiskBackend" is the alias of "LocalBackend" and the former will be deprecated in future.
09/14 11:43:32 - mmengine - WARNING - "HardDiskBackend" is the alias of "LocalBackend" and the former will be deprecated in future.
{"epoch": 8, "successful_updates": 720, "losses": {"task": 0.8107336163520813, "full_task": 0.49780555069446564, "self_feature": 0.6482456028461456, "feature": 0.8675712943077087, "loss_actionness": 0.14376748725771904, "loss_transition": 0.6683015525341034, "loss_boundary": 5.7689698223839514e-05, "cost": 2.6797075271606445}, "peak_gib": 8.362556457519531}
{"epoch": 8, "successful_updates": 740, "losses": {"task": 0.13811230286955833, "full_task": 0.10663308948278427, "self_feature": 0.7116258442401886, "feature": 0.8813895583152771, "loss_actionness": 0.20959482714533806, "loss_transition": 0.6549521684646606, "loss_boundary": 0.0031367866322398186, "cost": 1.9850064516067505}, "peak_gib": 8.362556457519531}
{"epoch": 8, "successful_updates": 760, "losses": {"task": 0.954528521746397, "full_task": 0.7444244585931301, "self_feature": 0.7181843519210815, "feature": 0.942839115858078, "loss_actionness": 0.13660813868045807, "loss_transition": 0.6668848097324371, "loss_boundary": 0.003150867880322039, "cost": 2.9619359970092773}, "peak_gib": 8.362556457519531}
{"epoch": 8, "successful_updates": 780, "losses": {"task": 0.5908511579036713, "full_task": 0.46114812791347504, "self_feature": 0.6310376524925232, "feature": 0.8695391416549683, "loss_actionness": 0.26430317759513855, "loss_transition": 0.6621237993240356, "loss_boundary": 3.0852450436213985e-05, "cost": 2.565238833427429}, "peak_gib": 8.362556457519531}
{"epoch": 8, "successful_updates": 800, "losses": {"task": 0.5412537008523941, "full_task": 0.42819535732269287, "self_feature": 0.6384592354297638, "feature": 0.8831580281257629, "loss_actionness": 0.1257602758705616, "loss_transition": 0.6704161763191223, "loss_boundary": 0.0031738688703626394, "cost": 2.394656777381897}, "peak_gib": 8.362556457519531}
09/14 11:50:07 - mmengine - WARNING - "FileClient" will be deprecated in future. Please use io functions in https://mmengine.readthedocs.io/en/latest/api/fileio.html#file-io
09/14 11:50:07 - mmengine - WARNING - "FileClient" will be deprecated in future. Please use io functions in https://mmengine.readthedocs.io/en/latest/api/fileio.html#file-io
09/14 11:50:07 - mmengine - WARNING - "HardDiskBackend" is the alias of "LocalBackend" and the former will be deprecated in future.
09/14 11:50:07 - mmengine - WARNING - "HardDiskBackend" is the alias of "LocalBackend" and the former will be deprecated in future.
{"epoch": 9, "successful_updates": 820, "losses": {"task": 0.22586233168840408, "full_task": 0.15656297653913498, "self_feature": 0.5296167731285095, "feature": 0.739336222410202, "loss_actionness": 0.219933420419693, "loss_transition": 0.6049562990665436, "loss_boundary": 0.0016670672994223423, "cost": 1.883857786655426}, "peak_gib": 8.362556457519531}
{"epoch": 9, "successful_updates": 840, "losses": {"task": 0.5100550204515457, "full_task": 0.468052476644516, "self_feature": 0.7191745638847351, "feature": 0.989031046628952, "loss_actionness": 0.15167947858572006, "loss_transition": 0.665928989648819, "loss_boundary": 3.085245225520339e-05, "cost": 2.505655884742737}, "peak_gib": 8.362556457519531}
{"epoch": 9, "successful_updates": 860, "losses": {"task": 0.39027421921491623, "full_task": 0.38138996064662933, "self_feature": 0.513784259557724, "feature": 0.6316309571266174, "loss_actionness": 0.14570960402488708, "loss_transition": 0.6656594574451447, "loss_boundary": 0.0031302195275202394, "cost": 1.9831303358078003}, "peak_gib": 8.362556457519531}
{"epoch": 9, "successful_updates": 880, "losses": {"task": 0.28964102268218994, "full_task": 0.28870394825935364, "self_feature": 0.39507339149713516, "feature": 0.6275163143873215, "loss_actionness": 0.12728463485836983, "loss_transition": 0.6229453384876251, "loss_boundary": 0.0015818914689589292, "cost": 1.780652403831482}, "peak_gib": 8.362556457519531}
{"epoch": 9, "successful_updates": 900, "losses": {"task": 0.3356107324361801, "full_task": 0.2847684770822525, "self_feature": 0.5360060036182404, "feature": 0.6958313584327698, "loss_actionness": 0.12255899608135223, "loss_transition": 0.6474557220935822, "loss_boundary": 3.085245225520339e-05, "cost": 1.926280438899994}, "peak_gib": 8.362556457519531}
09/14 11:57:05 - mmengine - WARNING - "FileClient" will be deprecated in future. Please use io functions in https://mmengine.readthedocs.io/en/latest/api/fileio.html#file-io
09/14 11:57:05 - mmengine - WARNING - "FileClient" will be deprecated in future. Please use io functions in https://mmengine.readthedocs.io/en/latest/api/fileio.html#file-io
09/14 11:57:05 - mmengine - WARNING - "HardDiskBackend" is the alias of "LocalBackend" and the former will be deprecated in future.
09/14 11:57:05 - mmengine - WARNING - "HardDiskBackend" is the alias of "LocalBackend" and the former will be deprecated in future.
{"epoch": 10, "successful_updates": 920, "losses": {"task": 0.062101010233163834, "full_task": 0.05982803553342819, "self_feature": 0.6702477931976318, "feature": 0.9320843517780304, "loss_actionness": 0.1834394559264183, "loss_transition": 0.5424808710813522, "loss_boundary": 3.0852450436213985e-05, "cost": 1.8021183013916016}, "peak_gib": 8.362556457519531}
{"epoch": 10, "successful_updates": 940, "losses": {"task": 0.3049847036600113, "full_task": 0.3223813325166702, "self_feature": 0.631800040602684, "feature": 0.8208159804344177, "loss_actionness": 0.15059401094913483, "loss_transition": 0.6537262499332428, "loss_boundary": 0.003152287332341075, "cost": 2.077048599720001}, "peak_gib": 8.362556457519531}
{"epoch": 10, "successful_updates": 960, "losses": {"task": 0.33759751357138157, "full_task": 0.3446899149566889, "self_feature": 0.6105111837387085, "feature": 0.8336738049983978, "loss_actionness": 0.10288500785827637, "loss_transition": 0.6299309730529785, "loss_boundary": 3.085245225520339e-05, "cost": 2.0513417720794678}, "peak_gib": 8.362556457519531}
{"epoch": 10, "successful_updates": 980, "losses": {"task": 0.38976749032735825, "full_task": 0.30169758945703506, "self_feature": 0.7681709229946136, "feature": 0.8953394889831543, "loss_actionness": 0.1601126417517662, "loss_transition": 0.5809361040592194, "loss_boundary": 5.641286952595692e-05, "cost": 2.178453743457794}, "peak_gib": 8.362556457519531}
{"epoch": 10, "successful_updates": 1000, "losses": {"task": 0.1961987167596817, "full_task": 0.19327516946941614, "self_feature": 0.44203735142946243, "feature": 0.7133440971374512, "loss_actionness": 0.13782675564289093, "loss_transition": 0.596047580242157, "loss_boundary": 0.0017270607349928468, "cost": 1.7376667261123657}, "peak_gib": 8.362556457519531}
validation subset: 211 videos, truncated as 792 windows.
09/14 12:03:50 - mmengine - WARNING - "FileClient" will be deprecated in future. Please use io functions in https://mmengine.readthedocs.io/en/latest/api/fileio.html#file-io
09/14 12:03:50 - mmengine - WARNING - "FileClient" will be deprecated in future. Please use io functions in https://mmengine.readthedocs.io/en/latest/api/fileio.html#file-io
09/14 12:03:50 - mmengine - WARNING - "HardDiskBackend" is the alias of "LocalBackend" and the former will be deprecated in future.
09/14 12:03:50 - mmengine - WARNING - "HardDiskBackend" is the alias of "LocalBackend" and the former will be deprecated in future.
thumos_s_point_uniform_seed42 10: 1/792
thumos_s_point_uniform_seed42 10: 101/792
thumos_s_point_uniform_seed42 10: 201/792
thumos_s_point_uniform_seed42 10: 301/792
thumos_s_point_uniform_seed42 10: 401/792
thumos_s_point_uniform_seed42 10: 501/792
thumos_s_point_uniform_seed42 10: 601/792
thumos_s_point_uniform_seed42 10: 701/792
{'average_mAP': 0.6377125514691097, 'mAP@0.3': 0.7901807397607359, 'mAP@0.4': 0.7436321282005951, 'mAP@0.5': 0.675800788901853, 'mAP@0.6': 0.5652729881569439, 'mAP@0.7': 0.4136761123254204}
09/14 12:26:19 - mmengine - WARNING - "FileClient" will be deprecated in future. Please use io functions in https://mmengine.readthedocs.io/en/latest/api/fileio.html#file-io
09/14 12:26:19 - mmengine - WARNING - "FileClient" will be deprecated in future. Please use io functions in https://mmengine.readthedocs.io/en/latest/api/fileio.html#file-io
09/14 12:26:19 - mmengine - WARNING - "HardDiskBackend" is the alias of "LocalBackend" and the former will be deprecated in future.
09/14 12:26:19 - mmengine - WARNING - "HardDiskBackend" is the alias of "LocalBackend" and the former will be deprecated in future.
{"epoch": 11, "successful_updates": 1020, "losses": {"task": 0.08773894235491753, "full_task": 0.08842995390295982, "self_feature": 0.5703953057527542, "feature": 0.7616311311721802, "loss_actionness": 0.17771629244089127, "loss_transition": 0.6425544023513794, "loss_boundary": 3.085244861722458e-05, "cost": 1.7488186359405518}, "peak_gib": 8.29593563079834}
{"epoch": 11, "successful_updates": 1040, "losses": {"task": 0.3805111348628998, "full_task": 0.2979910671710968, "self_feature": 0.7883844971656799, "feature": 0.9859410524368286, "loss_actionness": 0.13677538186311722, "loss_transition": 0.6632015109062195, "loss_boundary": 0.0032354516442865133, "cost": 2.3230007886886597}, "peak_gib": 8.296431541442871}
{"epoch": 11, "successful_updates": 1060, "losses": {"task": 1.2307395040988922, "full_task": 1.1394602842628956, "self_feature": 0.7118522226810455, "feature": 0.9355079233646393, "loss_actionness": 0.12669653818011284, "loss_transition": 0.6581629514694214, "loss_boundary": 0.003143843961879611, "cost": 3.3103013038635254}, "peak_gib": 8.319188594818115}
{"epoch": 11, "successful_updates": 1080, "losses": {"task": 0.467757236212492, "full_task": 0.38295148499310017, "self_feature": 0.6287133395671844, "feature": 0.8625001013278961, "loss_actionness": 0.1170734241604805, "loss_transition": 0.6670363545417786, "loss_boundary": 3.088654193561524e-05, "cost": 2.273007333278656}, "peak_gib": 8.319188594818115}
{"epoch": 11, "successful_updates": 1100, "losses": {"task": 0.2969265431165695, "full_task": 0.2508667353540659, "self_feature": 0.6965585947036743, "feature": 0.8443208038806915, "loss_actionness": 0.16801457107067108, "loss_transition": 0.6599385142326355, "loss_boundary": 0.003134861239232123, "cost": 2.1047077775001526}, "peak_gib": 8.319188594818115}
09/14 12:32:55 - mmengine - WARNING - "FileClient" will be deprecated in future. Please use io functions in https://mmengine.readthedocs.io/en/latest/api/fileio.html#file-io
09/14 12:32:55 - mmengine - WARNING - "FileClient" will be deprecated in future. Please use io functions in https://mmengine.readthedocs.io/en/latest/api/fileio.html#file-io
09/14 12:32:55 - mmengine - WARNING - "HardDiskBackend" is the alias of "LocalBackend" and the former will be deprecated in future.
09/14 12:32:55 - mmengine - WARNING - "HardDiskBackend" is the alias of "LocalBackend" and the former will be deprecated in future.
{"epoch": 12, "successful_updates": 1120, "losses": {"task": 0.16465016454458237, "full_task": 0.14530914276838303, "self_feature": 0.6456246674060822, "feature": 0.8582512736320496, "loss_actionness": 0.12414617836475372, "loss_transition": 0.6461953818798065, "loss_boundary": 0.0016542397352168337, "cost": 1.8957868814468384}, "peak_gib": 8.319188594818115}
{"epoch": 12, "successful_updates": 1140, "losses": {"task": 0.18626649677753448, "full_task": 0.1922958642244339, "self_feature": 0.5191803574562073, "feature": 0.7572415769100189, "loss_actionness": 0.2358725294470787, "loss_transition": 0.6542792618274689, "loss_boundary": 8.37295319797704e-05, "cost": 1.9337356686592102}, "peak_gib": 8.319188594818115}
{"epoch": 12, "successful_updates": 1160, "losses": {"task": 0.14590325206518173, "full_task": 0.10255842749029398, "self_feature": 0.7560368478298187, "feature": 0.9793735444545746, "loss_actionness": 0.15461068227887154, "loss_transition": 0.5781786441802979, "loss_boundary": 0.0015783002909302013, "cost": 1.9608877301216125}, "peak_gib": 8.319188594818115}
{"epoch": 12, "successful_updates": 1180, "losses": {"task": 0.30986568331718445, "full_task": 0.2600804939866066, "self_feature": 0.5444606393575668, "feature": 0.7344292998313904, "loss_actionness": 0.19339264184236526, "loss_transition": 0.6641887128353119, "loss_boundary": 0.003139658598229289, "cost": 2.0244821906089783}, "peak_gib": 8.330395221710205}
{"epoch": 12, "successful_updates": 1200, "losses": {"task": 0.29073427617549896, "full_task": 0.24830326437950134, "self_feature": 0.5504949688911438, "feature": 0.7750845551490784, "loss_actionness": 0.1291826106607914, "loss_transition": 0.6702859997749329, "loss_boundary": 3.085244861722458e-05, "cost": 1.9824435114860535}, "peak_gib": 8.35942554473877}
09/14 12:39:35 - mmengine - WARNING - "FileClient" will be deprecated in future. Please use io functions in https://mmengine.readthedocs.io/en/latest/api/fileio.html#file-io
09/14 12:39:35 - mmengine - WARNING - "FileClient" will be deprecated in future. Please use io functions in https://mmengine.readthedocs.io/en/latest/api/fileio.html#file-io
09/14 12:39:35 - mmengine - WARNING - "HardDiskBackend" is the alias of "LocalBackend" and the former will be deprecated in future.
09/14 12:39:35 - mmengine - WARNING - "HardDiskBackend" is the alias of "LocalBackend" and the former will be deprecated in future.
{"epoch": 13, "successful_updates": 1220, "losses": {"task": 0.4265894591808319, "full_task": 0.3675943613052368, "self_feature": 0.7242961525917053, "feature": 0.8642649352550507, "loss_actionness": 0.18883192166686058, "loss_transition": 0.6660171449184418, "loss_boundary": 0.003191910102032125, "cost": 2.3132234811782837}, "peak_gib": 8.35942554473877}
{"epoch": 13, "successful_updates": 1240, "losses": {"task": 0.41799676418304443, "full_task": 0.44232042133808136, "self_feature": 0.6087742298841476, "feature": 0.8072667121887207, "loss_actionness": 0.15168116986751556, "loss_transition": 0.662005215883255, "loss_boundary": 0.003204303327947855, "cost": 2.213611662387848}, "peak_gib": 8.35942554473877}
{"epoch": 13, "successful_updates": 1260, "losses": {"task": 0.12074953317642212, "full_task": 0.10700340941548347, "self_feature": 0.5829585194587708, "feature": 0.8254386186599731, "loss_actionness": 0.13213855773210526, "loss_transition": 0.6401771605014801, "loss_boundary": 3.0852450436213985e-05, "cost": 1.803581416606903}, "peak_gib": 8.35942554473877}
{"epoch": 13, "successful_updates": 1280, "losses": {"task": 0.7110314071178436, "full_task": 0.54890176653862, "self_feature": 0.838154524564743, "feature": 1.032170444726944, "loss_actionness": 0.15017838403582573, "loss_transition": 0.6607195734977722, "loss_boundary": 0.0023027363349683583, "cost": 2.777443528175354}, "peak_gib": 8.35942554473877}
{"epoch": 13, "successful_updates": 1300, "losses": {"task": 0.3128119707107544, "full_task": 0.30341510474681854, "self_feature": 0.44871799647808075, "feature": 0.6240275502204895, "loss_actionness": 0.11812528967857361, "loss_transition": 0.659743070602417, "loss_boundary": 0.0031349000055342913, "cost": 1.8385683298110962}, "peak_gib": 8.35942554473877}
09/14 12:46:09 - mmengine - WARNING - "FileClient" will be deprecated in future. Please use io functions in https://mmengine.readthedocs.io/en/latest/api/fileio.html#file-io
09/14 12:46:09 - mmengine - WARNING - "FileClient" will be deprecated in future. Please use io functions in https://mmengine.readthedocs.io/en/latest/api/fileio.html#file-io
09/14 12:46:09 - mmengine - WARNING - "HardDiskBackend" is the alias of "LocalBackend" and the former will be deprecated in future.
09/14 12:46:09 - mmengine - WARNING - "HardDiskBackend" is the alias of "LocalBackend" and the former will be deprecated in future.
{"epoch": 14, "successful_updates": 1320, "losses": {"task": 0.5265496671199799, "full_task": 0.4953773617744446, "self_feature": 0.7518613636493683, "feature": 1.0355942249298096, "loss_actionness": 0.11429556831717491, "loss_transition": 0.6653825342655182, "loss_boundary": 3.085245225520339e-05, "cost": 2.540883183479309}, "peak_gib": 8.35942554473877}
{"epoch": 14, "successful_updates": 1340, "losses": {"task": 0.17972254753112793, "full_task": 0.13961366191506386, "self_feature": 0.5811437964439392, "feature": 0.714759349822998, "loss_actionness": 0.1710234060883522, "loss_transition": 0.6286680102348328, "loss_boundary": 0.0017752997009665705, "cost": 1.7889664769172668}, "peak_gib": 8.35942554473877}
{"epoch": 14, "successful_updates": 1360, "losses": {"task": 0.32012758404016495, "full_task": 0.2736387103796005, "self_feature": 0.5018634051084518, "feature": 0.686153769493103, "loss_actionness": 0.19421153515577316, "loss_transition": 0.6435295641422272, "loss_boundary": 0.0016810605811770074, "cost": 1.964299499988556}, "peak_gib": 8.35942554473877}
{"epoch": 14, "successful_updates": 1380, "losses": {"task": 0.2787850499153137, "full_task": 0.23406551778316498, "self_feature": 0.5698188245296478, "feature": 0.6932876408100128, "loss_actionness": 0.1867969110608101, "loss_transition": 0.6470713317394257, "loss_boundary": 3.688320066430606e-05, "cost": 1.921476125717163}, "peak_gib": 8.35942554473877}
{"epoch": 14, "successful_updates": 1400, "losses": {"task": 1.1004287712275982, "full_task": 0.9542070925235748, "self_feature": 0.7427945137023926, "feature": 0.8529233634471893, "loss_actionness": 0.19230309128761292, "loss_transition": 0.6127314269542694, "loss_boundary": 0.00158964333604672, "cost": 3.072807490825653}, "peak_gib": 8.35942554473877}
09/14 12:53:17 - mmengine - WARNING - "FileClient" will be deprecated in future. Please use io functions in https://mmengine.readthedocs.io/en/latest/api/fileio.html#file-io
09/14 12:53:17 - mmengine - WARNING - "FileClient" will be deprecated in future. Please use io functions in https://mmengine.readthedocs.io/en/latest/api/fileio.html#file-io
09/14 12:53:17 - mmengine - WARNING - "HardDiskBackend" is the alias of "LocalBackend" and the former will be deprecated in future.
09/14 12:53:17 - mmengine - WARNING - "HardDiskBackend" is the alias of "LocalBackend" and the former will be deprecated in future.
{"epoch": 15, "successful_updates": 1420, "losses": {"task": 0.32684923708438873, "full_task": 0.3205071687698364, "self_feature": 0.43070361018180847, "feature": 0.6695140302181244, "loss_actionness": 0.1448107808828354, "loss_transition": 0.6296361088752747, "loss_boundary": 0.0015908566128928214, "cost": 1.8955982327461243}, "peak_gib": 8.35942554473877}
{"epoch": 15, "successful_updates": 1440, "losses": {"task": 0.1683385744690895, "full_task": 0.15650734305381775, "self_feature": 0.5260429978370667, "feature": 0.7597346007823944, "loss_actionness": 0.13230307400226593, "loss_transition": 0.5837323367595673, "loss_boundary": 3.085244861722458e-05, "cost": 1.735870599746704}, "peak_gib": 8.35942554473877}
{"epoch": 15, "successful_updates": 1460, "losses": {"task": 0.33334076404571533, "full_task": 0.26566846668720245, "self_feature": 0.883433997631073, "feature": 1.0849733352661133, "loss_actionness": 0.11681057140231133, "loss_transition": 0.6489454805850983, "loss_boundary": 0.0031384757021442056, "cost": 2.341969132423401}, "peak_gib": 8.35942554473877}
{"epoch": 15, "successful_updates": 1480, "losses": {"task": 0.9163233190774918, "full_task": 0.8633482158184052, "self_feature": 0.5448586940765381, "feature": 0.7885099351406097, "loss_actionness": 0.12754202634096146, "loss_transition": 0.6056987345218658, "loss_boundary": 0.0015789148455951363, "cost": 2.7099756598472595}, "peak_gib": 8.35942554473877}
{"epoch": 15, "successful_updates": 1500, "losses": {"task": 1.1164888814091682, "full_task": 1.0667530298233032, "self_feature": 0.5841234624385834, "feature": 0.8182551264762878, "loss_actionness": 0.16727489233016968, "loss_transition": 0.6662051975727081, "loss_boundary": 3.245417792641092e-05, "cost": 3.093357264995575}, "peak_gib": 8.35942554473877}
09/14 13:00:34 - mmengine - WARNING - "FileClient" will be deprecated in future. Please use io functions in https://mmengine.readthedocs.io/en/latest/api/fileio.html#file-io
09/14 13:00:34 - mmengine - WARNING - "FileClient" will be deprecated in future. Please use io functions in https://mmengine.readthedocs.io/en/latest/api/fileio.html#file-io
09/14 13:00:34 - mmengine - WARNING - "HardDiskBackend" is the alias of "LocalBackend" and the former will be deprecated in future.
09/14 13:00:34 - mmengine - WARNING - "HardDiskBackend" is the alias of "LocalBackend" and the former will be deprecated in future.
{"epoch": 16, "successful_updates": 1520, "losses": {"task": 1.3098216839134693, "full_task": 1.0202185362577438, "self_feature": 0.9176734089851379, "feature": 1.180945336818695, "loss_actionness": 0.142473503947258, "loss_transition": 0.6613112390041351, "loss_boundary": 0.0031339575070887804, "cost": 3.644507586956024}, "peak_gib": 8.360193252563477}
{"epoch": 16, "successful_updates": 1540, "losses": {"task": 0.10116680804640055, "full_task": 0.0984664810821414, "self_feature": 0.1736709512770176, "feature": 0.4097824990749359, "loss_actionness": 0.15877526625990868, "loss_transition": 0.5157981067895889, "loss_boundary": 3.085244861722458e-05, "cost": 1.227537214756012}, "peak_gib": 8.360193252563477}
{"epoch": 16, "successful_updates": 1560, "losses": {"task": 0.2213296117261052, "full_task": 0.21070460602641106, "self_feature": 0.61331507563591, "feature": 0.8718078434467316, "loss_actionness": 0.12013915553689003, "loss_transition": 0.5816219747066498, "loss_boundary": 3.085244861722458e-05, "cost": 1.9089370965957642}, "peak_gib": 8.360193252563477}
{"epoch": 16, "successful_updates": 1580, "losses": {"task": 1.4422850608825684, "full_task": 1.2045925855636597, "self_feature": 0.7574180960655212, "feature": 0.968113899230957, "loss_actionness": 0.2152376025915146, "loss_transition": 0.6698941886425018, "loss_boundary": 0.0031867341604083776, "cost": 3.675607442855835}, "peak_gib": 8.360193252563477}
{"epoch": 16, "successful_updates": 1600, "losses": {"task": 0.2489670142531395, "full_task": 0.264965558424592, "self_feature": 0.7300210893154144, "feature": 0.9378167390823364, "loss_actionness": 0.14151743054389954, "loss_transition": 0.6609903872013092, "loss_boundary": 0.0033283045049756765, "cost": 2.1318634748458862}, "peak_gib": 8.360193252563477}
09/14 13:07:46 - mmengine - WARNING - "FileClient" will be deprecated in future. Please use io functions in https://mmengine.readthedocs.io/en/latest/api/fileio.html#file-io
09/14 13:07:46 - mmengine - WARNING - "FileClient" will be deprecated in future. Please use io functions in https://mmengine.readthedocs.io/en/latest/api/fileio.html#file-io
09/14 13:07:46 - mmengine - WARNING - "HardDiskBackend" is the alias of "LocalBackend" and the former will be deprecated in future.
09/14 13:07:46 - mmengine - WARNING - "HardDiskBackend" is the alias of "LocalBackend" and the former will be deprecated in future.
{"epoch": 17, "successful_updates": 1620, "losses": {"task": 0.12997734174132347, "full_task": 0.12814246490597725, "self_feature": 0.5330013632774353, "feature": 0.7485890090465546, "loss_actionness": 0.13293901830911636, "loss_transition": 0.6301209628582001, "loss_boundary": 3.0852450436213985e-05, "cost": 1.726992905139923}, "peak_gib": 8.360193252563477}
{"epoch": 17, "successful_updates": 1640, "losses": {"task": 1.4591664671897888, "full_task": 1.1756070852279663, "self_feature": 0.822430819272995, "feature": 0.9610704183578491, "loss_actionness": 0.1541096568107605, "loss_transition": 0.6606969833374023, "loss_boundary": 0.002566255978308618, "cost": 3.613754630088806}, "peak_gib": 8.360745429992676}
{"epoch": 17, "successful_updates": 1660, "losses": {"task": 0.642677903175354, "full_task": 0.6882029175758362, "self_feature": 0.44475257396698, "feature": 0.6470630168914795, "loss_actionness": 0.13994474709033966, "loss_transition": 0.6233603358268738, "loss_boundary": 0.0015992574990377761, "cost": 2.2711713314056396}, "peak_gib": 8.360745429992676}
{"epoch": 17, "successful_updates": 1680, "losses": {"task": 0.14254928473383188, "full_task": 0.13769199699163437, "self_feature": 0.7597558498382568, "feature": 0.9657387137413025, "loss_actionness": 0.10842495784163475, "loss_transition": 0.6703260540962219, "loss_boundary": 3.0852450436213985e-05, "cost": 1.9974684119224548}, "peak_gib": 8.360745429992676}
{"epoch": 17, "successful_updates": 1700, "losses": {"task": 0.2967529594898224, "full_task": 0.16719555109739304, "self_feature": 0.6358924806118011, "feature": 0.7527418732643127, "loss_actionness": 0.1712038218975067, "loss_transition": 0.6609225273132324, "loss_boundary": 0.003132210811600089, "cost": 1.9901416301727295}, "peak_gib": 8.360745429992676}
09/14 13:14:53 - mmengine - WARNING - "FileClient" will be deprecated in future. Please use io functions in https://mmengine.readthedocs.io/en/latest/api/fileio.html#file-io
09/14 13:14:53 - mmengine - WARNING - "FileClient" will be deprecated in future. Please use io functions in https://mmengine.readthedocs.io/en/latest/api/fileio.html#file-io
09/14 13:14:53 - mmengine - WARNING - "HardDiskBackend" is the alias of "LocalBackend" and the former will be deprecated in future.
09/14 13:14:53 - mmengine - WARNING - "HardDiskBackend" is the alias of "LocalBackend" and the former will be deprecated in future.
{"epoch": 18, "successful_updates": 1720, "losses": {"task": 0.9443313479423523, "full_task": 0.8720313906669617, "self_feature": 0.5808614194393158, "feature": 0.7802796959877014, "loss_actionness": 0.16121633350849152, "loss_transition": 0.6681900322437286, "loss_boundary": 0.0031559683848172426, "cost": 2.833267331123352}, "peak_gib": 8.360745429992676}
{"epoch": 18, "successful_updates": 1740, "losses": {"task": 0.0996478721499443, "full_task": 0.09360072389245033, "self_feature": 0.670689731836319, "feature": 0.913587212562561, "loss_actionness": 0.09844526648521423, "loss_transition": 0.5240149945020676, "loss_boundary": 3.0852450436213985e-05, "cost": 1.7261952757835388}, "peak_gib": 8.360745429992676}
{"epoch": 18, "successful_updates": 1760, "losses": {"task": 0.633770624641329, "full_task": 0.6390195786952972, "self_feature": 0.6170510649681091, "feature": 0.7905273139476776, "loss_actionness": 0.15194815024733543, "loss_transition": 0.5778661817312241, "loss_boundary": 0.001618704905922641, "cost": 2.3771908283233643}, "peak_gib": 8.360745429992676}
{"epoch": 18, "successful_updates": 1780, "losses": {"task": 0.5212616920471191, "full_task": 0.4347406327724457, "self_feature": 0.6669780910015106, "feature": 0.867728590965271, "loss_actionness": 0.12121228873729706, "loss_transition": 0.6530871987342834, "loss_boundary": 0.003128686104901135, "cost": 2.341801404953003}, "peak_gib": 8.360745429992676}
{"epoch": 18, "successful_updates": 1800, "losses": {"task": 0.8801801800727844, "full_task": 0.8580673187971115, "self_feature": 0.5695540904998779, "feature": 0.8120908141136169, "loss_actionness": 0.14079175889492035, "loss_transition": 0.652743011713028, "loss_boundary": 6.873614620417356e-05, "cost": 2.757346749305725}, "peak_gib": 8.36075210571289}
09/14 13:22:10 - mmengine - WARNING - "FileClient" will be deprecated in future. Please use io functions in https://mmengine.readthedocs.io/en/latest/api/fileio.html#file-io
09/14 13:22:10 - mmengine - WARNING - "FileClient" will be deprecated in future. Please use io functions in https://mmengine.readthedocs.io/en/latest/api/fileio.html#file-io
09/14 13:22:10 - mmengine - WARNING - "HardDiskBackend" is the alias of "LocalBackend" and the former will be deprecated in future.
09/14 13:22:10 - mmengine - WARNING - "HardDiskBackend" is the alias of "LocalBackend" and the former will be deprecated in future.
{"epoch": 19, "successful_updates": 1820, "losses": {"task": 0.31403684616088867, "full_task": 0.24057476222515106, "self_feature": 0.9441152811050415, "feature": 1.1324147582054138, "loss_actionness": 0.15626544877886772, "loss_transition": 0.672662764787674, "loss_boundary": 0.0031285309232771397, "cost": 2.433063507080078}, "peak_gib": 8.36075210571289}
{"epoch": 19, "successful_updates": 1840, "losses": {"task": 0.251498281955719, "full_task": 0.2337011992931366, "self_feature": 0.5003038197755814, "feature": 0.7034242451190948, "loss_actionness": 0.1340823695063591, "loss_transition": 0.6350002884864807, "loss_boundary": 0.0016434888384537771, "cost": 1.8341044187545776}, "peak_gib": 8.36075210571289}
{"epoch": 19, "successful_updates": 1860, "losses": {"task": 0.46384653076529503, "full_task": 0.3562852218747139, "self_feature": 0.6009548306465149, "feature": 0.8792664408683777, "loss_actionness": 0.1445484533905983, "loss_transition": 0.6452241539955139, "loss_boundary": 3.197432306478731e-05, "cost": 2.2820845246315002}, "peak_gib": 8.36075210571289}
{"epoch": 19, "successful_updates": 1880, "losses": {"task": 0.0636452417820692, "full_task": 0.05902753584086895, "self_feature": 0.603409618139267, "feature": 0.7827501595020294, "loss_actionness": 0.14672823250293732, "loss_transition": 0.5834179520606995, "loss_boundary": 3.085244861722458e-05, "cost": 1.6516703367233276}, "peak_gib": 8.36075210571289}
{"epoch": 19, "successful_updates": 1900, "losses": {"task": 0.8468838632106781, "full_task": 0.8663975596427917, "self_feature": 0.5546845048666, "feature": 0.7811040580272675, "loss_actionness": 0.17960233241319656, "loss_transition": 0.6699422001838684, "loss_boundary": 0.003247226821258664, "cost": 2.75284743309021}, "peak_gib": 8.36075210571289}
09/14 13:29:36 - mmengine - WARNING - "FileClient" will be deprecated in future. Please use io functions in https://mmengine.readthedocs.io/en/latest/api/fileio.html#file-io
09/14 13:29:36 - mmengine - WARNING - "FileClient" will be deprecated in future. Please use io functions in https://mmengine.readthedocs.io/en/latest/api/fileio.html#file-io
09/14 13:29:36 - mmengine - WARNING - "HardDiskBackend" is the alias of "LocalBackend" and the former will be deprecated in future.
09/14 13:29:36 - mmengine - WARNING - "HardDiskBackend" is the alias of "LocalBackend" and the former will be deprecated in future.
{"epoch": 20, "successful_updates": 1920, "losses": {"task": 0.19871799647808075, "full_task": 0.18941443413496017, "self_feature": 0.7584094107151031, "feature": 0.9677762985229492, "loss_actionness": 0.11676473170518875, "loss_transition": 0.6078897714614868, "loss_boundary": 3.085245225520339e-05, "cost": 2.014374077320099}, "peak_gib": 8.36075210571289}
{"epoch": 20, "successful_updates": 1940, "losses": {"task": 0.23825661838054657, "full_task": 0.1507061868906021, "self_feature": 0.8426757752895355, "feature": 1.0567536056041718, "loss_actionness": 0.12895124405622482, "loss_transition": 0.6525193154811859, "loss_boundary": 0.003133256803266704, "cost": 2.2015581727027893}, "peak_gib": 8.36075210571289}
{"epoch": 20, "successful_updates": 1960, "losses": {"task": 0.16325541585683823, "full_task": 0.1674637459218502, "self_feature": 0.3015298396348953, "feature": 0.48635026812553406, "loss_actionness": 0.21845977753400803, "loss_transition": 0.5955341458320618, "loss_boundary": 0.0007901347998995334, "cost": 1.5364086627960205}, "peak_gib": 8.36075210571289}
{"epoch": 20, "successful_updates": 1980, "losses": {"task": 0.6119759529829025, "full_task": 0.4459267109632492, "self_feature": 0.6796312630176544, "feature": 0.9506109654903412, "loss_actionness": 0.19452951848506927, "loss_transition": 0.6625378727912903, "loss_boundary": 3.085244679823518e-05, "cost": 2.599129855632782}, "peak_gib": 8.36075210571289}
{"epoch": 20, "successful_updates": 2000, "losses": {"task": 0.4154787212610245, "full_task": 0.29243747144937515, "self_feature": 0.9028530716896057, "feature": 1.0856416821479797, "loss_actionness": 0.13128133863210678, "loss_transition": 0.6621617376804352, "loss_boundary": 0.003132970305159688, "cost": 2.4610912799835205}, "peak_gib": 8.36075210571289}
validation subset: 211 videos, truncated as 792 windows.
09/14 13:37:05 - mmengine - WARNING - "FileClient" will be deprecated in future. Please use io functions in https://mmengine.readthedocs.io/en/latest/api/fileio.html#file-io
09/14 13:37:05 - mmengine - WARNING - "FileClient" will be deprecated in future. Please use io functions in https://mmengine.readthedocs.io/en/latest/api/fileio.html#file-io
09/14 13:37:05 - mmengine - WARNING - "HardDiskBackend" is the alias of "LocalBackend" and the former will be deprecated in future.
09/14 13:37:05 - mmengine - WARNING - "HardDiskBackend" is the alias of "LocalBackend" and the former will be deprecated in future.
thumos_s_point_uniform_seed42 20: 1/792
thumos_s_point_uniform_seed42 20: 101/792
thumos_s_point_uniform_seed42 20: 201/792
thumos_s_point_uniform_seed42 20: 301/792
thumos_s_point_uniform_seed42 20: 401/792
thumos_s_point_uniform_seed42 20: 501/792
thumos_s_point_uniform_seed42 20: 601/792
thumos_s_point_uniform_seed42 20: 701/792
{'average_mAP': 0.6454003814906254, 'mAP@0.3': 0.7993259145321594, 'mAP@0.4': 0.7590433352843754, 'mAP@0.5': 0.6773968542881283, 'mAP@0.6': 0.5688835563709939, 'mAP@0.7': 0.4223522469774695}
09/14 14:01:45 - mmengine - WARNING - "FileClient" will be deprecated in future. Please use io functions in https://mmengine.readthedocs.io/en/latest/api/fileio.html#file-io
09/14 14:01:45 - mmengine - WARNING - "FileClient" will be deprecated in future. Please use io functions in https://mmengine.readthedocs.io/en/latest/api/fileio.html#file-io
09/14 14:01:45 - mmengine - WARNING - "HardDiskBackend" is the alias of "LocalBackend" and the former will be deprecated in future.
09/14 14:01:45 - mmengine - WARNING - "HardDiskBackend" is the alias of "LocalBackend" and the former will be deprecated in future.
{"epoch": 21, "successful_updates": 2020, "losses": {"task": 0.11280979961156845, "full_task": 0.08448217436671257, "self_feature": 0.6396299302577972, "feature": 0.8056621849536896, "loss_actionness": 0.1820043884217739, "loss_transition": 0.66427281498909, "loss_boundary": 0.0031573401065543294, "cost": 1.8529900312423706}, "peak_gib": 8.319190502166748}
{"epoch": 21, "successful_updates": 2040, "losses": {"task": 0.17334693670272827, "full_task": 0.16859501600265503, "self_feature": 0.5562398731708527, "feature": 0.7334511578083038, "loss_actionness": 0.14044079184532166, "loss_transition": 0.6594961583614349, "loss_boundary": 3.085245225520339e-05, "cost": 1.8045386672019958}, "peak_gib": 8.319190502166748}
{"epoch": 21, "successful_updates": 2060, "losses": {"task": 0.18769042193889618, "full_task": 0.1490669623017311, "self_feature": 0.6514989137649536, "feature": 0.8971551060676575, "loss_actionness": 0.19789677113294601, "loss_transition": 0.5848937630653381, "loss_boundary": 0.001794956191588426, "cost": 1.9718477129936218}, "peak_gib": 8.319190502166748}
{"epoch": 21, "successful_updates": 2080, "losses": {"task": 0.1333582866936922, "full_task": 0.11649429798126221, "self_feature": 0.6842463612556458, "feature": 0.855059027671814, "loss_actionness": 0.13201509416103363, "loss_transition": 0.6744600534439087, "loss_boundary": 0.0032226962503045797, "cost": 1.8956634998321533}, "peak_gib": 8.319190502166748}
{"epoch": 21, "successful_updates": 2100, "losses": {"task": 1.128084346652031, "full_task": 0.9287916719913483, "self_feature": 0.5801016092300415, "feature": 0.8469971418380737, "loss_actionness": 0.1419161558151245, "loss_transition": 0.6603495478630066, "loss_boundary": 3.470725459919777e-05, "cost": 3.067590057849884}, "peak_gib": 8.319190502166748}
09/14 14:09:00 - mmengine - WARNING - "FileClient" will be deprecated in future. Please use io functions in https://mmengine.readthedocs.io/en/latest/api/fileio.html#file-io
09/14 14:09:00 - mmengine - WARNING - "FileClient" will be deprecated in future. Please use io functions in https://mmengine.readthedocs.io/en/latest/api/fileio.html#file-io
09/14 14:09:00 - mmengine - WARNING - "HardDiskBackend" is the alias of "LocalBackend" and the former will be deprecated in future.
09/14 14:09:00 - mmengine - WARNING - "HardDiskBackend" is the alias of "LocalBackend" and the former will be deprecated in future.
{"epoch": 22, "successful_updates": 2120, "losses": {"task": 0.40165875852108, "full_task": 0.3304932191967964, "self_feature": 0.8371829688549042, "feature": 1.0056227445602417, "loss_actionness": 0.13565382361412048, "loss_transition": 0.6627736687660217, "loss_boundary": 0.0031315948581323028, "cost": 2.375182271003723}, "peak_gib": 8.319190502166748}
{"epoch": 22, "successful_updates": 2140, "losses": {"task": 0.6228093169629574, "full_task": 0.5703394487500191, "self_feature": 0.6665331721305847, "feature": 0.8878552913665771, "loss_actionness": 0.11100183427333832, "loss_transition": 0.6582089364528656, "loss_boundary": 0.00313109892886132, "cost": 2.49224454164505}, "peak_gib": 8.330397129058838}
{"epoch": 22, "successful_updates": 2160, "losses": {"task": 0.954619437456131, "full_task": 0.863600492477417, "self_feature": 0.43487587571144104, "feature": 0.654832661151886, "loss_actionness": 0.2043946012854576, "loss_transition": 0.6134471297264099, "loss_boundary": 6.349115392367821e-05, "cost": 2.6867449283599854}, "peak_gib": 8.330397129058838}
{"epoch": 22, "successful_updates": 2180, "losses": {"task": 0.827441468834877, "full_task": 0.5188922211527824, "self_feature": 0.7118754982948303, "feature": 0.8989205360412598, "loss_actionness": 0.18562990054488182, "loss_transition": 0.6585197746753693, "loss_boundary": 0.0031961839413270354, "cost": 2.7746185064315796}, "peak_gib": 8.330397129058838}
{"epoch": 22, "successful_updates": 2200, "losses": {"task": 0.6117469370365143, "full_task": 0.5587619692087173, "self_feature": 0.6561959087848663, "feature": 0.8942877650260925, "loss_actionness": 0.19373299181461334, "loss_transition": 0.6617914438247681, "loss_boundary": 0.0031432751566171646, "cost": 2.5700125694274902}, "peak_gib": 8.330397129058838}
09/14 14:16:21 - mmengine - WARNING - "FileClient" will be deprecated in future. Please use io functions in https://mmengine.readthedocs.io/en/latest/api/fileio.html#file-io
09/14 14:16:21 - mmengine - WARNING - "FileClient" will be deprecated in future. Please use io functions in https://mmengine.readthedocs.io/en/latest/api/fileio.html#file-io
09/14 14:16:21 - mmengine - WARNING - "HardDiskBackend" is the alias of "LocalBackend" and the former will be deprecated in future.
09/14 14:16:21 - mmengine - WARNING - "HardDiskBackend" is the alias of "LocalBackend" and the former will be deprecated in future.
{"epoch": 23, "successful_updates": 2220, "losses": {"task": 0.13188757747411728, "full_task": 0.1114342100918293, "self_feature": 0.7088378071784973, "feature": 0.9161951541900635, "loss_actionness": 0.18377814441919327, "loss_transition": 0.644065797328949, "loss_boundary": 3.085245225520339e-05, "cost": 1.9746999144554138}, "peak_gib": 8.330397129058838}
{"epoch": 23, "successful_updates": 2240, "losses": {"task": 0.29560552537441254, "full_task": 0.22172032296657562, "self_feature": 0.5854969322681427, "feature": 0.7710116505622864, "loss_actionness": 0.1541692167520523, "loss_transition": 0.5962693989276886, "loss_boundary": 0.0003318147428217344, "cost": 1.9313673973083496}, "peak_gib": 8.36113452911377}
{"epoch": 23, "successful_updates": 2260, "losses": {"task": 0.362989142537117, "full_task": 0.34935804456472397, "self_feature": 0.47399744391441345, "feature": 0.6335949599742889, "loss_actionness": 0.13593783229589462, "loss_transition": 0.6374393105506897, "loss_boundary": 0.0018952165846712887, "cost": 1.906595766544342}, "peak_gib": 8.36113452911377}
{"epoch": 23, "successful_updates": 2280, "losses": {"task": 0.9793590307235718, "full_task": 0.9046502113342285, "self_feature": 0.533874049782753, "feature": 0.6365185976028442, "loss_actionness": 0.1365332379937172, "loss_transition": 0.6643064022064209, "loss_boundary": 5.8072477258974686e-05, "cost": 2.6963253021240234}, "peak_gib": 8.36113452911377}
{"epoch": 23, "successful_updates": 2300, "losses": {"task": 0.26305505260825157, "full_task": 0.2843857854604721, "self_feature": 0.8403750956058502, "feature": 1.0212448239326477, "loss_actionness": 0.13282616436481476, "loss_transition": 0.6291762888431549, "loss_boundary": 0.0016953532758634537, "cost": 2.2031315565109253}, "peak_gib": 8.36113452911377}
09/14 14:23:35 - mmengine - WARNING - "FileClient" will be deprecated in future. Please use io functions in https://mmengine.readthedocs.io/en/latest/api/fileio.html#file-io
09/14 14:23:35 - mmengine - WARNING - "FileClient" will be deprecated in future. Please use io functions in https://mmengine.readthedocs.io/en/latest/api/fileio.html#file-io
09/14 14:23:35 - mmengine - WARNING - "HardDiskBackend" is the alias of "LocalBackend" and the former will be deprecated in future.
09/14 14:23:35 - mmengine - WARNING - "HardDiskBackend" is the alias of "LocalBackend" and the former will be deprecated in future.
{"epoch": 24, "successful_updates": 2320, "losses": {"task": 0.7456354852765799, "full_task": 0.7847725804895163, "self_feature": 0.3557887226343155, "feature": 0.45545195043087006, "loss_actionness": 0.11271969228982925, "loss_transition": 0.6557269394397736, "loss_boundary": 0.002459046896547079, "cost": 2.2037652134895325}, "peak_gib": 8.36113452911377}
{"epoch": 24, "successful_updates": 2340, "losses": {"task": 0.03891798108816147, "full_task": 0.047791630029678345, "self_feature": 0.558125227689743, "feature": 0.7434671819210052, "loss_actionness": 0.15233366563916206, "loss_transition": 0.54933762550354, "loss_boundary": 3.085245225520339e-05, "cost": 1.551847755908966}, "peak_gib": 8.36113452911377}
{"epoch": 24, "successful_updates": 2360, "losses": {"task": 0.527075007557869, "full_task": 0.3591158166527748, "self_feature": 0.6573042571544647, "feature": 0.9147895276546478, "loss_actionness": 0.1671343855559826, "loss_transition": 0.533633828163147, "loss_boundary": 0.001578944184075226, "cost": 2.29972106218338}, "peak_gib": 8.36113452911377}
{"epoch": 24, "successful_updates": 2380, "losses": {"task": 0.4424879178404808, "full_task": 0.45035744458436966, "self_feature": 0.6124775111675262, "feature": 0.7849987149238586, "loss_actionness": 0.12162848562002182, "loss_transition": 0.6703809797763824, "loss_boundary": 0.0032917181961238384, "cost": 2.196624994277954}, "peak_gib": 8.36113452911377}
{"epoch": 24, "successful_updates": 2400, "losses": {"task": 0.4485313892364502, "full_task": 0.39581698179244995, "self_feature": 0.41760818660259247, "feature": 0.5541826784610748, "loss_actionness": 0.20832737535238266, "loss_transition": 0.6573927700519562, "loss_boundary": 3.0852450436213985e-05, "cost": 2.009180009365082}, "peak_gib": 8.36113452911377}
09/14 14:30:51 - mmengine - WARNING - "FileClient" will be deprecated in future. Please use io functions in https://mmengine.readthedocs.io/en/latest/api/fileio.html#file-io
09/14 14:30:51 - mmengine - WARNING - "FileClient" will be deprecated in future. Please use io functions in https://mmengine.readthedocs.io/en/latest/api/fileio.html#file-io
09/14 14:30:51 - mmengine - WARNING - "HardDiskBackend" is the alias of "LocalBackend" and the former will be deprecated in future.
09/14 14:30:51 - mmengine - WARNING - "HardDiskBackend" is the alias of "LocalBackend" and the former will be deprecated in future.
{"epoch": 25, "successful_updates": 2420, "losses": {"task": 0.8288074433803558, "full_task": 0.6381466686725616, "self_feature": 0.933063417673111, "feature": 1.1622654795646667, "loss_actionness": 0.18575721979141235, "loss_transition": 0.6616999506950378, "loss_boundary": 0.003140299580991268, "cost": 3.094513177871704}, "peak_gib": 8.36113452911377}
{"epoch": 25, "successful_updates": 2440, "losses": {"task": 0.21653416752815247, "full_task": 0.23739590495824814, "self_feature": 0.6226165890693665, "feature": 0.847294270992279, "loss_actionness": 0.1319810375571251, "loss_transition": 0.6521323919296265, "loss_boundary": 0.0021092845126986504, "cost": 1.9716618061065674}, "peak_gib": 8.36113452911377}
{"epoch": 25, "successful_updates": 2460, "losses": {"task": 0.17691915668547153, "full_task": 0.14933042135089636, "self_feature": 0.5039288997650146, "feature": 0.6855620443820953, "loss_actionness": 0.1280176267027855, "loss_transition": 0.6701631546020508, "loss_boundary": 3.085244861722458e-05, "cost": 1.7484183311462402}, "peak_gib": 8.36113452911377}
{"epoch": 25, "successful_updates": 2480, "losses": {"task": 0.2012774720788002, "full_task": 0.1430915743112564, "self_feature": 0.6973823308944702, "feature": 0.8690023422241211, "loss_actionness": 0.14979468286037445, "loss_transition": 0.622428834438324, "loss_boundary": 0.0008603059395682067, "cost": 1.948874831199646}, "peak_gib": 8.36113452911377}
{"epoch": 25, "successful_updates": 2500, "losses": {"task": 0.496043436229229, "full_task": 0.4102057218551636, "self_feature": 0.5295612514019012, "feature": 0.6818073689937592, "loss_actionness": 0.11960160359740257, "loss_transition": 0.6630635261535645, "loss_boundary": 0.0032512154430150986, "cost": 2.1192747354507446}, "peak_gib": 8.36113452911377}
09/14 14:38:09 - mmengine - WARNING - "FileClient" will be deprecated in future. Please use io functions in https://mmengine.readthedocs.io/en/latest/api/fileio.html#file-io
09/14 14:38:09 - mmengine - WARNING - "FileClient" will be deprecated in future. Please use io functions in https://mmengine.readthedocs.io/en/latest/api/fileio.html#file-io
09/14 14:38:09 - mmengine - WARNING - "HardDiskBackend" is the alias of "LocalBackend" and the former will be deprecated in future.
09/14 14:38:09 - mmengine - WARNING - "HardDiskBackend" is the alias of "LocalBackend" and the former will be deprecated in future.
{"epoch": 26, "successful_updates": 2520, "losses": {"task": 0.4675874412059784, "full_task": 0.30634838342666626, "self_feature": 0.6322101056575775, "feature": 0.8319259285926819, "loss_actionness": 0.17724661529064178, "loss_transition": 0.6239840686321259, "loss_boundary": 3.309033672849182e-05, "cost": 2.240585148334503}, "peak_gib": 8.36113452911377}
{"epoch": 26, "successful_updates": 2540, "losses": {"task": 0.24096859991550446, "full_task": 0.22025245428085327, "self_feature": 0.613784909248352, "feature": 0.7257820665836334, "loss_actionness": 0.15527646243572235, "loss_transition": 0.6407348215579987, "loss_boundary": 0.0017513192869955674, "cost": 1.8809548616409302}, "peak_gib": 8.36113452911377}
{"epoch": 26, "successful_updates": 2560, "losses": {"task": 0.5312292240560055, "full_task": 0.49765914864838123, "self_feature": 0.5950931906700134, "feature": 0.759558379650116, "loss_actionness": 0.09388472884893417, "loss_transition": 0.6597386002540588, "loss_boundary": 0.0034390600631013513, "cost": 2.2317742705345154}, "peak_gib": 8.36113452911377}
{"epoch": 26, "successful_updates": 2580, "losses": {"task": 0.17208614200353622, "full_task": 0.15512396395206451, "self_feature": 0.8075248003005981, "feature": 0.9425924122333527, "loss_actionness": 0.15975624322891235, "loss_transition": 0.5226414203643799, "loss_boundary": 3.0852450436213985e-05, "cost": 1.9166405200958252}, "peak_gib": 8.36113452911377}
{"epoch": 26, "successful_updates": 2600, "losses": {"task": 0.15984370559453964, "full_task": 0.09979946166276932, "self_feature": 0.8281439244747162, "feature": 1.0207282602787018, "loss_actionness": 0.12514958530664444, "loss_transition": 0.6524340510368347, "loss_boundary": 0.0031330303754657507, "cost": 2.069052815437317}, "peak_gib": 8.36113452911377}
09/14 14:45:29 - mmengine - WARNING - "FileClient" will be deprecated in future. Please use io functions in https://mmengine.readthedocs.io/en/latest/api/fileio.html#file-io
09/14 14:45:29 - mmengine - WARNING - "FileClient" will be deprecated in future. Please use io functions in https://mmengine.readthedocs.io/en/latest/api/fileio.html#file-io
09/14 14:45:29 - mmengine - WARNING - "HardDiskBackend" is the alias of "LocalBackend" and the former will be deprecated in future.
09/14 14:45:29 - mmengine - WARNING - "HardDiskBackend" is the alias of "LocalBackend" and the former will be deprecated in future.
{"epoch": 27, "successful_updates": 2620, "losses": {"task": 0.5530809909105301, "full_task": 0.5269611924886703, "self_feature": 0.5330839306116104, "feature": 0.6772363483905792, "loss_actionness": 0.15138204395771027, "loss_transition": 0.6692909896373749, "loss_boundary": 0.0031487714732065797, "cost": 2.2391879558563232}, "peak_gib": 8.36113452911377}
{"epoch": 27, "successful_updates": 2640, "losses": {"task": 0.3279172442853451, "full_task": 0.28877226263284683, "self_feature": 0.484659343957901, "feature": 0.5885852873325348, "loss_actionness": 0.13376927003264427, "loss_transition": 0.6791913211345673, "loss_boundary": 3.085244861722458e-05, "cost": 1.8501529693603516}, "peak_gib": 8.36113452911377}
{"epoch": 27, "successful_updates": 2660, "losses": {"task": 1.151627004146576, "full_task": 0.93970987200737, "self_feature": 0.8296995162963867, "feature": 1.1184935569763184, "loss_actionness": 0.2075694501399994, "loss_transition": 0.6670109927654266, "loss_boundary": 0.003155019599944353, "cost": 3.465753436088562}, "peak_gib": 8.36113452911377}
{"epoch": 27, "successful_updates": 2680, "losses": {"task": 0.3499053418636322, "full_task": 0.33874376118183136, "self_feature": 0.35825540870428085, "feature": 0.5950703620910645, "loss_actionness": 0.17966855317354202, "loss_transition": 0.6147422790527344, "loss_boundary": 0.001580659212777391, "cost": 1.8614786267280579}, "peak_gib": 8.36113452911377}
{"epoch": 27, "successful_updates": 2700, "losses": {"task": 0.5769197195768356, "full_task": 0.4319434426724911, "self_feature": 0.5616894215345383, "feature": 0.7298489809036255, "loss_actionness": 0.15799202769994736, "loss_transition": 0.6526809632778168, "loss_boundary": 3.0852450436213985e-05, "cost": 2.281627357006073}, "peak_gib": 8.36113452911377}
09/14 14:52:41 - mmengine - WARNING - "FileClient" will be deprecated in future. Please use io functions in https://mmengine.readthedocs.io/en/latest/api/fileio.html#file-io
09/14 14:52:41 - mmengine - WARNING - "FileClient" will be deprecated in future. Please use io functions in https://mmengine.readthedocs.io/en/latest/api/fileio.html#file-io
09/14 14:52:41 - mmengine - WARNING - "HardDiskBackend" is the alias of "LocalBackend" and the former will be deprecated in future.
09/14 14:52:41 - mmengine - WARNING - "HardDiskBackend" is the alias of "LocalBackend" and the former will be deprecated in future.
{"epoch": 28, "successful_updates": 2720, "losses": {"task": 0.5649388283491135, "full_task": 0.45093006640672684, "self_feature": 0.8273525238037109, "feature": 0.9855829477310181, "loss_actionness": 0.16159705817699432, "loss_transition": 0.6627615392208099, "loss_boundary": 0.0031997624319046736, "cost": 2.573547840118408}, "peak_gib": 8.36113452911377}
{"epoch": 28, "successful_updates": 2740, "losses": {"task": 0.08743171207606792, "full_task": 0.08140214718878269, "self_feature": 0.48611150681972504, "feature": 0.7880842387676239, "loss_actionness": 0.13141512498259544, "loss_transition": 0.6040886044502258, "loss_boundary": 0.0015863242169871228, "cost": 1.6815677285194397}, "peak_gib": 8.36113452911377}
{"epoch": 28, "successful_updates": 2760, "losses": {"task": 0.1624420192092657, "full_task": 0.1752050518989563, "self_feature": 0.5785059332847595, "feature": 0.8824661672115326, "loss_actionness": 0.1220494732260704, "loss_transition": 0.6395075619220734, "loss_boundary": 3.085245225520339e-05, "cost": 1.9081478714942932}, "peak_gib": 8.36113452911377}
{"epoch": 28, "successful_updates": 2780, "losses": {"task": 0.41030399687588215, "full_task": 0.3725458160042763, "self_feature": 0.6536344289779663, "feature": 0.8129023015499115, "loss_actionness": 0.18356478214263916, "loss_transition": 0.5938989818096161, "loss_boundary": 0.0015823229077795986, "cost": 2.160752236843109}, "peak_gib": 8.36113452911377}
{"epoch": 28, "successful_updates": 2800, "losses": {"task": 0.29389578849077225, "full_task": 0.25110751390457153, "self_feature": 0.556035041809082, "feature": 0.7237542569637299, "loss_actionness": 0.16181928291916847, "loss_transition": 0.6633585393428802, "loss_boundary": 0.0031327937031164765, "cost": 1.9643409848213196}, "peak_gib": 8.36113452911377}
09/14 15:00:05 - mmengine - WARNING - "FileClient" will be deprecated in future. Please use io functions in https://mmengine.readthedocs.io/en/latest/api/fileio.html#file-io
09/14 15:00:05 - mmengine - WARNING - "FileClient" will be deprecated in future. Please use io functions in https://mmengine.readthedocs.io/en/latest/api/fileio.html#file-io
09/14 15:00:05 - mmengine - WARNING - "HardDiskBackend" is the alias of "LocalBackend" and the former will be deprecated in future.
09/14 15:00:05 - mmengine - WARNING - "HardDiskBackend" is the alias of "LocalBackend" and the former will be deprecated in future.
{"epoch": 29, "successful_updates": 2820, "losses": {"task": 0.3306724280118942, "full_task": 0.2883225306868553, "self_feature": 0.5097188800573349, "feature": 0.6404502689838409, "loss_actionness": 0.1519698053598404, "loss_transition": 0.6392426490783691, "loss_boundary": 3.0852450436213985e-05, "cost": 1.8854184746742249}, "peak_gib": 8.36113452911377}
{"epoch": 29, "successful_updates": 2840, "losses": {"task": 0.2291940376162529, "full_task": 0.18896619975566864, "self_feature": 0.9133532047271729, "feature": 1.1020984649658203, "loss_actionness": 0.13266503810882568, "loss_transition": 0.641857922077179, "loss_boundary": 0.0017926099826581776, "cost": 2.246185004711151}, "peak_gib": 8.36113452911377}
{"epoch": 29, "successful_updates": 2860, "losses": {"task": 0.8917821645736694, "full_task": 0.6957650184631348, "self_feature": 0.6113271415233612, "feature": 0.7921581566333771, "loss_actionness": 0.1907658651471138, "loss_transition": 0.6668519973754883, "loss_boundary": 0.0033158937003463507, "cost": 2.779948115348816}, "peak_gib": 8.36113452911377}
{"epoch": 29, "successful_updates": 2880, "losses": {"task": 0.36122557893395424, "full_task": 0.32027509063482285, "self_feature": 0.566416323184967, "feature": 0.8033270239830017, "loss_actionness": 0.1409604400396347, "loss_transition": 0.6581758856773376, "loss_boundary": 3.108492091996595e-05, "cost": 2.1004303097724915}, "peak_gib": 8.36113452911377}
{"epoch": 29, "successful_updates": 2900, "losses": {"task": 1.1062867604196072, "full_task": 1.023423632606864, "self_feature": 0.7961918711662292, "feature": 0.9156064689159393, "loss_actionness": 0.16816923022270203, "loss_transition": 0.6610214114189148, "loss_boundary": 0.003149351687170565, "cost": 3.1897082924842834}, "peak_gib": 8.36113452911377}
09/14 15:07:11 - mmengine - WARNING - "FileClient" will be deprecated in future. Please use io functions in https://mmengine.readthedocs.io/en/latest/api/fileio.html#file-io
09/14 15:07:11 - mmengine - WARNING - "FileClient" will be deprecated in future. Please use io functions in https://mmengine.readthedocs.io/en/latest/api/fileio.html#file-io
09/14 15:07:11 - mmengine - WARNING - "HardDiskBackend" is the alias of "LocalBackend" and the former will be deprecated in future.
09/14 15:07:11 - mmengine - WARNING - "HardDiskBackend" is the alias of "LocalBackend" and the former will be deprecated in future.
{"epoch": 30, "successful_updates": 2920, "losses": {"task": 0.1867014542222023, "full_task": 0.1738458350300789, "self_feature": 0.6451173722743988, "feature": 0.8143130838871002, "loss_actionness": 0.16127082705497742, "loss_transition": 0.6578525900840759, "loss_boundary": 0.0031341961584985256, "cost": 1.9312453866004944}, "peak_gib": 8.36113452911377}
{"epoch": 30, "successful_updates": 2940, "losses": {"task": 0.30680912733078003, "full_task": 0.29318515956401825, "self_feature": 0.6031944453716278, "feature": 0.900958240032196, "loss_actionness": 0.11531662195920944, "loss_transition": 0.6538819968700409, "loss_boundary": 5.603097997664008e-05, "cost": 2.110637664794922}, "peak_gib": 8.36113452911377}
{"epoch": 30, "successful_updates": 2960, "losses": {"task": 0.5068120658397675, "full_task": 0.3678538054227829, "self_feature": 0.8057798147201538, "feature": 0.99346923828125, "loss_actionness": 0.1646626554429531, "loss_transition": 0.6515654921531677, "loss_boundary": 0.0031818492570891976, "cost": 2.4922326803207397}, "peak_gib": 8.36113452911377}
{"epoch": 30, "successful_updates": 2980, "losses": {"task": 0.2432972937822342, "full_task": 0.20797092467546463, "self_feature": 0.5690256059169769, "feature": 0.7854077816009521, "loss_actionness": 0.15806139633059502, "loss_transition": 0.6474373042583466, "loss_boundary": 0.0016607905563432723, "cost": 1.9447598457336426}, "peak_gib": 8.36113452911377}
{"epoch": 30, "successful_updates": 3000, "losses": {"task": 0.46383972093462944, "full_task": 0.4005601331591606, "self_feature": 0.5658699572086334, "feature": 0.7564270794391632, "loss_actionness": 0.12186220288276672, "loss_transition": 0.5911125540733337, "loss_boundary": 8.750413144298363e-05, "cost": 2.0900561213493347}, "peak_gib": 8.36113452911377}
09/14 15:14:31 - mmengine - WARNING - "FileClient" will be deprecated in future. Please use io functions in https://mmengine.readthedocs.io/en/latest/api/fileio.html#file-io
09/14 15:14:31 - mmengine - WARNING - "FileClient" will be deprecated in future. Please use io functions in https://mmengine.readthedocs.io/en/latest/api/fileio.html#file-io
09/14 15:14:31 - mmengine - WARNING - "HardDiskBackend" is the alias of "LocalBackend" and the former will be deprecated in future.
09/14 15:14:31 - mmengine - WARNING - "HardDiskBackend" is the alias of "LocalBackend" and the former will be deprecated in future.
{"epoch": 31, "successful_updates": 3020, "losses": {"task": 0.699096143245697, "full_task": 0.44519229233264923, "self_feature": 0.5910454094409943, "feature": 0.7312347292900085, "loss_actionness": 0.10329241305589676, "loss_transition": 0.6804153919219971, "loss_boundary": 0.0031365796457976103, "cost": 2.387577772140503}, "peak_gib": 8.36113452911377}
{"epoch": 31, "successful_updates": 3040, "losses": {"task": 0.35032936930656433, "full_task": 0.3539280444383621, "self_feature": 0.4694107845425606, "feature": 0.759136825799942, "loss_actionness": 0.1421721652150154, "loss_transition": 0.6115755140781403, "loss_boundary": 0.0015833622601348907, "cost": 2.0002203583717346}, "peak_gib": 8.36113452911377}
{"epoch": 31, "successful_updates": 3060, "losses": {"task": 0.3579556494951248, "full_task": 0.33107854425907135, "self_feature": 0.5384804010391235, "feature": 0.7903778553009033, "loss_actionness": 0.144787959754467, "loss_transition": 0.6623411774635315, "loss_boundary": 3.0852450436213985e-05, "cost": 2.0921111702919006}, "peak_gib": 8.36113452911377}
{"epoch": 31, "successful_updates": 3080, "losses": {"task": 0.1755121536552906, "full_task": 0.1303803138434887, "self_feature": 0.8238090872764587, "feature": 0.9750476479530334, "loss_actionness": 0.154204610735178, "loss_transition": 0.6646949946880341, "loss_boundary": 0.00312660273630172, "cost": 2.0875619649887085}, "peak_gib": 8.36113452911377}
{"epoch": 31, "successful_updates": 3100, "losses": {"task": 0.14474202692508698, "full_task": 0.15661436319351196, "self_feature": 0.20854252576828003, "feature": 0.5193066149950027, "loss_actionness": 0.14142288267612457, "loss_transition": 0.4874190092086792, "loss_boundary": 3.0852450436213985e-05, "cost": 1.3529292941093445}, "peak_gib": 8.36113452911377}
09/14 15:22:03 - mmengine - WARNING - "FileClient" will be deprecated in future. Please use io functions in https://mmengine.readthedocs.io/en/latest/api/fileio.html#file-io
09/14 15:22:03 - mmengine - WARNING - "FileClient" will be deprecated in future. Please use io functions in https://mmengine.readthedocs.io/en/latest/api/fileio.html#file-io
09/14 15:22:03 - mmengine - WARNING - "HardDiskBackend" is the alias of "LocalBackend" and the former will be deprecated in future.
09/14 15:22:03 - mmengine - WARNING - "HardDiskBackend" is the alias of "LocalBackend" and the former will be deprecated in future.
{"epoch": 32, "successful_updates": 3120, "losses": {"task": 0.08538921363651752, "full_task": 0.07608810998499393, "self_feature": 0.6467800736427307, "feature": 0.8990289270877838, "loss_actionness": 0.11690312623977661, "loss_transition": 0.6443136930465698, "loss_boundary": 3.085244861722458e-05, "cost": 1.8293659090995789}, "peak_gib": 8.36113452911377}
{"epoch": 32, "successful_updates": 3140, "losses": {"task": 0.1613224744796753, "full_task": 0.14707259461283684, "self_feature": 0.7613809704780579, "feature": 0.9172424077987671, "loss_actionness": 0.13395044952630997, "loss_transition": 0.6361382007598877, "loss_boundary": 0.001889459090307355, "cost": 1.9634492993354797}, "peak_gib": 8.36113452911377}
{"epoch": 32, "successful_updates": 3160, "losses": {"task": 0.16300271451473236, "full_task": 0.16755523160099983, "self_feature": 0.3493891879916191, "feature": 0.5827426761388779, "loss_actionness": 0.12592869624495506, "loss_transition": 0.6097636222839355, "loss_boundary": 0.0015819414129509823, "cost": 1.5598474144935608}, "peak_gib": 8.36113452911377}
{"epoch": 32, "successful_updates": 3180, "losses": {"task": 0.3143888786435127, "full_task": 0.23962412774562836, "self_feature": 0.5707553625106812, "feature": 0.7855483293533325, "loss_actionness": 0.178752601146698, "loss_transition": 0.5344304293394089, "loss_boundary": 3.0852450436213985e-05, "cost": 1.9301325678825378}, "peak_gib": 8.36113452911377}
{"epoch": 32, "successful_updates": 3200, "losses": {"task": 0.2030879184603691, "full_task": 0.185790553689003, "self_feature": 0.799566239118576, "feature": 1.041022777557373, "loss_actionness": 0.12222564220428467, "loss_transition": 0.6574500501155853, "loss_boundary": 0.0031319601694121957, "cost": 2.1533225774765015}, "peak_gib": 8.36113452911377}
09/14 15:29:30 - mmengine - WARNING - "FileClient" will be deprecated in future. Please use io functions in https://mmengine.readthedocs.io/en/latest/api/fileio.html#file-io
09/14 15:29:30 - mmengine - WARNING - "FileClient" will be deprecated in future. Please use io functions in https://mmengine.readthedocs.io/en/latest/api/fileio.html#file-io
09/14 15:29:30 - mmengine - WARNING - "HardDiskBackend" is the alias of "LocalBackend" and the former will be deprecated in future.
09/14 15:29:30 - mmengine - WARNING - "HardDiskBackend" is the alias of "LocalBackend" and the former will be deprecated in future.
{"epoch": 33, "successful_updates": 3220, "losses": {"task": 0.1726003661751747, "full_task": 0.15936515480279922, "self_feature": 0.35626834630966187, "feature": 0.5277040749788284, "loss_actionness": 0.14714248478412628, "loss_transition": 0.5762109011411667, "loss_boundary": 0.0016550424334127456, "cost": 1.5007809400558472}, "peak_gib": 8.36113452911377}
{"epoch": 33, "successful_updates": 3240, "losses": {"task": 0.03230355679988861, "full_task": 0.03910034894943237, "self_feature": 0.5117728412151337, "feature": 0.7431676089763641, "loss_actionness": 0.13292090967297554, "loss_transition": 0.6609849333763123, "loss_boundary": 3.085244679823518e-05, "cost": 1.6303603053092957}, "peak_gib": 8.36113452911377}
{"epoch": 33, "successful_updates": 3260, "losses": {"task": 0.1501208357512951, "full_task": 0.07074218615889549, "self_feature": 0.6774500906467438, "feature": 0.7598678469657898, "loss_actionness": 0.13415614515542984, "loss_transition": 0.6576164364814758, "loss_boundary": 0.003037284594029188, "cost": 1.7902291417121887}, "peak_gib": 8.36113452911377}
{"epoch": 33, "successful_updates": 3280, "losses": {"task": 0.15463253110647202, "full_task": 0.14846453815698624, "self_feature": 0.31287194043397903, "feature": 0.4963541179895401, "loss_actionness": 0.1488901749253273, "loss_transition": 0.630138635635376, "loss_boundary": 0.0015797165979165584, "cost": 1.4999984502792358}, "peak_gib": 8.36113452911377}
{"epoch": 33, "successful_updates": 3300, "losses": {"task": 0.5124088749289513, "full_task": 0.41540834307670593, "self_feature": 0.5292400419712067, "feature": 0.7832455337047577, "loss_actionness": 0.15094193816184998, "loss_transition": 0.6657168567180634, "loss_boundary": 3.085245407419279e-05, "cost": 2.2691200971603394}, "peak_gib": 8.36113452911377}
09/14 15:36:41 - mmengine - WARNING - "FileClient" will be deprecated in future. Please use io functions in https://mmengine.readthedocs.io/en/latest/api/fileio.html#file-io
09/14 15:36:41 - mmengine - WARNING - "FileClient" will be deprecated in future. Please use io functions in https://mmengine.readthedocs.io/en/latest/api/fileio.html#file-io
09/14 15:36:41 - mmengine - WARNING - "HardDiskBackend" is the alias of "LocalBackend" and the former will be deprecated in future.
09/14 15:36:41 - mmengine - WARNING - "HardDiskBackend" is the alias of "LocalBackend" and the former will be deprecated in future.
{"epoch": 34, "successful_updates": 3320, "losses": {"task": 1.9365930557250977, "full_task": 1.45832359790802, "self_feature": 0.8488643765449524, "feature": 1.1389264464378357, "loss_actionness": 0.16022027656435966, "loss_transition": 0.6687706112861633, "loss_boundary": 0.0031682441476732492, "cost": 4.35714590549469}, "peak_gib": 8.36113452911377}
{"epoch": 34, "successful_updates": 3340, "losses": {"task": 0.5573599934577942, "full_task": 0.5587450265884399, "self_feature": 0.5777371674776077, "feature": 0.7626330852508545, "loss_actionness": 0.13844795525074005, "loss_transition": 0.6673304736614227, "loss_boundary": 0.0031326347962021828, "cost": 2.3263641595840454}, "peak_gib": 8.36113452911377}
{"epoch": 34, "successful_updates": 3360, "losses": {"task": 0.16137069463729858, "full_task": 0.1305602863430977, "self_feature": 0.4745485335588455, "feature": 0.6831420361995697, "loss_actionness": 0.1254105009138584, "loss_transition": 0.6118448376655579, "loss_boundary": 7.168249067035504e-05, "cost": 1.6619346737861633}, "peak_gib": 8.36113452911377}
{"epoch": 34, "successful_updates": 3380, "losses": {"task": 0.09359236061573029, "full_task": 0.08045093808323145, "self_feature": 0.4875349998474121, "feature": 0.7158513069152832, "loss_actionness": 0.20302779227495193, "loss_transition": 0.5147769004106522, "loss_boundary": 3.085245225520339e-05, "cost": 1.5961454510688782}, "peak_gib": 8.36113452911377}
{"epoch": 34, "successful_updates": 3400, "losses": {"task": 0.4599825590848923, "full_task": 0.4327398091554642, "self_feature": 0.5794159322977066, "feature": 0.7859365940093994, "loss_actionness": 0.11289811134338379, "loss_transition": 0.6373469233512878, "loss_boundary": 0.0023519681999459863, "cost": 2.1646426916122437}, "peak_gib": 8.36113452911377}
09/14 15:44:09 - mmengine - WARNING - "FileClient" will be deprecated in future. Please use io functions in https://mmengine.readthedocs.io/en/latest/api/fileio.html#file-io
09/14 15:44:09 - mmengine - WARNING - "FileClient" will be deprecated in future. Please use io functions in https://mmengine.readthedocs.io/en/latest/api/fileio.html#file-io
09/14 15:44:09 - mmengine - WARNING - "HardDiskBackend" is the alias of "LocalBackend" and the former will be deprecated in future.
09/14 15:44:09 - mmengine - WARNING - "HardDiskBackend" is the alias of "LocalBackend" and the former will be deprecated in future.
{"epoch": 35, "successful_updates": 3420, "losses": {"task": 0.38224437832832336, "full_task": 0.27659012377262115, "self_feature": 0.5279251486063004, "feature": 0.7658887803554535, "loss_actionness": 0.20245395600795746, "loss_transition": 0.6185719966888428, "loss_boundary": 4.163392986811232e-05, "cost": 2.0911407470703125}, "peak_gib": 8.36113452911377}
{"epoch": 35, "successful_updates": 3440, "losses": {"task": 0.07577193155884743, "full_task": 0.08005057089030743, "self_feature": 0.7499123811721802, "feature": 0.9420560896396637, "loss_actionness": 0.1252180077135563, "loss_transition": 0.6009897291660309, "loss_boundary": 0.0015812754008948104, "cost": 1.8406209349632263}, "peak_gib": 8.36249589920044}
{"epoch": 35, "successful_updates": 3460, "losses": {"task": 0.30012331157922745, "full_task": 0.2784050852060318, "self_feature": 0.2769371271133423, "feature": 0.39564988017082214, "loss_actionness": 0.23009459674358368, "loss_transition": 0.6653346419334412, "loss_boundary": 0.003134728642180562, "cost": 1.691632091999054}, "peak_gib": 8.36249589920044}
{"epoch": 35, "successful_updates": 3480, "losses": {"task": 0.7271654792129993, "full_task": 0.6895325612276793, "self_feature": 0.537305161356926, "feature": 0.7197677195072174, "loss_actionness": 0.23091202229261398, "loss_transition": 0.6208949685096741, "loss_boundary": 0.00016140725529112387, "cost": 2.52501517534256}, "peak_gib": 8.36249589920044}
{"epoch": 35, "successful_updates": 3500, "losses": {"task": 0.8172393143177032, "full_task": 0.6190935671329498, "self_feature": 0.6645330190658569, "feature": 0.8548032641410828, "loss_actionness": 0.15129222720861435, "loss_transition": 0.6663324534893036, "loss_boundary": 0.0031386016635224223, "cost": 2.7140324115753174}, "peak_gib": 8.36249589920044}
09/14 15:51:24 - mmengine - WARNING - "FileClient" will be deprecated in future. Please use io functions in https://mmengine.readthedocs.io/en/latest/api/fileio.html#file-io
09/14 15:51:24 - mmengine - WARNING - "FileClient" will be deprecated in future. Please use io functions in https://mmengine.readthedocs.io/en/latest/api/fileio.html#file-io
09/14 15:51:24 - mmengine - WARNING - "HardDiskBackend" is the alias of "LocalBackend" and the former will be deprecated in future.
09/14 15:51:24 - mmengine - WARNING - "HardDiskBackend" is the alias of "LocalBackend" and the former will be deprecated in future.
{"epoch": 36, "successful_updates": 3520, "losses": {"task": 0.5941318273544312, "full_task": 0.5267662480473518, "self_feature": 0.5193606615066528, "feature": 0.7222592532634735, "loss_actionness": 0.15685610473155975, "loss_transition": 0.6432350873947144, "loss_boundary": 0.0016893041465664282, "cost": 2.30179899930954}, "peak_gib": 8.36249589920044}
{"epoch": 36, "successful_updates": 3540, "losses": {"task": 0.19061431288719177, "full_task": 0.14130981266498566, "self_feature": 0.5872694849967957, "feature": 0.8723622858524323, "loss_actionness": 0.15213782340288162, "loss_transition": 0.6771374344825745, "loss_boundary": 3.0852450436213985e-05, "cost": 1.9863370656967163}, "peak_gib": 8.36249589920044}
{"epoch": 36, "successful_updates": 3560, "losses": {"task": 0.1098519079387188, "full_task": 0.09245742484927177, "self_feature": 0.6381244659423828, "feature": 0.81935253739357, "loss_actionness": 0.11419790238142014, "loss_transition": 0.6119185090065002, "loss_boundary": 0.0015774786297697574, "cost": 1.7438251972198486}, "peak_gib": 8.36249589920044}
{"epoch": 36, "successful_updates": 3580, "losses": {"task": 0.23556659743189812, "full_task": 0.2106744609773159, "self_feature": 0.5474923253059387, "feature": 0.7428600788116455, "loss_actionness": 0.11725617200136185, "loss_transition": 0.6483343839645386, "loss_boundary": 0.001972045749425888, "cost": 1.8534071445465088}, "peak_gib": 8.36249589920044}
{"epoch": 36, "successful_updates": 3600, "losses": {"task": 0.08673277124762535, "full_task": 0.08096061646938324, "self_feature": 0.5780887603759766, "feature": 0.8430871665477753, "loss_actionness": 0.12118585407733917, "loss_transition": 0.649198591709137, "loss_boundary": 4.7719033318571746e-05, "cost": 1.7783011198043823}, "peak_gib": 8.36249589920044}
09/14 15:58:40 - mmengine - WARNING - "FileClient" will be deprecated in future. Please use io functions in https://mmengine.readthedocs.io/en/latest/api/fileio.html#file-io
09/14 15:58:40 - mmengine - WARNING - "FileClient" will be deprecated in future. Please use io functions in https://mmengine.readthedocs.io/en/latest/api/fileio.html#file-io
09/14 15:58:40 - mmengine - WARNING - "HardDiskBackend" is the alias of "LocalBackend" and the former will be deprecated in future.
09/14 15:58:40 - mmengine - WARNING - "HardDiskBackend" is the alias of "LocalBackend" and the former will be deprecated in future.
{"epoch": 37, "successful_updates": 3620, "losses": {"task": 0.6086279824376106, "full_task": 0.486126359552145, "self_feature": 0.6978442370891571, "feature": 0.8835642039775848, "loss_actionness": 0.09691629931330681, "loss_transition": 0.547801598906517, "loss_boundary": 0.001645138750973274, "cost": 2.3298712372779846}, "peak_gib": 8.36249589920044}
{"epoch": 37, "successful_updates": 3640, "losses": {"task": 0.08205901086330414, "full_task": 0.08441848680377007, "self_feature": 0.4865081459283829, "feature": 0.6497709453105927, "loss_actionness": 0.1310274936258793, "loss_transition": 0.6464560329914093, "loss_boundary": 0.001934039028128609, "cost": 1.581002950668335}, "peak_gib": 8.36249589920044}
{"epoch": 37, "successful_updates": 3660, "losses": {"task": 0.09606548398733139, "full_task": 0.07672858983278275, "self_feature": 0.4383311867713928, "feature": 0.6329051554203033, "loss_actionness": 0.10249428823590279, "loss_transition": 0.6407186388969421, "loss_boundary": 3.085244679823518e-05, "cost": 1.5352296829223633}, "peak_gib": 8.36249589920044}
{"epoch": 37, "successful_updates": 3680, "losses": {"task": 0.8905490934848785, "full_task": 0.5757848769426346, "self_feature": 0.7559050619602203, "feature": 0.9801530241966248, "loss_actionness": 0.14396413415670395, "loss_transition": 0.6658207178115845, "loss_boundary": 0.0033738595666363835, "cost": 2.9033974409103394}, "peak_gib": 8.36249589920044}
{"epoch": 37, "successful_updates": 3700, "losses": {"task": 0.31328514963388443, "full_task": 0.24678151309490204, "self_feature": 0.48482702672481537, "feature": 0.6590184420347214, "loss_actionness": 0.12650781497359276, "loss_transition": 0.6608454585075378, "loss_boundary": 0.003129294724203646, "cost": 1.8729642629623413}, "peak_gib": 8.36249589920044}
09/14 16:06:04 - mmengine - WARNING - "FileClient" will be deprecated in future. Please use io functions in https://mmengine.readthedocs.io/en/latest/api/fileio.html#file-io
09/14 16:06:04 - mmengine - WARNING - "HardDiskBackend" is the alias of "LocalBackend" and the former will be deprecated in future.
09/14 16:06:04 - mmengine - WARNING - "FileClient" will be deprecated in future. Please use io functions in https://mmengine.readthedocs.io/en/latest/api/fileio.html#file-io
09/14 16:06:04 - mmengine - WARNING - "HardDiskBackend" is the alias of "LocalBackend" and the former will be deprecated in future.
{"epoch": 38, "successful_updates": 3720, "losses": {"task": 0.12125647813081741, "full_task": 0.05555993318557739, "self_feature": 0.4502326548099518, "feature": 0.6351343095302582, "loss_actionness": 0.15024173259735107, "loss_transition": 0.5826528370380402, "loss_boundary": 3.0852450436213985e-05, "cost": 1.5482295155525208}, "peak_gib": 8.36249589920044}
{"epoch": 38, "successful_updates": 3740, "losses": {"task": 0.8264212906360626, "full_task": 0.7369824051856995, "self_feature": 0.6883674561977386, "feature": 0.869044691324234, "loss_actionness": 0.13712699711322784, "loss_transition": 0.6296933591365814, "loss_boundary": 0.0016080409586720634, "cost": 2.716976761817932}, "peak_gib": 8.36249589920044}
{"epoch": 38, "successful_updates": 3760, "losses": {"task": 0.1080574095249176, "full_task": 0.10759609192609787, "self_feature": 0.5964830815792084, "feature": 0.7759822607040405, "loss_actionness": 0.16080378741025925, "loss_transition": 0.6395784318447113, "loss_boundary": 0.003184939851053059, "cost": 1.7741541862487793}, "peak_gib": 8.36249589920044}
{"epoch": 38, "successful_updates": 3780, "losses": {"task": 0.47440364956855774, "full_task": 0.3439716249704361, "self_feature": 0.5315020233392715, "feature": 0.7248198091983795, "loss_actionness": 0.1199071854352951, "loss_transition": 0.6391908824443817, "loss_boundary": 3.085245225520339e-05, "cost": 2.0974953174591064}, "peak_gib": 8.36249589920044}
{"epoch": 38, "successful_updates": 3800, "losses": {"task": 0.26197129487991333, "full_task": 0.2597433030605316, "self_feature": 0.5021010488271713, "feature": 0.6128449141979218, "loss_actionness": 0.20639565214514732, "loss_transition": 0.6392975151538849, "loss_boundary": 0.00538592366501689, "cost": 1.8410412669181824}, "peak_gib": 8.36249589920044}
09/14 16:13:12 - mmengine - WARNING - "FileClient" will be deprecated in future. Please use io functions in https://mmengine.readthedocs.io/en/latest/api/fileio.html#file-io
09/14 16:13:12 - mmengine - WARNING - "FileClient" will be deprecated in future. Please use io functions in https://mmengine.readthedocs.io/en/latest/api/fileio.html#file-io
09/14 16:13:12 - mmengine - WARNING - "HardDiskBackend" is the alias of "LocalBackend" and the former will be deprecated in future.
09/14 16:13:12 - mmengine - WARNING - "HardDiskBackend" is the alias of "LocalBackend" and the former will be deprecated in future.
{"epoch": 39, "successful_updates": 3820, "losses": {"task": 0.5608250349760056, "full_task": 0.5187138170003891, "self_feature": 0.6789623200893402, "feature": 0.8849301636219025, "loss_actionness": 0.15470727533102036, "loss_transition": 0.6646145284175873, "loss_boundary": 0.0022265989100560546, "cost": 2.4648783206939697}, "peak_gib": 8.36249589920044}
{"epoch": 39, "successful_updates": 3840, "losses": {"task": 0.0919087678194046, "full_task": 0.09872167184948921, "self_feature": 0.5137554407119751, "feature": 0.6726647019386292, "loss_actionness": 0.14744655042886734, "loss_transition": 0.6253320872783661, "loss_boundary": 3.085245407419279e-05, "cost": 1.6134390234947205}, "peak_gib": 8.36249589920044}
{"epoch": 39, "successful_updates": 3860, "losses": {"task": 0.25273799896240234, "full_task": 0.20692576467990875, "self_feature": 0.5052292197942734, "feature": 0.6813627481460571, "loss_actionness": 0.14977651089429855, "loss_transition": 0.6076375246047974, "loss_boundary": 0.00018950062076328322, "cost": 1.793958604335785}, "peak_gib": 8.36249589920044}
{"epoch": 39, "successful_updates": 3880, "losses": {"task": 1.0438500344753265, "full_task": 1.108616128563881, "self_feature": 0.46080224215984344, "feature": 0.615105390548706, "loss_actionness": 0.21539077907800674, "loss_transition": 0.6634947955608368, "loss_boundary": 0.0031660672975704074, "cost": 2.8642414808273315}, "peak_gib": 8.36249589920044}
{"epoch": 39, "successful_updates": 3900, "losses": {"task": 0.4252645969390869, "full_task": 0.36300428584218025, "self_feature": 0.6108826100826263, "feature": 0.8314405381679535, "loss_actionness": 0.1466696485877037, "loss_transition": 0.6293584406375885, "loss_boundary": 3.0852450436213985e-05, "cost": 2.184603452682495}, "peak_gib": 8.36249589920044}
09/14 16:20:35 - mmengine - WARNING - "FileClient" will be deprecated in future. Please use io functions in https://mmengine.readthedocs.io/en/latest/api/fileio.html#file-io
09/14 16:20:35 - mmengine - WARNING - "FileClient" will be deprecated in future. Please use io functions in https://mmengine.readthedocs.io/en/latest/api/fileio.html#file-io
09/14 16:20:35 - mmengine - WARNING - "HardDiskBackend" is the alias of "LocalBackend" and the former will be deprecated in future.
09/14 16:20:35 - mmengine - WARNING - "HardDiskBackend" is the alias of "LocalBackend" and the former will be deprecated in future.
{"epoch": 40, "successful_updates": 3920, "losses": {"task": 0.6055974364280701, "full_task": 0.4926779419183731, "self_feature": 0.8088637292385101, "feature": 1.0734280347824097, "loss_actionness": 0.1889898106455803, "loss_transition": 0.6535805761814117, "loss_boundary": 0.00319267506711185, "cost": 2.728844404220581}, "peak_gib": 8.36249589920044}
{"epoch": 40, "successful_updates": 3940, "losses": {"task": 0.2509952485561371, "full_task": 0.22883480042219162, "self_feature": 0.7274101674556732, "feature": 0.9477001130580902, "loss_actionness": 0.16867290437221527, "loss_transition": 0.6604611277580261, "loss_boundary": 0.0031291937921196222, "cost": 2.160908341407776}, "peak_gib": 8.36249589920044}
{"epoch": 40, "successful_updates": 3960, "losses": {"task": 0.4618474096059799, "full_task": 0.41501396894454956, "self_feature": 0.49664729833602905, "feature": 0.7007431089878082, "loss_actionness": 0.1349484771490097, "loss_transition": 0.6653375625610352, "loss_boundary": 3.490053677523974e-05, "cost": 2.1163296699523926}, "peak_gib": 8.36249589920044}
{"epoch": 40, "successful_updates": 3980, "losses": {"task": 0.6872560828924179, "full_task": 0.5563888102769852, "self_feature": 0.7513332366943359, "feature": 0.9339241087436676, "loss_actionness": 0.13142964988946915, "loss_transition": 0.6675213873386383, "loss_boundary": 0.0031375971157103777, "cost": 2.6374993324279785}, "peak_gib": 8.36249589920044}
{"epoch": 40, "successful_updates": 4000, "losses": {"task": 0.07765616104006767, "full_task": 0.09547999314963818, "self_feature": 0.634463757276535, "feature": 0.809412270784378, "loss_actionness": 0.1116502434015274, "loss_transition": 0.6632322669029236, "loss_boundary": 0.0031335963867604733, "cost": 1.7524009346961975}, "peak_gib": 8.36249589920044}
validation subset: 211 videos, truncated as 792 windows.
09/14 16:27:43 - mmengine - WARNING - "FileClient" will be deprecated in future. Please use io functions in https://mmengine.readthedocs.io/en/latest/api/fileio.html#file-io
09/14 16:27:43 - mmengine - WARNING - "FileClient" will be deprecated in future. Please use io functions in https://mmengine.readthedocs.io/en/latest/api/fileio.html#file-io
09/14 16:27:43 - mmengine - WARNING - "HardDiskBackend" is the alias of "LocalBackend" and the former will be deprecated in future.
09/14 16:27:43 - mmengine - WARNING - "HardDiskBackend" is the alias of "LocalBackend" and the former will be deprecated in future.
thumos_s_point_uniform_seed42 40: 1/792
thumos_s_point_uniform_seed42 40: 101/792
thumos_s_point_uniform_seed42 40: 201/792
thumos_s_point_uniform_seed42 40: 301/792
thumos_s_point_uniform_seed42 40: 401/792
thumos_s_point_uniform_seed42 40: 501/792
thumos_s_point_uniform_seed42 40: 601/792
thumos_s_point_uniform_seed42 40: 701/792
{'average_mAP': 0.6533690365812863, 'mAP@0.3': 0.8067253564587482, 'mAP@0.4': 0.7617689759380111, 'mAP@0.5': 0.6862727825012931, 'mAP@0.6': 0.5791012944681098, 'mAP@0.7': 0.4329767735402695}
09/14 16:51:54 - mmengine - WARNING - "FileClient" will be deprecated in future. Please use io functions in https://mmengine.readthedocs.io/en/latest/api/fileio.html#file-io
09/14 16:51:54 - mmengine - WARNING - "FileClient" will be deprecated in future. Please use io functions in https://mmengine.readthedocs.io/en/latest/api/fileio.html#file-io
09/14 16:51:54 - mmengine - WARNING - "HardDiskBackend" is the alias of "LocalBackend" and the former will be deprecated in future.
09/14 16:51:54 - mmengine - WARNING - "HardDiskBackend" is the alias of "LocalBackend" and the former will be deprecated in future.
{"epoch": 41, "successful_updates": 4020, "losses": {"task": 0.21953655779361725, "full_task": 0.17353855818510056, "self_feature": 0.5540515184402466, "feature": 0.7793175876140594, "loss_actionness": 0.1189720667898655, "loss_transition": 0.6597460806369781, "loss_boundary": 3.0852450436213985e-05, "cost": 1.876392900943756}, "peak_gib": 8.296599388122559}
{"epoch": 41, "successful_updates": 4040, "losses": {"task": 0.1375410333275795, "full_task": 0.14455678313970566, "self_feature": 0.5647731423377991, "feature": 0.7078669518232346, "loss_actionness": 0.17793741822242737, "loss_transition": 0.6131492555141449, "loss_boundary": 0.0016279383125947788, "cost": 1.7307391166687012}, "peak_gib": 8.321798324584961}
{"epoch": 41, "successful_updates": 4060, "losses": {"task": 0.30298636853694916, "full_task": 0.2926790118217468, "self_feature": 0.4964769035577774, "feature": 0.6686149388551712, "loss_actionness": 0.09299125522375107, "loss_transition": 0.668541431427002, "loss_boundary": 0.003177608596161008, "cost": 1.859129011631012}, "peak_gib": 8.330395221710205}
{"epoch": 41, "successful_updates": 4080, "losses": {"task": 0.055040108039975166, "full_task": 0.06031353585422039, "self_feature": 0.5239568948745728, "feature": 0.7026290893554688, "loss_actionness": 0.1503126323223114, "loss_transition": 0.6193324625492096, "loss_boundary": 3.085244861722458e-05, "cost": 1.594819188117981}, "peak_gib": 8.330395221710205}
{"epoch": 41, "successful_updates": 4100, "losses": {"task": 0.2353246510028839, "full_task": 0.2488224059343338, "self_feature": 0.642950028181076, "feature": 0.8502699136734009, "loss_actionness": 0.13679687306284904, "loss_transition": 0.6049430668354034, "loss_boundary": 0.0015818914689589292, "cost": 1.955416977405548}, "peak_gib": 8.330395221710205}
09/14 16:59:15 - mmengine - WARNING - "FileClient" will be deprecated in future. Please use io functions in https://mmengine.readthedocs.io/en/latest/api/fileio.html#file-io
09/14 16:59:15 - mmengine - WARNING - "FileClient" will be deprecated in future. Please use io functions in https://mmengine.readthedocs.io/en/latest/api/fileio.html#file-io
09/14 16:59:15 - mmengine - WARNING - "HardDiskBackend" is the alias of "LocalBackend" and the former will be deprecated in future.
09/14 16:59:15 - mmengine - WARNING - "HardDiskBackend" is the alias of "LocalBackend" and the former will be deprecated in future.
{"epoch": 42, "successful_updates": 4120, "losses": {"task": 0.7496379017829895, "full_task": 0.6368746161460876, "self_feature": 0.6703909337520599, "feature": 0.8642587661743164, "loss_actionness": 0.1330074593424797, "loss_transition": 0.6592511236667633, "loss_boundary": 0.00316326052416116, "cost": 2.6355761289596558}, "peak_gib": 8.330395221710205}
{"epoch": 42, "successful_updates": 4140, "losses": {"task": 0.06519299559295177, "full_task": 0.045338209718465805, "self_feature": 0.5286094546318054, "feature": 0.6903345137834549, "loss_actionness": 0.21563807129859924, "loss_transition": 0.5163615942001343, "loss_boundary": 0.00012876856089860667, "cost": 1.5518514513969421}, "peak_gib": 8.330395221710205}
{"epoch": 42, "successful_updates": 4160, "losses": {"task": 0.24420790374279022, "full_task": 0.24872061610221863, "self_feature": 0.5864216238260269, "feature": 0.720094233751297, "loss_actionness": 0.17750082165002823, "loss_transition": 0.5978694558143616, "loss_boundary": 0.0015879826823947951, "cost": 1.862082839012146}, "peak_gib": 8.330395221710205}
{"epoch": 42, "successful_updates": 4180, "losses": {"task": 0.3212776407599449, "full_task": 0.2769227921962738, "self_feature": 0.3699025586247444, "feature": 0.5622520744800568, "loss_actionness": 0.14762520045042038, "loss_transition": 0.613244354724884, "loss_boundary": 0.0015824151068954961, "cost": 1.7522026896476746}, "peak_gib": 8.330395221710205}
{"epoch": 42, "successful_updates": 4200, "losses": {"task": 0.4232275187969208, "full_task": 0.3763551265001297, "self_feature": 0.45028330385684967, "feature": 0.6641740500926971, "loss_actionness": 0.12648626416921616, "loss_transition": 0.6587325036525726, "loss_boundary": 3.0852450436213985e-05, "cost": 2.011768162250519}, "peak_gib": 8.330395221710205}
09/14 17:06:46 - mmengine - WARNING - "FileClient" will be deprecated in future. Please use io functions in https://mmengine.readthedocs.io/en/latest/api/fileio.html#file-io
09/14 17:06:46 - mmengine - WARNING - "FileClient" will be deprecated in future. Please use io functions in https://mmengine.readthedocs.io/en/latest/api/fileio.html#file-io
09/14 17:06:46 - mmengine - WARNING - "HardDiskBackend" is the alias of "LocalBackend" and the former will be deprecated in future.
09/14 17:06:46 - mmengine - WARNING - "HardDiskBackend" is the alias of "LocalBackend" and the former will be deprecated in future.
{"epoch": 43, "successful_updates": 4220, "losses": {"task": 0.40643708407878876, "full_task": 0.28700579702854156, "self_feature": 0.7624492049217224, "feature": 0.924536406993866, "loss_actionness": 0.2095264345407486, "loss_transition": 0.6620158851146698, "loss_boundary": 0.0031309372279793024, "cost": 2.35364305973053}, "peak_gib": 8.330395221710205}
{"epoch": 43, "successful_updates": 4240, "losses": {"task": 0.9565373063087463, "full_task": 0.8659880757331848, "self_feature": 0.5227129310369492, "feature": 0.691719114780426, "loss_actionness": 0.1644061654806137, "loss_transition": 0.672428697347641, "loss_boundary": 0.0031672485638409853, "cost": 2.7570269107818604}, "peak_gib": 8.330395221710205}
{"epoch": 43, "successful_updates": 4260, "losses": {"task": 0.1667619701474905, "full_task": 0.14746588841080666, "self_feature": 0.5275921076536179, "feature": 0.6900658905506134, "loss_actionness": 0.17970514297485352, "loss_transition": 0.6333257853984833, "loss_boundary": 3.085244679823518e-05, "cost": 1.7595153450965881}, "peak_gib": 8.330395221710205}
{"epoch": 43, "successful_updates": 4280, "losses": {"task": 0.6885821223258972, "full_task": 0.5210002958774567, "self_feature": 0.6577486991882324, "feature": 0.8521230816841125, "loss_actionness": 0.21380024403333664, "loss_transition": 0.6352266073226929, "loss_boundary": 0.0015815217338968068, "cost": 2.587338447570801}, "peak_gib": 8.330395221710205}
{"epoch": 43, "successful_updates": 4300, "losses": {"task": 1.2040138617157936, "full_task": 1.1491234004497528, "self_feature": 0.6018266826868057, "feature": 0.7470039427280426, "loss_actionness": 0.2255963534116745, "loss_transition": 0.6597433686256409, "loss_boundary": 0.0031622902024537325, "cost": 3.186983287334442}, "peak_gib": 8.330395221710205}
09/14 17:14:07 - mmengine - WARNING - "FileClient" will be deprecated in future. Please use io functions in https://mmengine.readthedocs.io/en/latest/api/fileio.html#file-io
09/14 17:14:07 - mmengine - WARNING - "FileClient" will be deprecated in future. Please use io functions in https://mmengine.readthedocs.io/en/latest/api/fileio.html#file-io
09/14 17:14:07 - mmengine - WARNING - "HardDiskBackend" is the alias of "LocalBackend" and the former will be deprecated in future.
09/14 17:14:07 - mmengine - WARNING - "HardDiskBackend" is the alias of "LocalBackend" and the former will be deprecated in future.
{"epoch": 44, "successful_updates": 4320, "losses": {"task": 1.8078292608261108, "full_task": 1.4730585217475891, "self_feature": 0.586066722869873, "feature": 0.8438090085983276, "loss_actionness": 0.19328506290912628, "loss_transition": 0.6711148619651794, "loss_boundary": 3.227578963560518e-05, "cost": 3.942941665649414}, "peak_gib": 8.330395221710205}
{"epoch": 44, "successful_updates": 4340, "losses": {"task": 0.512631356716156, "full_task": 0.3960876911878586, "self_feature": 0.6320815086364746, "feature": 0.8127441704273224, "loss_actionness": 0.1319592408835888, "loss_transition": 0.62394118309021, "loss_boundary": 0.0016082882939372212, "cost": 2.2451144456863403}, "peak_gib": 8.330395221710205}
{"epoch": 44, "successful_updates": 4360, "losses": {"task": 0.31334464251995087, "full_task": 0.26456334441900253, "self_feature": 0.40772007405757904, "feature": 0.6380235403776169, "loss_actionness": 0.12836629152297974, "loss_transition": 0.6050398945808411, "loss_boundary": 0.0015786777094035642, "cost": 1.79326593875885}, "peak_gib": 8.330395221710205}
{"epoch": 44, "successful_updates": 4380, "losses": {"task": 0.23200248926877975, "full_task": 0.20044638216495514, "self_feature": 0.5674656331539154, "feature": 0.7000808119773865, "loss_actionness": 0.14034203439950943, "loss_transition": 0.6234895288944244, "loss_boundary": 3.0852450436213985e-05, "cost": 1.802803874015808}, "peak_gib": 8.330395221710205}
{"epoch": 44, "successful_updates": 4400, "losses": {"task": 0.08137098141014576, "full_task": 0.08834163099527359, "self_feature": 0.5589432418346405, "feature": 0.7149740755558014, "loss_actionness": 0.11078783124685287, "loss_transition": 0.5818618386983871, "loss_boundary": 0.001750847821313073, "cost": 1.568725347518921}, "peak_gib": 8.362417221069336}
09/14 17:21:11 - mmengine - WARNING - "FileClient" will be deprecated in future. Please use io functions in https://mmengine.readthedocs.io/en/latest/api/fileio.html#file-io
09/14 17:21:11 - mmengine - WARNING - "FileClient" will be deprecated in future. Please use io functions in https://mmengine.readthedocs.io/en/latest/api/fileio.html#file-io
09/14 17:21:11 - mmengine - WARNING - "HardDiskBackend" is the alias of "LocalBackend" and the former will be deprecated in future.
09/14 17:21:11 - mmengine - WARNING - "HardDiskBackend" is the alias of "LocalBackend" and the former will be deprecated in future.
{"epoch": 45, "successful_updates": 4420, "losses": {"task": 0.31451456993818283, "full_task": 0.31984876096248627, "self_feature": 0.5348895937204361, "feature": 0.7166089117527008, "loss_actionness": 0.13748691231012344, "loss_transition": 0.6361908316612244, "loss_boundary": 0.0016235157090704888, "cost": 1.9398759603500366}, "peak_gib": 8.362417221069336}
{"epoch": 45, "successful_updates": 4440, "losses": {"task": 0.17023253068327904, "full_task": 0.17303874343633652, "self_feature": 0.566175103187561, "feature": 0.7389768362045288, "loss_actionness": 0.11715313792228699, "loss_transition": 0.6563768088817596, "loss_boundary": 3.085244861722458e-05, "cost": 1.7826473712921143}, "peak_gib": 8.362417221069336}
{"epoch": 45, "successful_updates": 4460, "losses": {"task": 0.1513214446604252, "full_task": 0.14317888021469116, "self_feature": 0.761673778295517, "feature": 0.9419355094432831, "loss_actionness": 0.14307495951652527, "loss_transition": 0.6319047808647156, "loss_boundary": 0.0017096201336244121, "cost": 1.98190838098526}, "peak_gib": 8.362417221069336}
{"epoch": 45, "successful_updates": 4480, "losses": {"task": 0.4716382175683975, "full_task": 0.40534843504428864, "self_feature": 0.4449010640382767, "feature": 0.6431219279766083, "loss_actionness": 0.10945992544293404, "loss_transition": 0.6576436460018158, "loss_boundary": 0.0019101120124105364, "cost": 2.029601037502289}, "peak_gib": 8.362417221069336}
{"epoch": 45, "successful_updates": 4500, "losses": {"task": 0.36602506041526794, "full_task": 0.3558991551399231, "self_feature": 0.4340779334306717, "feature": 0.6277783215045929, "loss_actionness": 0.1344132125377655, "loss_transition": 0.6659259498119354, "loss_boundary": 3.085244679823518e-05, "cost": 1.9265559315681458}, "peak_gib": 8.362417221069336}
09/14 17:28:09 - mmengine - WARNING - "FileClient" will be deprecated in future. Please use io functions in https://mmengine.readthedocs.io/en/latest/api/fileio.html#file-io
09/14 17:28:09 - mmengine - WARNING - "FileClient" will be deprecated in future. Please use io functions in https://mmengine.readthedocs.io/en/latest/api/fileio.html#file-io
09/14 17:28:09 - mmengine - WARNING - "HardDiskBackend" is the alias of "LocalBackend" and the former will be deprecated in future.
09/14 17:28:09 - mmengine - WARNING - "HardDiskBackend" is the alias of "LocalBackend" and the former will be deprecated in future.
{"epoch": 46, "successful_updates": 4520, "losses": {"task": 0.21656393073499203, "full_task": 0.13968743570148945, "self_feature": 0.5178347527980804, "feature": 0.658660888671875, "loss_actionness": 0.12138354033231735, "loss_transition": 0.5789196193218231, "loss_boundary": 0.0015833957895665662, "cost": 1.6638166904449463}, "peak_gib": 8.362417221069336}
{"epoch": 46, "successful_updates": 4540, "losses": {"task": 0.08694391697645187, "full_task": 0.07952581718564034, "self_feature": 0.3497505486011505, "feature": 0.5193284004926682, "loss_actionness": 0.1227944865822792, "loss_transition": 0.602589875459671, "loss_boundary": 0.0016331054575857706, "cost": 1.3881462812423706}, "peak_gib": 8.362417221069336}
{"epoch": 46, "successful_updates": 4560, "losses": {"task": 0.14417952299118042, "full_task": 0.10708573460578918, "self_feature": 0.5205794870853424, "feature": 0.7479907274246216, "loss_actionness": 0.1345795877277851, "loss_transition": 0.6533510982990265, "loss_boundary": 3.0852450436213985e-05, "cost": 1.7589612007141113}, "peak_gib": 8.362417221069336}
{"epoch": 46, "successful_updates": 4580, "losses": {"task": 0.2592287212610245, "full_task": 0.19360601156949997, "self_feature": 0.6768359690904617, "feature": 0.8336911499500275, "loss_actionness": 0.12113359197974205, "loss_transition": 0.5714540779590607, "loss_boundary": 0.0015798100812389748, "cost": 1.9031725525856018}, "peak_gib": 8.362417221069336}
{"epoch": 46, "successful_updates": 4600, "losses": {"task": 0.30919913947582245, "full_task": 0.3060552477836609, "self_feature": 0.33086298406124115, "feature": 0.5191150456666946, "loss_actionness": 0.17042049020528793, "loss_transition": 0.5926169455051422, "loss_boundary": 0.00012532690379885025, "cost": 1.701077163219452}, "peak_gib": 8.362417221069336}
09/14 17:34:58 - mmengine - WARNING - "FileClient" will be deprecated in future. Please use io functions in https://mmengine.readthedocs.io/en/latest/api/fileio.html#file-io
09/14 17:34:58 - mmengine - WARNING - "FileClient" will be deprecated in future. Please use io functions in https://mmengine.readthedocs.io/en/latest/api/fileio.html#file-io
09/14 17:34:58 - mmengine - WARNING - "HardDiskBackend" is the alias of "LocalBackend" and the former will be deprecated in future.
09/14 17:34:58 - mmengine - WARNING - "HardDiskBackend" is the alias of "LocalBackend" and the former will be deprecated in future.
{"epoch": 47, "successful_updates": 4620, "losses": {"task": 0.15901365876197815, "full_task": 0.1280987411737442, "self_feature": 0.518810585141182, "feature": 0.7253753244876862, "loss_actionness": 0.1013374961912632, "loss_transition": 0.6679494678974152, "loss_boundary": 3.085244679823518e-05, "cost": 1.7376126050949097}, "peak_gib": 8.362417221069336}
{"epoch": 47, "successful_updates": 4640, "losses": {"task": 0.24231038242578506, "full_task": 0.2272271253168583, "self_feature": 0.40422379970550537, "feature": 0.5443065166473389, "loss_actionness": 0.2174120545387268, "loss_transition": 0.6114783585071564, "loss_boundary": 0.0016133831995830406, "cost": 1.7143498659133911}, "peak_gib": 8.362417221069336}
{"epoch": 47, "successful_updates": 4660, "losses": {"task": 0.25775589793920517, "full_task": 0.27097900211811066, "self_feature": 0.6781106889247894, "feature": 0.8891352117061615, "loss_actionness": 0.17591261491179466, "loss_transition": 0.6669769883155823, "loss_boundary": 0.0031324243173003197, "cost": 2.1284689903259277}, "peak_gib": 8.362417221069336}
{"epoch": 47, "successful_updates": 4680, "losses": {"task": 1.018889456987381, "full_task": 0.8623705208301544, "self_feature": 0.5568171739578247, "feature": 0.8011329174041748, "loss_actionness": 0.17618421465158463, "loss_transition": 0.663720428943634, "loss_boundary": 3.1849564038566314e-05, "cost": 2.931233286857605}, "peak_gib": 8.362417221069336}
{"epoch": 47, "successful_updates": 4700, "losses": {"task": 0.08193400874733925, "full_task": 0.09739535674452782, "self_feature": 0.6815016269683838, "feature": 0.7997178137302399, "loss_actionness": 0.12395046278834343, "loss_transition": 0.6345225274562836, "loss_boundary": 0.0012108101218473166, "cost": 1.7338346242904663}, "peak_gib": 8.362417221069336}
09/14 17:42:10 - mmengine - WARNING - "FileClient" will be deprecated in future. Please use io functions in https://mmengine.readthedocs.io/en/latest/api/fileio.html#file-io
09/14 17:42:10 - mmengine - WARNING - "FileClient" will be deprecated in future. Please use io functions in https://mmengine.readthedocs.io/en/latest/api/fileio.html#file-io
09/14 17:42:10 - mmengine - WARNING - "HardDiskBackend" is the alias of "LocalBackend" and the former will be deprecated in future.
09/14 17:42:10 - mmengine - WARNING - "HardDiskBackend" is the alias of "LocalBackend" and the former will be deprecated in future.
{"epoch": 48, "successful_updates": 4720, "losses": {"task": 0.11731050908565521, "full_task": 0.11984295025467873, "self_feature": 0.5577443540096283, "feature": 0.6944436132907867, "loss_actionness": 0.19837820529937744, "loss_transition": 0.6447617709636688, "loss_boundary": 0.002124497666954994, "cost": 1.742753803730011}, "peak_gib": 8.362417221069336}
{"epoch": 48, "successful_updates": 4740, "losses": {"task": 0.23207704722881317, "full_task": 0.194261372089386, "self_feature": 0.7475199103355408, "feature": 1.0301470756530762, "loss_actionness": 0.12183940410614014, "loss_transition": 0.5296611189842224, "loss_boundary": 3.085244861722458e-05, "cost": 2.037072777748108}, "peak_gib": 8.362417221069336}
{"epoch": 48, "successful_updates": 4760, "losses": {"task": 0.10291553288698196, "full_task": 0.11225462704896927, "self_feature": 0.5473886430263519, "feature": 0.7119242548942566, "loss_actionness": 0.13683253526687622, "loss_transition": 0.612627238035202, "loss_boundary": 0.001648054072575178, "cost": 1.6487501859664917}, "peak_gib": 8.362417221069336}
{"epoch": 48, "successful_updates": 4780, "losses": {"task": 0.15937642753124237, "full_task": 0.13895686715841293, "self_feature": 0.5049269944429398, "feature": 0.6863223016262054, "loss_actionness": 0.1790735274553299, "loss_transition": 0.6324121057987213, "loss_boundary": 0.001708008101559244, "cost": 1.7441242337226868}, "peak_gib": 8.362417221069336}
{"epoch": 48, "successful_updates": 4800, "losses": {"task": 0.4898780733346939, "full_task": 0.4423676058650017, "self_feature": 0.5906583070755005, "feature": 0.7985999882221222, "loss_actionness": 0.1247389167547226, "loss_transition": 0.6658493280410767, "loss_boundary": 3.0852450436213985e-05, "cost": 2.248754918575287}, "peak_gib": 8.362417221069336}
09/14 17:49:11 - mmengine - WARNING - "FileClient" will be deprecated in future. Please use io functions in https://mmengine.readthedocs.io/en/latest/api/fileio.html#file-io
09/14 17:49:11 - mmengine - WARNING - "FileClient" will be deprecated in future. Please use io functions in https://mmengine.readthedocs.io/en/latest/api/fileio.html#file-io
09/14 17:49:11 - mmengine - WARNING - "HardDiskBackend" is the alias of "LocalBackend" and the former will be deprecated in future.
09/14 17:49:11 - mmengine - WARNING - "HardDiskBackend" is the alias of "LocalBackend" and the former will be deprecated in future.
{"epoch": 49, "successful_updates": 4820, "losses": {"task": 0.2642866848036647, "full_task": 0.19539157766848803, "self_feature": 0.6123504936695099, "feature": 0.7622852921485901, "loss_actionness": 0.11355946213006973, "loss_transition": 0.6404190957546234, "loss_boundary": 0.0009172596473945305, "cost": 1.8915507793426514}, "peak_gib": 8.362417221069336}
{"epoch": 49, "successful_updates": 4840, "losses": {"task": 0.07739011198282242, "full_task": 0.07099352404475212, "self_feature": 0.4156176522374153, "feature": 0.6881763935089111, "loss_actionness": 0.1507781520485878, "loss_transition": 0.5834883451461792, "loss_boundary": 0.0015837396822462324, "cost": 1.560726821422577}, "peak_gib": 8.362417221069336}
{"epoch": 49, "successful_updates": 4860, "losses": {"task": 0.039887395687401295, "full_task": 0.03397993743419647, "self_feature": 0.491145059466362, "feature": 0.6360060274600983, "loss_actionness": 0.13860364258289337, "loss_transition": 0.6013091206550598, "loss_boundary": 3.0852450436213985e-05, "cost": 1.4734464883804321}, "peak_gib": 8.362417221069336}
{"epoch": 49, "successful_updates": 4880, "losses": {"task": 0.23541805148124695, "full_task": 0.22329889982938766, "self_feature": 0.5869836807250977, "feature": 0.7729675769805908, "loss_actionness": 0.19236543774604797, "loss_transition": 0.626552015542984, "loss_boundary": 0.0015814856142242206, "cost": 1.943407654762268}, "peak_gib": 8.362417221069336}
{"epoch": 49, "successful_updates": 4900, "losses": {"task": 0.1061178669333458, "full_task": 0.07560804858803749, "self_feature": 0.747354656457901, "feature": 0.982648104429245, "loss_actionness": 0.10081800445914268, "loss_transition": 0.6352089047431946, "loss_boundary": 0.0031282121781259775, "cost": 1.9215585589408875}, "peak_gib": 8.362417221069336}
09/14 17:56:15 - mmengine - WARNING - "FileClient" will be deprecated in future. Please use io functions in https://mmengine.readthedocs.io/en/latest/api/fileio.html#file-io
09/14 17:56:15 - mmengine - WARNING - "FileClient" will be deprecated in future. Please use io functions in https://mmengine.readthedocs.io/en/latest/api/fileio.html#file-io
09/14 17:56:15 - mmengine - WARNING - "HardDiskBackend" is the alias of "LocalBackend" and the former will be deprecated in future.
09/14 17:56:15 - mmengine - WARNING - "HardDiskBackend" is the alias of "LocalBackend" and the former will be deprecated in future.
{"epoch": 50, "successful_updates": 4920, "losses": {"task": 0.45805685222148895, "full_task": 0.4472314193844795, "self_feature": 0.5688050091266632, "feature": 0.8289439082145691, "loss_actionness": 0.14610585197806358, "loss_transition": 0.6342453062534332, "loss_boundary": 3.0852450436213985e-05, "cost": 2.2360711693763733}, "peak_gib": 8.362417221069336}
{"epoch": 50, "successful_updates": 4940, "losses": {"task": 1.6865604221820831, "full_task": 1.4066873788833618, "self_feature": 0.8346019387245178, "feature": 1.0211892426013947, "loss_actionness": 0.17690978944301605, "loss_transition": 0.6670750677585602, "loss_boundary": 0.003333372180350125, "cost": 3.99019992351532}, "peak_gib": 8.362417221069336}
{"epoch": 50, "successful_updates": 4960, "losses": {"task": 0.4211135059595108, "full_task": 0.39244069904088974, "self_feature": 0.537717804312706, "feature": 0.7242691814899445, "loss_actionness": 0.11158615723252296, "loss_transition": 0.6782530248165131, "loss_boundary": 0.003130179480649531, "cost": 2.0902340412139893}, "peak_gib": 8.362417221069336}
{"epoch": 50, "successful_updates": 4980, "losses": {"task": 1.0162528306245804, "full_task": 0.828166551887989, "self_feature": 0.523177906870842, "feature": 0.6780696213245392, "loss_actionness": 0.15074472874403, "loss_transition": 0.6397925019264221, "loss_boundary": 0.0002557713523856364, "cost": 2.744474947452545}, "peak_gib": 8.362417221069336}
{"epoch": 50, "successful_updates": 5000, "losses": {"task": 0.4173247367143631, "full_task": 0.399924173951149, "self_feature": 0.7986545860767365, "feature": 0.9804926514625549, "loss_actionness": 0.14470349252223969, "loss_transition": 0.6617252826690674, "loss_boundary": 0.003131505101919174, "cost": 2.3872241973876953}, "peak_gib": 8.362417221069336}
09/14 18:03:25 - mmengine - WARNING - "FileClient" will be deprecated in future. Please use io functions in https://mmengine.readthedocs.io/en/latest/api/fileio.html#file-io
09/14 18:03:25 - mmengine - WARNING - "HardDiskBackend" is the alias of "LocalBackend" and the former will be deprecated in future.
09/14 18:03:25 - mmengine - WARNING - "FileClient" will be deprecated in future. Please use io functions in https://mmengine.readthedocs.io/en/latest/api/fileio.html#file-io
09/14 18:03:25 - mmengine - WARNING - "HardDiskBackend" is the alias of "LocalBackend" and the former will be deprecated in future.
{"epoch": 51, "successful_updates": 5020, "losses": {"task": 0.3695080578327179, "full_task": 0.31538386084139347, "self_feature": 0.6999565064907074, "feature": 0.9123652279376984, "loss_actionness": 0.1610463373363018, "loss_transition": 0.662708580493927, "loss_boundary": 0.0031726754968985915, "cost": 2.2576425671577454}, "peak_gib": 8.362417221069336}
{"epoch": 51, "successful_updates": 5040, "losses": {"task": 0.038120505400002, "full_task": 0.034888213500380516, "self_feature": 0.4533294439315796, "feature": 0.6085663139820099, "loss_actionness": 0.24214889854192734, "loss_transition": 0.6121090054512024, "loss_boundary": 3.085245407419279e-05, "cost": 1.5550305843353271}, "peak_gib": 8.362417221069336}
{"epoch": 51, "successful_updates": 5060, "losses": {"task": 0.7047297805547714, "full_task": 0.6134552657604218, "self_feature": 0.6401336789131165, "feature": 0.8163928091526031, "loss_actionness": 0.14802363514900208, "loss_transition": 0.6554288268089294, "loss_boundary": 0.0031352725345641375, "cost": 2.5450876355171204}, "peak_gib": 8.362417221069336}
{"epoch": 51, "successful_updates": 5080, "losses": {"task": 0.5859994292259216, "full_task": 0.4916437640786171, "self_feature": 0.6431784778833389, "feature": 0.8279808163642883, "loss_actionness": 0.14353183656930923, "loss_transition": 0.6772951483726501, "loss_boundary": 0.0032422998920083046, "cost": 2.425278425216675}, "peak_gib": 8.362417221069336}
{"epoch": 51, "successful_updates": 5100, "losses": {"task": 0.05948851630091667, "full_task": 0.05843656323850155, "self_feature": 0.5106596648693085, "feature": 0.7515294551849365, "loss_actionness": 0.20402800664305687, "loss_transition": 0.5856437683105469, "loss_boundary": 0.0003250278259656625, "cost": 1.666689932346344}, "peak_gib": 8.362417221069336}
09/14 18:10:29 - mmengine - WARNING - "FileClient" will be deprecated in future. Please use io functions in https://mmengine.readthedocs.io/en/latest/api/fileio.html#file-io
09/14 18:10:29 - mmengine - WARNING - "HardDiskBackend" is the alias of "LocalBackend" and the former will be deprecated in future.
09/14 18:10:29 - mmengine - WARNING - "FileClient" will be deprecated in future. Please use io functions in https://mmengine.readthedocs.io/en/latest/api/fileio.html#file-io
09/14 18:10:29 - mmengine - WARNING - "HardDiskBackend" is the alias of "LocalBackend" and the former will be deprecated in future.
{"epoch": 52, "successful_updates": 5120, "losses": {"task": 0.5390531569719315, "full_task": 0.43718191981315613, "self_feature": 0.6924258172512054, "feature": 0.8256136775016785, "loss_actionness": 0.16130651533603668, "loss_transition": 0.6542682349681854, "loss_boundary": 0.0031301795970648527, "cost": 2.3619097471237183}, "peak_gib": 8.362417221069336}
{"epoch": 52, "successful_updates": 5140, "losses": {"task": 0.10426146443933249, "full_task": 0.0967108178883791, "self_feature": 0.49116799235343933, "feature": 0.6285506188869476, "loss_actionness": 0.10875675454735756, "loss_transition": 0.6351805031299591, "loss_boundary": 0.0020623108139261603, "cost": 1.5521062016487122}, "peak_gib": 8.362417221069336}
{"epoch": 52, "successful_updates": 5160, "losses": {"task": 0.11856837943196297, "full_task": 0.12589573673903942, "self_feature": 0.5237210988998413, "feature": 0.744484931230545, "loss_actionness": 0.14293425157666206, "loss_transition": 0.6663186252117157, "loss_boundary": 5.3986172133591026e-05, "cost": 1.7562061548233032}, "peak_gib": 8.362417221069336}
{"epoch": 52, "successful_updates": 5180, "losses": {"task": 0.39859434962272644, "full_task": 0.3050599545240402, "self_feature": 0.9026108682155609, "feature": 1.1166066527366638, "loss_actionness": 0.15964895486831665, "loss_transition": 0.658810019493103, "loss_boundary": 0.003202503896318376, "cost": 2.503388524055481}, "peak_gib": 8.362417221069336}
{"epoch": 52, "successful_updates": 5200, "losses": {"task": 0.6578817665576935, "full_task": 0.6169222071766853, "self_feature": 0.43385154753923416, "feature": 0.630020022392273, "loss_actionness": 0.14681851863861084, "loss_transition": 0.6048145890235901, "loss_boundary": 0.001598855513293529, "cost": 2.2387495040893555}, "peak_gib": 8.362417221069336}
09/14 18:17:26 - mmengine - WARNING - "FileClient" will be deprecated in future. Please use io functions in https://mmengine.readthedocs.io/en/latest/api/fileio.html#file-io
09/14 18:17:26 - mmengine - WARNING - "HardDiskBackend" is the alias of "LocalBackend" and the former will be deprecated in future.
09/14 18:17:26 - mmengine - WARNING - "FileClient" will be deprecated in future. Please use io functions in https://mmengine.readthedocs.io/en/latest/api/fileio.html#file-io
09/14 18:17:26 - mmengine - WARNING - "HardDiskBackend" is the alias of "LocalBackend" and the former will be deprecated in future.
{"epoch": 53, "successful_updates": 5220, "losses": {"task": 0.2870021313428879, "full_task": 0.2574421465396881, "self_feature": 0.4691252112388611, "feature": 0.6742182374000549, "loss_actionness": 0.1295473389327526, "loss_transition": 0.6731911599636078, "loss_boundary": 3.085244679823518e-05, "cost": 1.8752627968788147}, "peak_gib": 8.362417221069336}
{"epoch": 53, "successful_updates": 5240, "losses": {"task": 0.12740541249513626, "full_task": 0.10231989994645119, "self_feature": 0.7204123735427856, "feature": 0.856100469827652, "loss_actionness": 0.09473106637597084, "loss_transition": 0.6315731406211853, "loss_boundary": 0.003139224834740162, "cost": 1.8105705380439758}, "peak_gib": 8.362417221069336}
{"epoch": 53, "successful_updates": 5260, "losses": {"task": 0.13848445937037468, "full_task": 0.12491866573691368, "self_feature": 0.2952990457415581, "feature": 0.4049333408474922, "loss_actionness": 0.20010530948638916, "loss_transition": 0.6359870135784149, "loss_boundary": 0.0032290860544890165, "cost": 1.4434988498687744}, "peak_gib": 8.362417221069336}
{"epoch": 53, "successful_updates": 5280, "losses": {"task": 0.8465348072350025, "full_task": 0.7602074816823006, "self_feature": 0.5920313596725464, "feature": 0.8059998750686646, "loss_actionness": 0.15091827139258385, "loss_transition": 0.5845333784818649, "loss_boundary": 3.0852450436213985e-05, "cost": 2.6372721195220947}, "peak_gib": 8.362417221069336}
{"epoch": 53, "successful_updates": 5300, "losses": {"task": 0.06310311332345009, "full_task": 0.04571325331926346, "self_feature": 0.699434369802475, "feature": 0.886138916015625, "loss_actionness": 0.12010054290294647, "loss_transition": 0.6578321158885956, "loss_boundary": 0.0031375817488878965, "cost": 1.811684012413025}, "peak_gib": 8.362417221069336}
09/14 18:24:36 - mmengine - WARNING - "FileClient" will be deprecated in future. Please use io functions in https://mmengine.readthedocs.io/en/latest/api/fileio.html#file-io
09/14 18:24:36 - mmengine - WARNING - "FileClient" will be deprecated in future. Please use io functions in https://mmengine.readthedocs.io/en/latest/api/fileio.html#file-io
09/14 18:24:36 - mmengine - WARNING - "HardDiskBackend" is the alias of "LocalBackend" and the former will be deprecated in future.
09/14 18:24:36 - mmengine - WARNING - "HardDiskBackend" is the alias of "LocalBackend" and the former will be deprecated in future.
{"epoch": 54, "successful_updates": 5320, "losses": {"task": 0.9806299209594727, "full_task": 0.8384183049201965, "self_feature": 0.571187824010849, "feature": 0.7836689054965973, "loss_actionness": 0.1730315312743187, "loss_transition": 0.6275584697723389, "loss_boundary": 0.0016010660110623576, "cost": 2.8332130908966064}, "peak_gib": 8.362417221069336}
{"epoch": 54, "successful_updates": 5340, "losses": {"task": 0.6627293825149536, "full_task": 0.5836375653743744, "self_feature": 0.4725932627916336, "feature": 0.6765937805175781, "loss_actionness": 0.1314721778035164, "loss_transition": 0.6746032238006592, "loss_boundary": 3.0852450436213985e-05, "cost": 2.338598072528839}, "peak_gib": 8.362417221069336}
{"epoch": 54, "successful_updates": 5360, "losses": {"task": 0.278068482875824, "full_task": 0.1764514446258545, "self_feature": 0.8890989422798157, "feature": 1.0758468508720398, "loss_actionness": 0.0989825502038002, "loss_transition": 0.6514133512973785, "loss_boundary": 0.0031326640164479613, "cost": 2.2404667139053345}, "peak_gib": 8.362417221069336}
{"epoch": 54, "successful_updates": 5380, "losses": {"task": 0.46888259053230286, "full_task": 0.4637385308742523, "self_feature": 0.7019225656986237, "feature": 0.9019583165645599, "loss_actionness": 0.19759134948253632, "loss_transition": 0.657568097114563, "loss_boundary": 0.003131003468297422, "cost": 2.415258288383484}, "peak_gib": 8.362417221069336}
{"epoch": 54, "successful_updates": 5400, "losses": {"task": 0.7114071100950241, "full_task": 0.591939851641655, "self_feature": 0.41069231927394867, "feature": 0.5688173174858093, "loss_actionness": 0.2430810034275055, "loss_transition": 0.33744072914123535, "loss_boundary": 1.5426225218106993e-05, "cost": 2.0498156547546387}, "peak_gib": 8.362417221069336}
09/14 18:31:54 - mmengine - WARNING - "FileClient" will be deprecated in future. Please use io functions in https://mmengine.readthedocs.io/en/latest/api/fileio.html#file-io
09/14 18:31:54 - mmengine - WARNING - "HardDiskBackend" is the alias of "LocalBackend" and the former will be deprecated in future.
09/14 18:31:54 - mmengine - WARNING - "FileClient" will be deprecated in future. Please use io functions in https://mmengine.readthedocs.io/en/latest/api/fileio.html#file-io
09/14 18:31:54 - mmengine - WARNING - "HardDiskBackend" is the alias of "LocalBackend" and the former will be deprecated in future.
{"epoch": 55, "successful_updates": 5420, "losses": {"task": 1.0115681290626526, "full_task": 0.7159996926784515, "self_feature": 0.662380188703537, "feature": 0.8148548007011414, "loss_actionness": 0.1275746375322342, "loss_transition": 0.6726758778095245, "loss_boundary": 0.003174797515384853, "cost": 2.8750860691070557}, "peak_gib": 8.362417221069336}
{"epoch": 55, "successful_updates": 5440, "losses": {"task": 0.18221071735024452, "full_task": 0.17412684112787247, "self_feature": 0.54908886551857, "feature": 0.69691102206707, "loss_actionness": 0.1486150473356247, "loss_transition": 0.655815601348877, "loss_boundary": 0.003128484357148409, "cost": 1.7851213812828064}, "peak_gib": 8.362417221069336}
{"epoch": 55, "successful_updates": 5460, "losses": {"task": 0.01968053262680769, "full_task": 0.01812721975147724, "self_feature": 0.4610070735216141, "feature": 0.6093752086162567, "loss_actionness": 0.1497681476175785, "loss_transition": 0.6500512957572937, "loss_boundary": 3.085244861722458e-05, "cost": 1.47953861951828}, "peak_gib": 8.362417221069336}
{"epoch": 55, "successful_updates": 5480, "losses": {"task": 0.20396174490451813, "full_task": 0.20367276668548584, "self_feature": 0.6969219148159027, "feature": 0.8228359371423721, "loss_actionness": 0.22042591869831085, "loss_transition": 0.661560446023941, "loss_boundary": 0.0031280015828087926, "cost": 2.0325223803520203}, "peak_gib": 8.362417221069336}
{"epoch": 55, "successful_updates": 5500, "losses": {"task": 0.4890076667070389, "full_task": 0.4566213861107826, "self_feature": 0.5751297026872635, "feature": 0.7622495293617249, "loss_actionness": 0.15040236711502075, "loss_transition": 0.6588039100170135, "loss_boundary": 0.0031311388593167067, "cost": 2.2352628111839294}, "peak_gib": 8.362417221069336}
09/14 18:39:08 - mmengine - WARNING - "FileClient" will be deprecated in future. Please use io functions in https://mmengine.readthedocs.io/en/latest/api/fileio.html#file-io
09/14 18:39:08 - mmengine - WARNING - "FileClient" will be deprecated in future. Please use io functions in https://mmengine.readthedocs.io/en/latest/api/fileio.html#file-io
09/14 18:39:08 - mmengine - WARNING - "HardDiskBackend" is the alias of "LocalBackend" and the former will be deprecated in future.
09/14 18:39:08 - mmengine - WARNING - "HardDiskBackend" is the alias of "LocalBackend" and the former will be deprecated in future.
{"epoch": 56, "successful_updates": 5520, "losses": {"task": 0.22610803321003914, "full_task": 0.20276126265525818, "self_feature": 0.5661947131156921, "feature": 0.6829285025596619, "loss_actionness": 0.1739685945212841, "loss_transition": 0.6469544470310211, "loss_boundary": 3.121929148619529e-05, "cost": 1.8373005986213684}, "peak_gib": 8.362417221069336}
{"epoch": 56, "successful_updates": 5540, "losses": {"task": 0.13451381772756577, "full_task": 0.09530448913574219, "self_feature": 0.6333553344011307, "feature": 0.8225031197071075, "loss_actionness": 0.11433344706892967, "loss_transition": 0.578730046749115, "loss_boundary": 0.001588868706676294, "cost": 1.7388308644294739}, "peak_gib": 8.362417221069336}
{"epoch": 56, "successful_updates": 5560, "losses": {"task": 0.6870814152061939, "full_task": 0.662578210234642, "self_feature": 0.5165678113698959, "feature": 0.6937841176986694, "loss_actionness": 0.11743229255080223, "loss_transition": 0.6642762422561646, "loss_boundary": 0.0031519238837063313, "cost": 2.383027195930481}, "peak_gib": 8.362417221069336}
{"epoch": 56, "successful_updates": 5580, "losses": {"task": 0.3354538753628731, "full_task": 0.3095424175262451, "self_feature": 0.5115589648485184, "feature": 0.7109371423721313, "loss_actionness": 0.1457173228263855, "loss_transition": 0.6616340279579163, "loss_boundary": 3.0852450436213985e-05, "cost": 1.9823147654533386}, "peak_gib": 8.362417221069336}
{"epoch": 56, "successful_updates": 5600, "losses": {"task": 0.40631949715316296, "full_task": 0.35005807131528854, "self_feature": 0.566260889172554, "feature": 0.7016474902629852, "loss_actionness": 0.1568005457520485, "loss_transition": 0.5927005708217621, "loss_boundary": 0.0015821984598005656, "cost": 2.0031908750534058}, "peak_gib": 8.362417221069336}
09/14 18:46:16 - mmengine - WARNING - "FileClient" will be deprecated in future. Please use io functions in https://mmengine.readthedocs.io/en/latest/api/fileio.html#file-io
09/14 18:46:16 - mmengine - WARNING - "FileClient" will be deprecated in future. Please use io functions in https://mmengine.readthedocs.io/en/latest/api/fileio.html#file-io
09/14 18:46:16 - mmengine - WARNING - "HardDiskBackend" is the alias of "LocalBackend" and the former will be deprecated in future.
09/14 18:46:16 - mmengine - WARNING - "HardDiskBackend" is the alias of "LocalBackend" and the former will be deprecated in future.
{"epoch": 57, "successful_updates": 5620, "losses": {"task": 0.9311243891716003, "full_task": 0.9303036332130432, "self_feature": 0.3841458112001419, "feature": 0.631574422121048, "loss_actionness": 0.24234060943126678, "loss_transition": 0.6327956914901733, "loss_boundary": 0.001601080441105296, "cost": 2.7104268074035645}, "peak_gib": 8.362417221069336}
{"epoch": 57, "successful_updates": 5640, "losses": {"task": 0.10215223766863346, "full_task": 0.10316140577197075, "self_feature": 0.5842680335044861, "feature": 0.7731977105140686, "loss_actionness": 0.11905941367149353, "loss_transition": 0.6270986199378967, "loss_boundary": 3.085245407419279e-05, "cost": 1.7057560682296753}, "peak_gib": 8.362417221069336}
{"epoch": 57, "successful_updates": 5660, "losses": {"task": 0.8635543286800385, "full_task": 0.7617779076099396, "self_feature": 0.5996092557907104, "feature": 0.7674901783466339, "loss_actionness": 0.13360052928328514, "loss_transition": 0.6664512157440186, "loss_boundary": 0.0031848432263359427, "cost": 2.684686541557312}, "peak_gib": 8.362417221069336}
{"epoch": 57, "successful_updates": 5680, "losses": {"task": 0.15343980118632317, "full_task": 0.17634963244199753, "self_feature": 0.3855719640851021, "feature": 0.5428629815578461, "loss_actionness": 0.17309444397687912, "loss_transition": 0.598654180765152, "loss_boundary": 0.001600028044776991, "cost": 1.5522960424423218}, "peak_gib": 8.362417221069336}
{"epoch": 57, "successful_updates": 5700, "losses": {"task": 0.15248091518878937, "full_task": 0.1345338448882103, "self_feature": 0.5493079125881195, "feature": 0.7459799647331238, "loss_actionness": 0.12805255502462387, "loss_transition": 0.664114385843277, "loss_boundary": 3.0852450436213985e-05, "cost": 1.7792229056358337}, "peak_gib": 8.362417221069336}
09/14 18:53:28 - mmengine - WARNING - "FileClient" will be deprecated in future. Please use io functions in https://mmengine.readthedocs.io/en/latest/api/fileio.html#file-io
09/14 18:53:28 - mmengine - WARNING - "FileClient" will be deprecated in future. Please use io functions in https://mmengine.readthedocs.io/en/latest/api/fileio.html#file-io
09/14 18:53:28 - mmengine - WARNING - "HardDiskBackend" is the alias of "LocalBackend" and the former will be deprecated in future.
09/14 18:53:28 - mmengine - WARNING - "HardDiskBackend" is the alias of "LocalBackend" and the former will be deprecated in future.
{"epoch": 58, "successful_updates": 5720, "losses": {"task": 0.06233807187527418, "full_task": 0.0637214183807373, "self_feature": 0.7482913136482239, "feature": 0.9058154225349426, "loss_actionness": 0.13287096098065376, "loss_transition": 0.6393295228481293, "loss_boundary": 0.0017694605194265023, "cost": 1.8328829407691956}, "peak_gib": 8.362417221069336}
{"epoch": 58, "successful_updates": 5740, "losses": {"task": 0.17345639318227768, "full_task": 0.10871717147529125, "self_feature": 0.5705972015857697, "feature": 0.7145050168037415, "loss_actionness": 0.15846916288137436, "loss_transition": 0.6605287194252014, "loss_boundary": 0.0031858336878940463, "cost": 1.7943841814994812}, "peak_gib": 8.362417221069336}
{"epoch": 58, "successful_updates": 5760, "losses": {"task": 0.128297321498394, "full_task": 0.11766469478607178, "self_feature": 0.44556593894958496, "feature": 0.598173052072525, "loss_actionness": 0.15892455726861954, "loss_transition": 0.6715096235275269, "loss_boundary": 3.9477636164519936e-05, "cost": 1.6309167742729187}, "peak_gib": 8.362417221069336}
{"epoch": 58, "successful_updates": 5780, "losses": {"task": 0.4536915719509125, "full_task": 0.401593953371048, "self_feature": 0.6468845903873444, "feature": 0.8246764838695526, "loss_actionness": 0.13903436064720154, "loss_transition": 0.6671665608882904, "loss_boundary": 0.0031316058011725545, "cost": 2.2527875900268555}, "peak_gib": 8.362417221069336}
{"epoch": 58, "successful_updates": 5800, "losses": {"task": 0.8104620277881622, "full_task": 0.8688751012086868, "self_feature": 0.6358180642127991, "feature": 0.8412113785743713, "loss_actionness": 0.13767750561237335, "loss_transition": 0.6497600376605988, "loss_boundary": 0.0018912807572633028, "cost": 2.7218027114868164}, "peak_gib": 8.362417221069336}
09/14 19:00:35 - mmengine - WARNING - "FileClient" will be deprecated in future. Please use io functions in https://mmengine.readthedocs.io/en/latest/api/fileio.html#file-io
09/14 19:00:35 - mmengine - WARNING - "FileClient" will be deprecated in future. Please use io functions in https://mmengine.readthedocs.io/en/latest/api/fileio.html#file-io
09/14 19:00:35 - mmengine - WARNING - "HardDiskBackend" is the alias of "LocalBackend" and the former will be deprecated in future.
09/14 19:00:35 - mmengine - WARNING - "HardDiskBackend" is the alias of "LocalBackend" and the former will be deprecated in future.
{"epoch": 59, "successful_updates": 5820, "losses": {"task": 0.19955097883939743, "full_task": 0.1608426421880722, "self_feature": 0.48950375616550446, "feature": 0.7047450542449951, "loss_actionness": 0.16553258150815964, "loss_transition": 0.6264594793319702, "loss_boundary": 6.475721966126002e-05, "cost": 1.7855138778686523}, "peak_gib": 8.362417221069336}
{"epoch": 59, "successful_updates": 5840, "losses": {"task": 0.3685430511832237, "full_task": 0.3449569568037987, "self_feature": 0.5853961408138275, "feature": 0.7671017646789551, "loss_actionness": 0.22077231109142303, "loss_transition": 0.6283575594425201, "loss_boundary": 0.0015863041917327791, "cost": 2.1311399340629578}, "peak_gib": 8.362417221069336}
{"epoch": 59, "successful_updates": 5860, "losses": {"task": 0.24318323284387589, "full_task": 0.3403935581445694, "self_feature": 0.649820864200592, "feature": 0.8323129117488861, "loss_actionness": 0.14360927790403366, "loss_transition": 0.6630458533763885, "loss_boundary": 0.0031967954710125923, "cost": 2.035428464412689}, "peak_gib": 8.362417221069336}
{"epoch": 59, "successful_updates": 5880, "losses": {"task": 0.36228160560131073, "full_task": 0.28000547736883163, "self_feature": 0.5385987460613251, "feature": 0.7376019358634949, "loss_actionness": 0.1496724709868431, "loss_transition": 0.6566854417324066, "loss_boundary": 3.085244861722458e-05, "cost": 2.0301334857940674}, "peak_gib": 8.362417221069336}
{"epoch": 59, "successful_updates": 5900, "losses": {"task": 0.22299127280712128, "full_task": 0.1770564168691635, "self_feature": 0.6305620223283768, "feature": 0.8496368527412415, "loss_actionness": 0.10509159415960312, "loss_transition": 0.578052431344986, "loss_boundary": 0.0015820967128092889, "cost": 1.8646745085716248}, "peak_gib": 8.362417221069336}
09/14 19:07:34 - mmengine - WARNING - "FileClient" will be deprecated in future. Please use io functions in https://mmengine.readthedocs.io/en/latest/api/fileio.html#file-io
09/14 19:07:34 - mmengine - WARNING - "FileClient" will be deprecated in future. Please use io functions in https://mmengine.readthedocs.io/en/latest/api/fileio.html#file-io
09/14 19:07:34 - mmengine - WARNING - "HardDiskBackend" is the alias of "LocalBackend" and the former will be deprecated in future.
09/14 19:07:34 - mmengine - WARNING - "HardDiskBackend" is the alias of "LocalBackend" and the former will be deprecated in future.
{"epoch": 60, "successful_updates": 5920, "losses": {"task": 0.09227992966771126, "full_task": 0.08665000647306442, "self_feature": 0.5469330102205276, "feature": 0.751695990562439, "loss_actionness": 0.10499127581715584, "loss_transition": 0.6717520952224731, "loss_boundary": 0.003180556232109666, "cost": 1.7002556324005127}, "peak_gib": 8.362417221069336}
{"epoch": 60, "successful_updates": 5940, "losses": {"task": 0.20560356229543686, "full_task": 0.17319078743457794, "self_feature": 0.40482303500175476, "feature": 0.5607205629348755, "loss_actionness": 0.12247982248663902, "loss_transition": 0.6345916390419006, "loss_boundary": 3.085245225520339e-05, "cost": 1.6072065234184265}, "peak_gib": 8.362417221069336}
{"epoch": 60, "successful_updates": 5960, "losses": {"task": 0.43244241178035736, "full_task": 0.30899325758218765, "self_feature": 0.6356193274259567, "feature": 0.7901571542024612, "loss_actionness": 0.16256029903888702, "loss_transition": 0.606187641620636, "loss_boundary": 0.0015837730934435967, "cost": 2.133741557598114}, "peak_gib": 8.362417221069336}
{"epoch": 60, "successful_updates": 5980, "losses": {"task": 0.14578241854906082, "full_task": 0.12057864665985107, "self_feature": 0.3172950819134712, "feature": 0.5471769273281097, "loss_actionness": 0.15223345160484314, "loss_transition": 0.5712478458881378, "loss_boundary": 0.0001294114626944065, "cost": 1.4784441590309143}, "peak_gib": 8.362417221069336}
{"epoch": 60, "successful_updates": 6000, "losses": {"task": 0.08129454217851162, "full_task": 0.08855585381388664, "self_feature": 0.6141714155673981, "feature": 0.8300869762897491, "loss_actionness": 0.1246725544333458, "loss_transition": 0.6617920994758606, "loss_boundary": 3.085244679823518e-05, "cost": 1.78143310546875}, "peak_gib": 8.362417221069336}
validation subset: 211 videos, truncated as 792 windows.
09/14 19:14:39 - mmengine - WARNING - "FileClient" will be deprecated in future. Please use io functions in https://mmengine.readthedocs.io/en/latest/api/fileio.html#file-io
09/14 19:14:39 - mmengine - WARNING - "FileClient" will be deprecated in future. Please use io functions in https://mmengine.readthedocs.io/en/latest/api/fileio.html#file-io
09/14 19:14:39 - mmengine - WARNING - "HardDiskBackend" is the alias of "LocalBackend" and the former will be deprecated in future.
09/14 19:14:39 - mmengine - WARNING - "HardDiskBackend" is the alias of "LocalBackend" and the former will be deprecated in future.
thumos_s_point_uniform_seed42 60: 1/792
thumos_s_point_uniform_seed42 60: 101/792
thumos_s_point_uniform_seed42 60: 201/792
thumos_s_point_uniform_seed42 60: 301/792
thumos_s_point_uniform_seed42 60: 401/792
thumos_s_point_uniform_seed42 60: 501/792
thumos_s_point_uniform_seed42 60: 601/792
thumos_s_point_uniform_seed42 60: 701/792
{'average_mAP': 0.651958892515621, 'mAP@0.3': 0.8058070114152274, 'mAP@0.4': 0.7576299341586827, 'mAP@0.5': 0.6844529798902872, 'mAP@0.6': 0.5748399327811093, 'mAP@0.7': 0.43706460433279853}
09/14 19:39:03 - mmengine - WARNING - "FileClient" will be deprecated in future. Please use io functions in https://mmengine.readthedocs.io/en/latest/api/fileio.html#file-io
09/14 19:39:03 - mmengine - WARNING - "FileClient" will be deprecated in future. Please use io functions in https://mmengine.readthedocs.io/en/latest/api/fileio.html#file-io
09/14 19:39:03 - mmengine - WARNING - "HardDiskBackend" is the alias of "LocalBackend" and the former will be deprecated in future.
09/14 19:39:03 - mmengine - WARNING - "HardDiskBackend" is the alias of "LocalBackend" and the former will be deprecated in future.
{"epoch": 61, "successful_updates": 6020, "losses": {"task": 0.6855127215385437, "full_task": 0.5690285563468933, "self_feature": 0.814167857170105, "feature": 1.0081676542758942, "loss_actionness": 0.12519633024930954, "loss_transition": 0.6539319157600403, "loss_boundary": 0.003127874922938645, "cost": 2.699610471725464}, "peak_gib": 8.296906471252441}
{"epoch": 61, "successful_updates": 6040, "losses": {"task": 0.2660752758383751, "full_task": 0.2405586577951908, "self_feature": 0.5587117373943329, "feature": 0.7570229172706604, "loss_actionness": 0.19716235995292664, "loss_transition": 0.6581839919090271, "loss_boundary": 0.0032572525087743998, "cost": 1.997712790966034}, "peak_gib": 8.296906471252441}
{"epoch": 61, "successful_updates": 6060, "losses": {"task": 0.4187712073326111, "full_task": 0.4103781580924988, "self_feature": 0.4348496198654175, "feature": 0.6632835566997528, "loss_actionness": 0.12950976938009262, "loss_transition": 0.6391094624996185, "loss_boundary": 3.085244861722458e-05, "cost": 1.996784269809723}, "peak_gib": 8.298948287963867}
{"epoch": 61, "successful_updates": 6080, "losses": {"task": 0.13290494494140148, "full_task": 0.09669986926019192, "self_feature": 0.6767608821392059, "feature": 0.8244598507881165, "loss_actionness": 0.16784843057394028, "loss_transition": 0.6434626281261444, "loss_boundary": 0.0031302899587899446, "cost": 1.8636570572853088}, "peak_gib": 8.321880340576172}
{"epoch": 61, "successful_updates": 6100, "losses": {"task": 0.3529556170105934, "full_task": 0.36128056794404984, "self_feature": 0.7334996163845062, "feature": 0.9461294710636139, "loss_actionness": 0.12366784363985062, "loss_transition": 0.6548874974250793, "loss_boundary": 0.0031778491102159023, "cost": 2.24448823928833}, "peak_gib": 8.321880340576172}
09/14 19:46:15 - mmengine - WARNING - "FileClient" will be deprecated in future. Please use io functions in https://mmengine.readthedocs.io/en/latest/api/fileio.html#file-io
09/14 19:46:15 - mmengine - WARNING - "FileClient" will be deprecated in future. Please use io functions in https://mmengine.readthedocs.io/en/latest/api/fileio.html#file-io
09/14 19:46:15 - mmengine - WARNING - "HardDiskBackend" is the alias of "LocalBackend" and the former will be deprecated in future.
09/14 19:46:15 - mmengine - WARNING - "HardDiskBackend" is the alias of "LocalBackend" and the former will be deprecated in future.
{"epoch": 62, "successful_updates": 6120, "losses": {"task": 1.4764732718467712, "full_task": 1.2940475046634674, "self_feature": 0.4767925888299942, "feature": 0.6499766409397125, "loss_actionness": 0.16594542562961578, "loss_transition": 0.6632393002510071, "loss_boundary": 3.0852450436213985e-05, "cost": 3.32685649394989}, "peak_gib": 8.321880340576172}
{"epoch": 62, "successful_updates": 6140, "losses": {"task": 0.26805001497268677, "full_task": 0.22892890125513077, "self_feature": 0.5539870858192444, "feature": 0.7209972739219666, "loss_actionness": 0.18648768588900566, "loss_transition": 0.6327948868274689, "loss_boundary": 0.0016860340401763096, "cost": 1.9226467609405518}, "peak_gib": 8.321880340576172}
{"epoch": 62, "successful_updates": 6160, "losses": {"task": 0.4950327826663852, "full_task": 0.4641344230622053, "self_feature": 0.5908089876174927, "feature": 0.7754967510700226, "loss_actionness": 0.11991867795586586, "loss_transition": 0.6580361723899841, "loss_boundary": 0.0031972065335139632, "cost": 2.22679603099823}, "peak_gib": 8.321880340576172}
{"epoch": 62, "successful_updates": 6180, "losses": {"task": 0.4248510003089905, "full_task": 0.42374396324157715, "self_feature": 0.48756690323352814, "feature": 0.6649007499217987, "loss_actionness": 0.12762001529335976, "loss_transition": 0.6018098592758179, "loss_boundary": 5.398617031460162e-05, "cost": 1.9739282131195068}, "peak_gib": 8.321880340576172}
{"epoch": 62, "successful_updates": 6200, "losses": {"task": 0.24390318989753723, "full_task": 0.18519167602062225, "self_feature": 0.8111470639705658, "feature": 0.9801305532455444, "loss_actionness": 0.16407259553670883, "loss_transition": 0.6592340469360352, "loss_boundary": 0.003132191253826022, "cost": 2.1778851747512817}, "peak_gib": 8.321880340576172}
09/14 19:53:27 - mmengine - WARNING - "FileClient" will be deprecated in future. Please use io functions in https://mmengine.readthedocs.io/en/latest/api/fileio.html#file-io
09/14 19:53:27 - mmengine - WARNING - "FileClient" will be deprecated in future. Please use io functions in https://mmengine.readthedocs.io/en/latest/api/fileio.html#file-io
09/14 19:53:27 - mmengine - WARNING - "HardDiskBackend" is the alias of "LocalBackend" and the former will be deprecated in future.
09/14 19:53:27 - mmengine - WARNING - "HardDiskBackend" is the alias of "LocalBackend" and the former will be deprecated in future.
{"epoch": 63, "successful_updates": 6220, "losses": {"task": 0.3102147579193115, "full_task": 0.28304852545261383, "self_feature": 0.6905827522277832, "feature": 0.8997715711593628, "loss_actionness": 0.11244670674204826, "loss_transition": 0.655216634273529, "loss_boundary": 0.002268158015795052, "cost": 2.119738221168518}, "peak_gib": 8.361461639404297}
{"epoch": 63, "successful_updates": 6240, "losses": {"task": 0.253119682893157, "full_task": 0.25354200787842274, "self_feature": 0.510055884718895, "feature": 0.6626236736774445, "loss_actionness": 0.10682052001357079, "loss_transition": 0.6258848309516907, "loss_boundary": 3.085244861722458e-05, "cost": 1.7628706097602844}, "peak_gib": 8.361461639404297}
{"epoch": 63, "successful_updates": 6260, "losses": {"task": 0.34388989210128784, "full_task": 0.2806296572089195, "self_feature": 0.7004917562007904, "feature": 0.829724133014679, "loss_actionness": 0.15675941854715347, "loss_transition": 0.6580882370471954, "loss_boundary": 0.0031797299161553383, "cost": 2.131848096847534}, "peak_gib": 8.361461639404297}
{"epoch": 63, "successful_updates": 6280, "losses": {"task": 0.39735566079616547, "full_task": 0.33961784839630127, "self_feature": 0.4435834139585495, "feature": 0.6193360686302185, "loss_actionness": 0.13864639401435852, "loss_transition": 0.6727848052978516, "loss_boundary": 0.003150960663333535, "cost": 1.960536777973175}, "peak_gib": 8.361461639404297}
{"epoch": 63, "successful_updates": 6300, "losses": {"task": 0.408926859498024, "full_task": 0.42050936818122864, "self_feature": 0.45233727991580963, "feature": 0.612312912940979, "loss_actionness": 0.21215961128473282, "loss_transition": 0.6648121178150177, "loss_boundary": 3.085245225520339e-05, "cost": 2.0486034750938416}, "peak_gib": 8.361461639404297}
09/14 20:00:33 - mmengine - WARNING - "FileClient" will be deprecated in future. Please use io functions in https://mmengine.readthedocs.io/en/latest/api/fileio.html#file-io
09/14 20:00:33 - mmengine - WARNING - "HardDiskBackend" is the alias of "LocalBackend" and the former will be deprecated in future.
09/14 20:00:33 - mmengine - WARNING - "FileClient" will be deprecated in future. Please use io functions in https://mmengine.readthedocs.io/en/latest/api/fileio.html#file-io
09/14 20:00:33 - mmengine - WARNING - "HardDiskBackend" is the alias of "LocalBackend" and the former will be deprecated in future.
{"epoch": 64, "successful_updates": 6320, "losses": {"task": 0.09522262820973992, "full_task": 0.11223836429417133, "self_feature": 0.7909641563892365, "feature": 0.9499581158161163, "loss_actionness": 0.13002876937389374, "loss_transition": 0.634253978729248, "loss_boundary": 0.001844087557401508, "cost": 1.91846364736557}, "peak_gib": 8.361461639404297}
{"epoch": 64, "successful_updates": 6340, "losses": {"task": 0.29320336133241653, "full_task": 0.281025055795908, "self_feature": 0.5329396724700928, "feature": 0.6761713624000549, "loss_actionness": 0.1512967050075531, "loss_transition": 0.6588159799575806, "loss_boundary": 0.0031245002755895257, "cost": 1.906162142753601}, "peak_gib": 8.361461639404297}
{"epoch": 64, "successful_updates": 6360, "losses": {"task": 0.2480545360594988, "full_task": 0.23060374706983566, "self_feature": 0.5067199617624283, "feature": 0.6577773839235306, "loss_actionness": 0.12735582143068314, "loss_transition": 0.6154574751853943, "loss_boundary": 3.0852450436213985e-05, "cost": 1.7569990158081055}, "peak_gib": 8.361461639404297}
{"epoch": 64, "successful_updates": 6380, "losses": {"task": 0.22600922733545303, "full_task": 0.19408554024994373, "self_feature": 0.8357527852058411, "feature": 0.9989175200462341, "loss_actionness": 0.1221308521926403, "loss_transition": 0.6537468135356903, "loss_boundary": 0.003479918697848916, "cost": 2.136380970478058}, "peak_gib": 8.361461639404297}
{"epoch": 64, "successful_updates": 6400, "losses": {"task": 0.3848126158118248, "full_task": 0.34927793592214584, "self_feature": 0.49303779006004333, "feature": 0.6674948334693909, "loss_actionness": 0.150351420044899, "loss_transition": 0.6604274213314056, "loss_boundary": 0.003307672799564898, "cost": 2.0030171871185303}, "peak_gib": 8.361461639404297}
09/14 20:07:44 - mmengine - WARNING - "FileClient" will be deprecated in future. Please use io functions in https://mmengine.readthedocs.io/en/latest/api/fileio.html#file-io
09/14 20:07:44 - mmengine - WARNING - "HardDiskBackend" is the alias of "LocalBackend" and the former will be deprecated in future.
09/14 20:07:44 - mmengine - WARNING - "FileClient" will be deprecated in future. Please use io functions in https://mmengine.readthedocs.io/en/latest/api/fileio.html#file-io
09/14 20:07:44 - mmengine - WARNING - "HardDiskBackend" is the alias of "LocalBackend" and the former will be deprecated in future.
{"epoch": 65, "successful_updates": 6420, "losses": {"task": 0.21310029923915863, "full_task": 0.18737301230430603, "self_feature": 0.5546002984046936, "feature": 0.7755706012248993, "loss_actionness": 0.13241929188370705, "loss_transition": 0.5846354067325592, "loss_boundary": 3.0852450436213985e-05, "cost": 1.8080596327781677}, "peak_gib": 8.361461639404297}
{"epoch": 65, "successful_updates": 6440, "losses": {"task": 0.09303289651870728, "full_task": 0.08986182510852814, "self_feature": 0.6604915857315063, "feature": 0.828947514295578, "loss_actionness": 0.12646980583667755, "loss_transition": 0.6050090193748474, "loss_boundary": 0.0015793768998264568, "cost": 1.7435532808303833}, "peak_gib": 8.361461639404297}
{"epoch": 65, "successful_updates": 6460, "losses": {"task": 0.4497251361608505, "full_task": 0.39275307953357697, "self_feature": 0.2641860991716385, "feature": 0.40213076770305634, "loss_actionness": 0.1534218117594719, "loss_transition": 0.6120889484882355, "loss_boundary": 0.0015831222153792623, "cost": 1.743556559085846}, "peak_gib": 8.361461639404297}
{"epoch": 65, "successful_updates": 6480, "losses": {"task": 0.14596403390169144, "full_task": 0.0968199260532856, "self_feature": 0.7284881174564362, "feature": 0.8874213993549347, "loss_actionness": 0.12087388336658478, "loss_transition": 0.48632626235485077, "loss_boundary": 3.0852450436213985e-05, "cost": 1.7376702427864075}, "peak_gib": 8.361461639404297}
{"epoch": 65, "successful_updates": 6500, "losses": {"task": 0.14474712312221527, "full_task": 0.12622085586190224, "self_feature": 0.5339944064617157, "feature": 0.6819904744625092, "loss_actionness": 0.1425890326499939, "loss_transition": 0.5709925293922424, "loss_boundary": 5.4612983149127103e-05, "cost": 1.6253284215927124}, "peak_gib": 8.361461639404297}
09/14 20:14:47 - mmengine - WARNING - "FileClient" will be deprecated in future. Please use io functions in https://mmengine.readthedocs.io/en/latest/api/fileio.html#file-io
09/14 20:14:47 - mmengine - WARNING - "FileClient" will be deprecated in future. Please use io functions in https://mmengine.readthedocs.io/en/latest/api/fileio.html#file-io
09/14 20:14:47 - mmengine - WARNING - "HardDiskBackend" is the alias of "LocalBackend" and the former will be deprecated in future.
09/14 20:14:47 - mmengine - WARNING - "HardDiskBackend" is the alias of "LocalBackend" and the former will be deprecated in future.
{"epoch": 66, "successful_updates": 6520, "losses": {"task": 0.6525501906871796, "full_task": 0.6125885024666786, "self_feature": 0.6055810749530792, "feature": 0.7714921832084656, "loss_actionness": 0.10664151608943939, "loss_transition": 0.6547963917255402, "loss_boundary": 0.0031343671726062894, "cost": 2.4023197889328003}, "peak_gib": 8.361461639404297}
{"epoch": 66, "successful_updates": 6540, "losses": {"task": 0.31036359816789627, "full_task": 0.2709873951971531, "self_feature": 0.4781873971223831, "feature": 0.656682163476944, "loss_actionness": 0.11556268483400345, "loss_transition": 0.6428458988666534, "loss_boundary": 0.0001262670884898398, "cost": 1.841146171092987}, "peak_gib": 8.361461639404297}
{"epoch": 66, "successful_updates": 6560, "losses": {"task": 0.2407963126897812, "full_task": 0.21394820511341095, "self_feature": 0.7148177623748779, "feature": 0.9014993011951447, "loss_actionness": 0.1405463144183159, "loss_transition": 0.6534835696220398, "loss_boundary": 0.0031626152340322733, "cost": 2.064456880092621}, "peak_gib": 8.361461639404297}
{"epoch": 66, "successful_updates": 6580, "losses": {"task": 0.18130291998386383, "full_task": 0.1817922219634056, "self_feature": 0.36949844658374786, "feature": 0.6803840398788452, "loss_actionness": 0.10752211511135101, "loss_transition": 0.5418086051940918, "loss_boundary": 0.0015825076570763486, "cost": 1.5949981212615967}, "peak_gib": 8.361461639404297}
{"epoch": 66, "successful_updates": 6600, "losses": {"task": 0.9301440045237541, "full_task": 0.8699486330151558, "self_feature": 0.41281867027282715, "feature": 0.6465661227703094, "loss_actionness": 0.19554268568754196, "loss_transition": 0.6520553529262543, "loss_boundary": 3.085244861722458e-05, "cost": 2.683107912540436}, "peak_gib": 8.361461639404297}
09/14 20:21:57 - mmengine - WARNING - "FileClient" will be deprecated in future. Please use io functions in https://mmengine.readthedocs.io/en/latest/api/fileio.html#file-io
09/14 20:21:57 - mmengine - WARNING - "HardDiskBackend" is the alias of "LocalBackend" and the former will be deprecated in future.
09/14 20:21:57 - mmengine - WARNING - "FileClient" will be deprecated in future. Please use io functions in https://mmengine.readthedocs.io/en/latest/api/fileio.html#file-io
09/14 20:21:57 - mmengine - WARNING - "HardDiskBackend" is the alias of "LocalBackend" and the former will be deprecated in future.
{"epoch": 67, "successful_updates": 6620, "losses": {"task": 0.3234592229127884, "full_task": 0.3023259937763214, "self_feature": 0.7630366384983063, "feature": 0.9113595485687256, "loss_actionness": 0.22097431123256683, "loss_transition": 0.6604762077331543, "loss_boundary": 0.003128806594759226, "cost": 2.271283268928528}, "peak_gib": 8.361461639404297}
{"epoch": 67, "successful_updates": 6640, "losses": {"task": 0.09489511884748936, "full_task": 0.10036291554570198, "self_feature": 0.43225791305303574, "feature": 0.6353773921728134, "loss_actionness": 0.12073663622140884, "loss_transition": 0.6117746829986572, "loss_boundary": 0.0015823011362954276, "cost": 1.5326826572418213}, "peak_gib": 8.361461639404297}
{"epoch": 67, "successful_updates": 6660, "losses": {"task": 0.6792394816875458, "full_task": 0.6676629781723022, "self_feature": 0.4583936184644699, "feature": 0.6806538105010986, "loss_actionness": 0.17265529930591583, "loss_transition": 0.6573037505149841, "loss_boundary": 3.520141399349086e-05, "cost": 2.402642607688904}, "peak_gib": 8.361461639404297}
{"epoch": 67, "successful_updates": 6680, "losses": {"task": 0.0719041284173727, "full_task": 0.04241466615349054, "self_feature": 0.5947474837303162, "feature": 0.7389784753322601, "loss_actionness": 0.14083489030599594, "loss_transition": 0.5758494138717651, "loss_boundary": 8.773616355028935e-05, "cost": 1.5977330803871155}, "peak_gib": 8.361461639404297}
{"epoch": 67, "successful_updates": 6700, "losses": {"task": 0.07012677378952503, "full_task": 0.07221397385001183, "self_feature": 0.19697217643260956, "feature": 0.4045942425727844, "loss_actionness": 0.20084305480122566, "loss_transition": 0.6046913266181946, "loss_boundary": 0.001868004008429125, "cost": 1.3198740482330322}, "peak_gib": 8.361461639404297}
09/14 20:29:05 - mmengine - WARNING - "FileClient" will be deprecated in future. Please use io functions in https://mmengine.readthedocs.io/en/latest/api/fileio.html#file-io
09/14 20:29:05 - mmengine - WARNING - "FileClient" will be deprecated in future. Please use io functions in https://mmengine.readthedocs.io/en/latest/api/fileio.html#file-io
09/14 20:29:05 - mmengine - WARNING - "HardDiskBackend" is the alias of "LocalBackend" and the former will be deprecated in future.
09/14 20:29:05 - mmengine - WARNING - "HardDiskBackend" is the alias of "LocalBackend" and the former will be deprecated in future.
{"epoch": 68, "successful_updates": 6720, "losses": {"task": 1.2587732374668121, "full_task": 1.0353602841496468, "self_feature": 0.6830802857875824, "feature": 0.9253795444965363, "loss_actionness": 0.22085370123386383, "loss_transition": 0.6170568764209747, "loss_boundary": 3.373681283846963e-05, "cost": 3.3492453694343567}, "peak_gib": 8.361586570739746}
{"epoch": 68, "successful_updates": 6740, "losses": {"task": 0.2565774507820606, "full_task": 0.23904145509004593, "self_feature": 0.6508897244930267, "feature": 0.8214691281318665, "loss_actionness": 0.12418080121278763, "loss_transition": 0.6445127725601196, "loss_boundary": 0.0031345358584076166, "cost": 1.974723994731903}, "peak_gib": 8.361586570739746}
{"epoch": 68, "successful_updates": 6760, "losses": {"task": 0.33008288592100143, "full_task": 0.31929295510053635, "self_feature": 0.5172892361879349, "feature": 0.6481986045837402, "loss_actionness": 0.18276022374629974, "loss_transition": 0.652103841304779, "loss_boundary": 0.003135311068035662, "cost": 1.9478330612182617}, "peak_gib": 8.361586570739746}
{"epoch": 68, "successful_updates": 6780, "losses": {"task": 0.6643369123339653, "full_task": 0.5941973403096199, "self_feature": 0.4833807945251465, "feature": 0.7059225142002106, "loss_actionness": 0.15213629603385925, "loss_transition": 0.6577782332897186, "loss_boundary": 3.38839745381847e-05, "cost": 2.3770952820777893}, "peak_gib": 8.361586570739746}
{"epoch": 68, "successful_updates": 6800, "losses": {"task": 0.07037072628736496, "full_task": 0.06468021869659424, "self_feature": 0.6495136022567749, "feature": 0.8579542636871338, "loss_actionness": 0.14874517917633057, "loss_transition": 0.5742430090904236, "loss_boundary": 0.0015812751698831562, "cost": 1.7340158820152283}, "peak_gib": 8.361586570739746}
09/14 20:36:13 - mmengine - WARNING - "FileClient" will be deprecated in future. Please use io functions in https://mmengine.readthedocs.io/en/latest/api/fileio.html#file-io
09/14 20:36:14 - mmengine - WARNING - "FileClient" will be deprecated in future. Please use io functions in https://mmengine.readthedocs.io/en/latest/api/fileio.html#file-io
09/14 20:36:14 - mmengine - WARNING - "HardDiskBackend" is the alias of "LocalBackend" and the former will be deprecated in future.
09/14 20:36:14 - mmengine - WARNING - "HardDiskBackend" is the alias of "LocalBackend" and the former will be deprecated in future.
{"epoch": 69, "successful_updates": 6820, "losses": {"task": 0.46872861683368683, "full_task": 0.4121800661087036, "self_feature": 0.6842176020145416, "feature": 0.8703942894935608, "loss_actionness": 0.1782044693827629, "loss_transition": 0.6643218100070953, "loss_boundary": 0.003186347195878625, "cost": 2.3563023805618286}, "peak_gib": 8.361586570739746}
{"epoch": 69, "successful_updates": 6840, "losses": {"task": 0.11628366354852915, "full_task": 0.12233322486281395, "self_feature": 0.4309520721435547, "feature": 0.53072589635849, "loss_actionness": 0.11749085038900375, "loss_transition": 0.653575986623764, "loss_boundary": 3.085244679823518e-05, "cost": 1.4917857646942139}, "peak_gib": 8.361586570739746}
{"epoch": 69, "successful_updates": 6860, "losses": {"task": 0.47049643844366074, "full_task": 0.4187854081392288, "self_feature": 0.5905526280403137, "feature": 0.748369961977005, "loss_actionness": 0.1312033236026764, "loss_transition": 0.6607775688171387, "loss_boundary": 0.0031317317625507712, "cost": 2.177730619907379}, "peak_gib": 8.361586570739746}
{"epoch": 69, "successful_updates": 6880, "losses": {"task": 0.7411050647497177, "full_task": 0.6341487318277359, "self_feature": 0.762643575668335, "feature": 0.9630594849586487, "loss_actionness": 0.1201249286532402, "loss_transition": 0.652077704668045, "loss_boundary": 0.0031321977730840445, "cost": 2.7143009901046753}, "peak_gib": 8.361586570739746}
{"epoch": 69, "successful_updates": 6900, "losses": {"task": 1.0069274734705687, "full_task": 0.9567883834242821, "self_feature": 0.5054015815258026, "feature": 0.6955103576183319, "loss_actionness": 0.15853990241885185, "loss_transition": 0.6800970435142517, "loss_boundary": 3.19360970024718e-05, "cost": 2.830843925476074}, "peak_gib": 8.361586570739746}
09/14 20:43:26 - mmengine - WARNING - "FileClient" will be deprecated in future. Please use io functions in https://mmengine.readthedocs.io/en/latest/api/fileio.html#file-io
09/14 20:43:26 - mmengine - WARNING - "HardDiskBackend" is the alias of "LocalBackend" and the former will be deprecated in future.
09/14 20:43:26 - mmengine - WARNING - "FileClient" will be deprecated in future. Please use io functions in https://mmengine.readthedocs.io/en/latest/api/fileio.html#file-io
09/14 20:43:26 - mmengine - WARNING - "HardDiskBackend" is the alias of "LocalBackend" and the former will be deprecated in future.
{"epoch": 70, "successful_updates": 6920, "losses": {"task": 0.24037055671215057, "full_task": 0.17473769187927246, "self_feature": 0.6341937184333801, "feature": 0.7674750089645386, "loss_actionness": 0.17154717817902565, "loss_transition": 0.6677468121051788, "loss_boundary": 0.003455816302448511, "cost": 1.9576991200447083}, "peak_gib": 8.361586570739746}
{"epoch": 70, "successful_updates": 6940, "losses": {"task": 0.6396800875663757, "full_task": 0.5698696374893188, "self_feature": 0.4043729305267334, "feature": 0.5504477620124817, "loss_actionness": 0.15755581855773926, "loss_transition": 0.644363522529602, "loss_boundary": 0.0023018067004159093, "cost": 2.1772537231445312}, "peak_gib": 8.361586570739746}
{"epoch": 70, "successful_updates": 6960, "losses": {"task": 0.041113583371043205, "full_task": 0.033404577523469925, "self_feature": 0.554641842842102, "feature": 0.7341661751270294, "loss_actionness": 0.11227881163358688, "loss_transition": 0.6337528824806213, "loss_boundary": 3.085244679823518e-05, "cost": 1.5851576924324036}, "peak_gib": 8.361586570739746}
{"epoch": 70, "successful_updates": 6980, "losses": {"task": 0.48689934611320496, "full_task": 0.37453871965408325, "self_feature": 0.6934104859828949, "feature": 0.9145262241363525, "loss_actionness": 0.1316254585981369, "loss_transition": 0.6329004466533661, "loss_boundary": 0.0015954286063788459, "cost": 2.3305225372314453}, "peak_gib": 8.361586570739746}
{"epoch": 70, "successful_updates": 7000, "losses": {"task": 0.5425748992711306, "full_task": 0.48338003270328045, "self_feature": 0.7692588865756989, "feature": 0.9924396574497223, "loss_actionness": 0.106521837413311, "loss_transition": 0.6530355513095856, "loss_boundary": 0.003134783240966499, "cost": 2.4954776763916016}, "peak_gib": 8.361586570739746}
09/14 20:50:44 - mmengine - WARNING - "FileClient" will be deprecated in future. Please use io functions in https://mmengine.readthedocs.io/en/latest/api/fileio.html#file-io
09/14 20:50:44 - mmengine - WARNING - "FileClient" will be deprecated in future. Please use io functions in https://mmengine.readthedocs.io/en/latest/api/fileio.html#file-io
09/14 20:50:44 - mmengine - WARNING - "HardDiskBackend" is the alias of "LocalBackend" and the former will be deprecated in future.
09/14 20:50:44 - mmengine - WARNING - "HardDiskBackend" is the alias of "LocalBackend" and the former will be deprecated in future.
{"epoch": 71, "successful_updates": 7020, "losses": {"task": 0.1505376249551773, "full_task": 0.09616509079933167, "self_feature": 0.4601045995950699, "feature": 0.6587707996368408, "loss_actionness": 0.13597090542316437, "loss_transition": 0.6323738992214203, "loss_boundary": 3.085244861722458e-05, "cost": 1.6477357745170593}, "peak_gib": 8.361586570739746}
{"epoch": 71, "successful_updates": 7040, "losses": {"task": 0.2874271236360073, "full_task": 0.2515275590121746, "self_feature": 0.621813952922821, "feature": 0.7989305555820465, "loss_actionness": 0.11628671362996101, "loss_transition": 0.6424106955528259, "loss_boundary": 0.0015974140696926042, "cost": 1.9717157483100891}, "peak_gib": 8.361586570739746}
{"epoch": 71, "successful_updates": 7060, "losses": {"task": 0.35464178770780563, "full_task": 0.3099724277853966, "self_feature": 0.5738156735897064, "feature": 0.7343701124191284, "loss_actionness": 0.15453116595745087, "loss_transition": 0.6536761224269867, "loss_boundary": 0.0031357277184724808, "cost": 2.0352295637130737}, "peak_gib": 8.361586570739746}
