training subset: 200 videos
ViT's param: 86227200, Adapter's params: 4004364, ratio: 4.6%
Warning: no pretrain path is provided, the backbone will be randomly initialized, unless you have initialized the weights in the model.py.
freeze_backbone: False, norm_eval: False
ViT's param: 86227200, Adapter's params: 4004364, ratio: 4.6%
Warning: no pretrain path is provided, the backbone will be randomly initialized, unless you have initialized the weights in the model.py.
freeze_backbone: False, norm_eval: False
ViT's param: 86227200, Adapter's params: 4004364, ratio: 4.6%
Warning: no pretrain path is provided, the backbone will be randomly initialized, unless you have initialized the weights in the model.py.
freeze_backbone: False, norm_eval: False
09/14 10:44:47 - mmengine - WARNING - "FileClient" will be deprecated in future. Please use io functions in https://mmengine.readthedocs.io/en/latest/api/fileio.html#file-io
09/14 10:44:47 - mmengine - WARNING - "FileClient" will be deprecated in future. Please use io functions in https://mmengine.readthedocs.io/en/latest/api/fileio.html#file-io
09/14 10:44:47 - mmengine - WARNING - "HardDiskBackend" is the alias of "LocalBackend" and the former will be deprecated in future.
09/14 10:44:47 - mmengine - WARNING - "HardDiskBackend" is the alias of "LocalBackend" and the former will be deprecated in future.
/data/run01/sczc063/yuzibo/conda_envs/opentad/lib/python3.10/site-packages/torch/nn/modules/conv.py:459: UserWarning: Applied workaround for CuDNN issue, install nvrtc.so (Triggered internally at /opt/conda/conda-bld/pytorch_1682343995026/work/aten/src/ATen/native/cudnn/Conv_v8.cpp:80.)
  return F.conv2d(input, weight, bias, self.stride,
09/14 10:45:04 - mmengine - WARNING - "FileClient" will be deprecated in future. Please use io functions in https://mmengine.readthedocs.io/en/latest/api/fileio.html#file-io
09/14 10:45:04 - mmengine - WARNING - "FileClient" will be deprecated in future. Please use io functions in https://mmengine.readthedocs.io/en/latest/api/fileio.html#file-io
09/14 10:45:04 - mmengine - WARNING - "HardDiskBackend" is the alias of "LocalBackend" and the former will be deprecated in future.
09/14 10:45:04 - mmengine - WARNING - "HardDiskBackend" is the alias of "LocalBackend" and the former will be deprecated in future.
training subset: 200 videos
ViT's param: 86227200, Adapter's params: 4004364, ratio: 4.6%
Warning: no pretrain path is provided, the backbone will be randomly initialized, unless you have initialized the weights in the model.py.
freeze_backbone: False, norm_eval: False
ViT's param: 86227200, Adapter's params: 4004364, ratio: 4.6%
Warning: no pretrain path is provided, the backbone will be randomly initialized, unless you have initialized the weights in the model.py.
freeze_backbone: False, norm_eval: False
ViT's param: 86227200, Adapter's params: 4004364, ratio: 4.6%
Warning: no pretrain path is provided, the backbone will be randomly initialized, unless you have initialized the weights in the model.py.
freeze_backbone: False, norm_eval: False
09/14 10:45:49 - mmengine - WARNING - "FileClient" will be deprecated in future. Please use io functions in https://mmengine.readthedocs.io/en/latest/api/fileio.html#file-io
09/14 10:45:49 - mmengine - WARNING - "FileClient" will be deprecated in future. Please use io functions in https://mmengine.readthedocs.io/en/latest/api/fileio.html#file-io
09/14 10:45:49 - mmengine - WARNING - "HardDiskBackend" is the alias of "LocalBackend" and the former will be deprecated in future.
09/14 10:45:49 - mmengine - WARNING - "HardDiskBackend" is the alias of "LocalBackend" and the former will be deprecated in future.
/data/run01/sczc063/yuzibo/conda_envs/opentad/lib/python3.10/site-packages/torch/nn/modules/conv.py:459: UserWarning: Applied workaround for CuDNN issue, install nvrtc.so (Triggered internally at /opt/conda/conda-bld/pytorch_1682343995026/work/aten/src/ATen/native/cudnn/Conv_v8.cpp:80.)
  return F.conv2d(input, weight, bias, self.stride,
09/14 10:46:06 - mmengine - WARNING - "FileClient" will be deprecated in future. Please use io functions in https://mmengine.readthedocs.io/en/latest/api/fileio.html#file-io
09/14 10:46:06 - mmengine - WARNING - "FileClient" will be deprecated in future. Please use io functions in https://mmengine.readthedocs.io/en/latest/api/fileio.html#file-io
09/14 10:46:06 - mmengine - WARNING - "HardDiskBackend" is the alias of "LocalBackend" and the former will be deprecated in future.
09/14 10:46:06 - mmengine - WARNING - "HardDiskBackend" is the alias of "LocalBackend" and the former will be deprecated in future.
{"epoch": 1, "successful_updates": 20, "losses": {"task": 0.47846244275569916, "support_attention": 0.20098067075014114, "support_pre_tia": 0.22230353206396103, "support_post_tia": 0.22295761853456497, "full_task": 0.43131865561008453, "self_feature": 1.1634898781776428, "feature": 1.3965258598327637, "loss_actionness": 0.11159079149365425, "loss_transition": 0.6525990664958954, "loss_boundary": 0.0022249642352107912, "cost": 2.8878449201583862}, "peak_gib": 18.338847160339355}
{"epoch": 1, "successful_updates": 40, "losses": {"task": 0.2798115909099579, "support_attention": 0.07505947723984718, "support_pre_tia": 0.08077573031187057, "support_post_tia": 0.0812363550066948, "full_task": 0.30488237738609314, "self_feature": 0.8995269536972046, "feature": 1.025667279958725, "loss_actionness": 0.19407110661268234, "loss_transition": 0.6581454873085022, "loss_boundary": 0.002830392448231578, "cost": 2.334799647331238}, "peak_gib": 18.33994770050049}
{"epoch": 1, "successful_updates": 60, "losses": {"task": 0.385136216878891, "support_attention": 0.21536890417337418, "support_pre_tia": 0.23497562110424042, "support_post_tia": 0.23654542863368988, "full_task": 0.3719329833984375, "self_feature": 0.8780157268047333, "feature": 1.1303367018699646, "loss_actionness": 0.13258688896894455, "loss_transition": 0.6654669940471649, "loss_boundary": 5.075455010228325e-05, "cost": 2.5179383754730225}, "peak_gib": 18.345005989074707}
{"epoch": 1, "successful_updates": 80, "losses": {"task": 0.08543986827135086, "support_attention": 0.2157348394393921, "support_pre_tia": 0.2422652170062065, "support_post_tia": 0.2432938516139984, "full_task": 0.06614227220416069, "self_feature": 1.039659559726715, "feature": 1.2177780270576477, "loss_actionness": 0.11819259822368622, "loss_transition": 0.6327133774757385, "loss_boundary": 0.0012237166447448544, "cost": 2.200127124786377}, "peak_gib": 18.345005989074707}
{"epoch": 1, "successful_updates": 100, "losses": {"task": 0.41741568595170975, "support_attention": 0.07097024098038673, "support_pre_tia": 0.0782923586666584, "support_post_tia": 0.078616663813591, "full_task": 0.4546225517988205, "self_feature": 0.5032029673457146, "feature": 0.9061203598976135, "loss_actionness": 0.19832290709018707, "loss_transition": 0.6287884712219238, "loss_boundary": 0.0014835730980848894, "cost": 2.323952317237854}, "peak_gib": 18.345005989074707}
09/14 10:52:51 - mmengine - WARNING - "FileClient" will be deprecated in future. Please use io functions in https://mmengine.readthedocs.io/en/latest/api/fileio.html#file-io
09/14 10:52:51 - mmengine - WARNING - "FileClient" will be deprecated in future. Please use io functions in https://mmengine.readthedocs.io/en/latest/api/fileio.html#file-io
09/14 10:52:51 - mmengine - WARNING - "HardDiskBackend" is the alias of "LocalBackend" and the former will be deprecated in future.
09/14 10:52:51 - mmengine - WARNING - "HardDiskBackend" is the alias of "LocalBackend" and the former will be deprecated in future.
{"epoch": 2, "successful_updates": 120, "losses": {"task": 0.1264432892203331, "support_attention": 0.212470181286335, "support_pre_tia": 0.2262963354587555, "support_post_tia": 0.22777488082647324, "full_task": 0.10216167941689491, "self_feature": 0.8602627217769623, "feature": 1.190084457397461, "loss_actionness": 0.1418151631951332, "loss_transition": 0.6622624099254608, "loss_boundary": 4.097239980183076e-05, "cost": 2.254916548728943}, "peak_gib": 18.345005989074707}
{"epoch": 2, "successful_updates": 140, "losses": {"task": 0.11712050437927246, "support_attention": 0.1896912157535553, "support_pre_tia": 0.20850535482168198, "support_post_tia": 0.20968305319547653, "full_task": 0.09862132929265499, "self_feature": 0.7663232684135437, "feature": 1.022133469581604, "loss_actionness": 0.1216190718114376, "loss_transition": 0.5694466531276703, "loss_boundary": 0.0002665127412910806, "cost": 1.9527832865715027}, "peak_gib": 18.345005989074707}
{"epoch": 2, "successful_updates": 160, "losses": {"task": 0.5116072297096252, "support_attention": 0.06965167820453644, "support_pre_tia": 0.07277531176805496, "support_post_tia": 0.07317711785435677, "full_task": 0.5402833521366119, "self_feature": 0.5693764612078667, "feature": 0.9556376934051514, "loss_actionness": 0.15787583589553833, "loss_transition": 0.6050443053245544, "loss_boundary": 0.0016162530591827817, "cost": 2.431087553501129}, "peak_gib": 18.345005989074707}
{"epoch": 2, "successful_updates": 180, "losses": {"task": 0.14457688480615616, "support_attention": 0.20015990734100342, "support_pre_tia": 0.21885674446821213, "support_post_tia": 0.22040840238332748, "full_task": 0.12041470408439636, "self_feature": 0.6929944455623627, "feature": 0.9218035638332367, "loss_actionness": 0.13209915906190872, "loss_transition": 0.6440669298171997, "loss_boundary": 3.0852450436213985e-05, "cost": 1.9639438390731812}, "peak_gib": 18.345005989074707}
{"epoch": 2, "successful_updates": 200, "losses": {"task": 0.6316787078976631, "support_attention": 0.2097141444683075, "support_pre_tia": 0.2334420531988144, "support_post_tia": 0.23363865911960602, "full_task": 0.5122097656130791, "self_feature": 0.993762195110321, "feature": 1.2302320003509521, "loss_actionness": 0.1607360728085041, "loss_transition": 0.660361260175705, "loss_boundary": 0.0028676552465185523, "cost": 2.936658501625061}, "peak_gib": 18.345005989074707}
09/14 10:59:31 - mmengine - WARNING - "FileClient" will be deprecated in future. Please use io functions in https://mmengine.readthedocs.io/en/latest/api/fileio.html#file-io
09/14 10:59:31 - mmengine - WARNING - "FileClient" will be deprecated in future. Please use io functions in https://mmengine.readthedocs.io/en/latest/api/fileio.html#file-io
09/14 10:59:31 - mmengine - WARNING - "HardDiskBackend" is the alias of "LocalBackend" and the former will be deprecated in future.
09/14 10:59:31 - mmengine - WARNING - "HardDiskBackend" is the alias of "LocalBackend" and the former will be deprecated in future.
{"epoch": 3, "successful_updates": 220, "losses": {"task": 0.18131618946790695, "support_attention": 0.0781356543302536, "support_pre_tia": 0.0867045447230339, "support_post_tia": 0.08724584057927132, "full_task": 0.1785655040293932, "self_feature": 0.48547569662332535, "feature": 0.9283404350280762, "loss_actionness": 0.19268068671226501, "loss_transition": 0.5839520692825317, "loss_boundary": 0.0014115315007074969, "cost": 1.9895873665809631}, "peak_gib": 18.345005989074707}
{"epoch": 3, "successful_updates": 240, "losses": {"task": 0.06448373757302761, "support_attention": 0.19044312089681625, "support_pre_tia": 0.20320231467485428, "support_post_tia": 0.2046736627817154, "full_task": 0.051878828555345535, "self_feature": 0.6552111208438873, "feature": 0.9292260110378265, "loss_actionness": 0.10475046187639236, "loss_transition": 0.5743086785078049, "loss_boundary": 3.085244861722458e-05, "cost": 1.7716844081878662}, "peak_gib": 18.345005989074707}
{"epoch": 3, "successful_updates": 260, "losses": {"task": 0.6190429031848907, "support_attention": 0.17055275291204453, "support_pre_tia": 0.1865924522280693, "support_post_tia": 0.18800849467515945, "full_task": 0.5709465146064758, "self_feature": 0.946026086807251, "feature": 1.1451483368873596, "loss_actionness": 0.16615426540374756, "loss_transition": 0.6392142176628113, "loss_boundary": 0.0017087932646973059, "cost": 2.8273377418518066}, "peak_gib": 18.345005989074707}
{"epoch": 3, "successful_updates": 280, "losses": {"task": 1.055784821510315, "support_attention": 0.07469788566231728, "support_pre_tia": 0.08114329725503922, "support_post_tia": 0.08154868707060814, "full_task": 0.9639070779085159, "self_feature": 0.7632353603839874, "feature": 0.9623534679412842, "loss_actionness": 0.16146758198738098, "loss_transition": 0.663167417049408, "loss_boundary": 0.003053824882954359, "cost": 3.171261787414551}, "peak_gib": 18.345005989074707}
{"epoch": 3, "successful_updates": 300, "losses": {"task": 0.1327543891966343, "support_attention": 0.20628540217876434, "support_pre_tia": 0.2310328632593155, "support_post_tia": 0.23166535794734955, "full_task": 0.13843704387545586, "self_feature": 0.7463540136814117, "feature": 1.0134104788303375, "loss_actionness": 0.1083308644592762, "loss_transition": 0.5926839709281921, "loss_boundary": 3.085244861722458e-05, "cost": 1.979590117931366}, "peak_gib": 18.345005989074707}
09/14 11:06:18 - mmengine - WARNING - "FileClient" will be deprecated in future. Please use io functions in https://mmengine.readthedocs.io/en/latest/api/fileio.html#file-io
09/14 11:06:18 - mmengine - WARNING - "FileClient" will be deprecated in future. Please use io functions in https://mmengine.readthedocs.io/en/latest/api/fileio.html#file-io
09/14 11:06:18 - mmengine - WARNING - "HardDiskBackend" is the alias of "LocalBackend" and the former will be deprecated in future.
09/14 11:06:18 - mmengine - WARNING - "HardDiskBackend" is the alias of "LocalBackend" and the former will be deprecated in future.
{"epoch": 4, "successful_updates": 320, "losses": {"task": 0.4463093727827072, "support_attention": 0.19906271994113922, "support_pre_tia": 0.2153707519173622, "support_post_tia": 0.2168545350432396, "full_task": 0.44202062487602234, "self_feature": 0.9243478775024414, "feature": 1.0290243923664093, "loss_actionness": 0.20445619523525238, "loss_transition": 0.6624275743961334, "loss_boundary": 0.0028670589672401547, "cost": 2.5696358680725098}, "peak_gib": 18.345005989074707}
{"epoch": 4, "successful_updates": 340, "losses": {"task": 1.2336420789361, "support_attention": 0.0694432444870472, "support_pre_tia": 0.07437312602996826, "support_post_tia": 0.07489681988954544, "full_task": 1.2027690261602402, "self_feature": 0.8814506828784943, "feature": 1.1226478219032288, "loss_actionness": 0.1733105555176735, "loss_transition": 0.6595633029937744, "loss_boundary": 0.00317659811116755, "cost": 3.5886412858963013}, "peak_gib": 18.345005989074707}
{"epoch": 4, "successful_updates": 360, "losses": {"task": 0.6539600938558578, "support_attention": 0.19021997600793839, "support_pre_tia": 0.20940012484788895, "support_post_tia": 0.21071068197488785, "full_task": 0.6322844550013542, "self_feature": 0.5905264616012573, "feature": 0.859196275472641, "loss_actionness": 0.12818335741758347, "loss_transition": 0.6585210263729095, "loss_boundary": 3.085244679823518e-05, "cost": 2.538020968437195}, "peak_gib": 18.345005989074707}
{"epoch": 4, "successful_updates": 380, "losses": {"task": 0.7841329202055931, "support_attention": 0.19872529059648514, "support_pre_tia": 0.21507617086172104, "support_post_tia": 0.21639623492956161, "full_task": 0.756842315196991, "self_feature": 1.0838864743709564, "feature": 1.240877389907837, "loss_actionness": 0.18114199489355087, "loss_transition": 0.6657720506191254, "loss_boundary": 0.003077425411902368, "cost": 3.1941747665405273}, "peak_gib": 18.345005989074707}
{"epoch": 4, "successful_updates": 400, "losses": {"task": 0.48406124114990234, "support_attention": 0.0706457793712616, "support_pre_tia": 0.07488382421433926, "support_post_tia": 0.07556674256920815, "full_task": 0.43193287402391434, "self_feature": 0.6523570120334625, "feature": 0.8915883600711823, "loss_actionness": 0.1776253655552864, "loss_transition": 0.6409035623073578, "loss_boundary": 0.0015675017493776977, "cost": 2.3764874935150146}, "peak_gib": 18.345005989074707}
09/14 11:13:05 - mmengine - WARNING - "FileClient" will be deprecated in future. Please use io functions in https://mmengine.readthedocs.io/en/latest/api/fileio.html#file-io
09/14 11:13:05 - mmengine - WARNING - "FileClient" will be deprecated in future. Please use io functions in https://mmengine.readthedocs.io/en/latest/api/fileio.html#file-io
09/14 11:13:05 - mmengine - WARNING - "HardDiskBackend" is the alias of "LocalBackend" and the former will be deprecated in future.
09/14 11:13:05 - mmengine - WARNING - "HardDiskBackend" is the alias of "LocalBackend" and the former will be deprecated in future.
{"epoch": 5, "successful_updates": 420, "losses": {"task": 0.12445411086082458, "support_attention": 0.19359233975410461, "support_pre_tia": 0.2096100151538849, "support_post_tia": 0.21102747321128845, "full_task": 0.1176016815006733, "self_feature": 0.6655752956867218, "feature": 0.9185574948787689, "loss_actionness": 0.16782118380069733, "loss_transition": 0.6406005024909973, "loss_boundary": 3.0852450436213985e-05, "cost": 1.968453824520111}, "peak_gib": 18.345005989074707}
{"epoch": 5, "successful_updates": 440, "losses": {"task": 0.22671756893396378, "support_attention": 0.19854585081338882, "support_pre_tia": 0.2117190733551979, "support_post_tia": 0.21313197910785675, "full_task": 0.20896028727293015, "self_feature": 1.0835220217704773, "feature": 1.2454683184623718, "loss_actionness": 0.14055487513542175, "loss_transition": 0.6590498089790344, "loss_boundary": 0.0026963423006236553, "cost": 2.456321597099304}, "peak_gib": 18.345005989074707}
{"epoch": 5, "successful_updates": 460, "losses": {"task": 0.037795864045619965, "support_attention": 0.08004304021596909, "support_pre_tia": 0.08673254400491714, "support_post_tia": 0.08738920465111732, "full_task": 0.03752819821238518, "self_feature": 0.4416170045733452, "feature": 0.7877286076545715, "loss_actionness": 0.10520932823419571, "loss_transition": 0.5735870003700256, "loss_boundary": 0.0009710552712931531, "cost": 1.5675417184829712}, "peak_gib": 18.345005989074707}
{"epoch": 5, "successful_updates": 480, "losses": {"task": 0.1434518601745367, "support_attention": 0.18281152099370956, "support_pre_tia": 0.19943799078464508, "support_post_tia": 0.20075435936450958, "full_task": 0.14615459367632866, "self_feature": 0.6087065637111664, "feature": 0.8669495582580566, "loss_actionness": 0.15790925174951553, "loss_transition": 0.624680370092392, "loss_boundary": 3.085244679823518e-05, "cost": 1.910440742969513}, "peak_gib": 18.345005989074707}
{"epoch": 5, "successful_updates": 500, "losses": {"task": 1.1943153738975525, "support_attention": 0.21194111555814743, "support_pre_tia": 0.22595784068107605, "support_post_tia": 0.2279830202460289, "full_task": 1.0022575855255127, "self_feature": 1.1305533051490784, "feature": 1.3107306957244873, "loss_actionness": 0.12685278058052063, "loss_transition": 0.6628479063510895, "loss_boundary": 0.002829487668350339, "cost": 3.683892846107483}, "peak_gib": 18.345005989074707}
09/14 11:19:54 - mmengine - WARNING - "FileClient" will be deprecated in future. Please use io functions in https://mmengine.readthedocs.io/en/latest/api/fileio.html#file-io
09/14 11:19:54 - mmengine - WARNING - "FileClient" will be deprecated in future. Please use io functions in https://mmengine.readthedocs.io/en/latest/api/fileio.html#file-io
09/14 11:19:54 - mmengine - WARNING - "HardDiskBackend" is the alias of "LocalBackend" and the former will be deprecated in future.
09/14 11:19:54 - mmengine - WARNING - "HardDiskBackend" is the alias of "LocalBackend" and the former will be deprecated in future.
{"epoch": 6, "successful_updates": 520, "losses": {"task": 0.2147527039051056, "support_attention": 0.0889057144522667, "support_pre_tia": 0.09713874012231827, "support_post_tia": 0.09793471544981003, "full_task": 0.25420574098825455, "self_feature": 1.029899775981903, "feature": 1.2307956218719482, "loss_actionness": 0.15595658868551254, "loss_transition": 0.6434715390205383, "loss_boundary": 0.001688071119133383, "cost": 2.4229596853256226}, "peak_gib": 18.345005989074707}
{"epoch": 6, "successful_updates": 540, "losses": {"task": 1.2405042946338654, "support_attention": 0.19733431190252304, "support_pre_tia": 0.21162759512662888, "support_post_tia": 0.2132120281457901, "full_task": 1.1941947937011719, "self_feature": 0.6912223994731903, "feature": 1.050020843744278, "loss_actionness": 0.15733886510133743, "loss_transition": 0.6638405323028564, "loss_boundary": 3.356559682288207e-05, "cost": 3.500651001930237}, "peak_gib": 18.345005989074707}
{"epoch": 6, "successful_updates": 560, "losses": {"task": 0.46062827855348587, "support_attention": 0.1866961270570755, "support_pre_tia": 0.19154400378465652, "support_post_tia": 0.193115234375, "full_task": 0.4047621488571167, "self_feature": 0.8338152170181274, "feature": 0.9922239184379578, "loss_actionness": 0.20562873780727386, "loss_transition": 0.6235747039318085, "loss_boundary": 0.0016665540424583014, "cost": 2.487527310848236}, "peak_gib": 18.345005989074707}
{"epoch": 6, "successful_updates": 580, "losses": {"task": 0.48713257163763046, "support_attention": 0.07364087551832199, "support_pre_tia": 0.07862849533557892, "support_post_tia": 0.079526387155056, "full_task": 0.4959883838891983, "self_feature": 0.7436365485191345, "feature": 0.9938252866268158, "loss_actionness": 0.17965475469827652, "loss_transition": 0.6354284584522247, "loss_boundary": 0.0017126599414041266, "cost": 2.504022240638733}, "peak_gib": 18.345005989074707}
{"epoch": 6, "successful_updates": 600, "losses": {"task": 0.21382556855678558, "support_attention": 0.17618263512849808, "support_pre_tia": 0.18043474107980728, "support_post_tia": 0.1821197047829628, "full_task": 0.19951485469937325, "self_feature": 0.5863713026046753, "feature": 0.6895438134670258, "loss_actionness": 0.1641121543943882, "loss_transition": 0.672763854265213, "loss_boundary": 3.0852450436213985e-05, "cost": 1.8669198751449585}, "peak_gib": 18.345005989074707}
09/14 11:26:42 - mmengine - WARNING - "FileClient" will be deprecated in future. Please use io functions in https://mmengine.readthedocs.io/en/latest/api/fileio.html#file-io
09/14 11:26:42 - mmengine - WARNING - "FileClient" will be deprecated in future. Please use io functions in https://mmengine.readthedocs.io/en/latest/api/fileio.html#file-io
09/14 11:26:42 - mmengine - WARNING - "HardDiskBackend" is the alias of "LocalBackend" and the former will be deprecated in future.
09/14 11:26:42 - mmengine - WARNING - "HardDiskBackend" is the alias of "LocalBackend" and the former will be deprecated in future.
{"epoch": 7, "successful_updates": 620, "losses": {"task": 0.16847817227244377, "support_attention": 0.18210363388061523, "support_pre_tia": 0.19502990692853928, "support_post_tia": 0.1966901794075966, "full_task": 0.1723584234714508, "self_feature": 0.9205382168292999, "feature": 1.08180633187294, "loss_actionness": 0.12101924046874046, "loss_transition": 0.66151362657547, "loss_boundary": 0.0029888481367379427, "cost": 2.1905356645584106}, "peak_gib": 18.345005989074707}
{"epoch": 7, "successful_updates": 640, "losses": {"task": 0.47311070561408997, "support_attention": 0.08306526392698288, "support_pre_tia": 0.09162086620926857, "support_post_tia": 0.09237454831600189, "full_task": 0.37349721789360046, "self_feature": 0.9562493860721588, "feature": 1.2045307755470276, "loss_actionness": 0.12330935895442963, "loss_transition": 0.6581454575061798, "loss_boundary": 0.002771083265542984, "cost": 2.6600663661956787}, "peak_gib": 18.345005989074707}
{"epoch": 7, "successful_updates": 660, "losses": {"task": 0.23787949234247208, "support_attention": 0.18524198234081268, "support_pre_tia": 0.20352134108543396, "support_post_tia": 0.20493315160274506, "full_task": 0.22909818589687347, "self_feature": 0.6235291063785553, "feature": 0.8660936653614044, "loss_actionness": 0.1529785469174385, "loss_transition": 0.6620061993598938, "loss_boundary": 4.065933171659708e-05, "cost": 2.05904883146286}, "peak_gib": 18.345005989074707}
{"epoch": 7, "successful_updates": 680, "losses": {"task": 0.44066545367240906, "support_attention": 0.19623593986034393, "support_pre_tia": 0.21438681334257126, "support_post_tia": 0.21575899422168732, "full_task": 0.3361075669527054, "self_feature": 1.067989468574524, "feature": 1.2770125269889832, "loss_actionness": 0.11786860972642899, "loss_transition": 0.6636392176151276, "loss_boundary": 0.003218530910089612, "cost": 2.714737296104431}, "peak_gib": 18.345005989074707}
{"epoch": 7, "successful_updates": 700, "losses": {"task": 0.24596530199050903, "support_attention": 0.07986005395650864, "support_pre_tia": 0.08609554544091225, "support_post_tia": 0.08697564154863358, "full_task": 0.25690508633852005, "self_feature": 0.49374088644981384, "feature": 0.7529989778995514, "loss_actionness": 0.12483283504843712, "loss_transition": 0.6062081456184387, "loss_boundary": 0.0014194374944054289, "cost": 1.8536786437034607}, "peak_gib": 18.345005989074707}
09/14 11:33:21 - mmengine - WARNING - "FileClient" will be deprecated in future. Please use io functions in https://mmengine.readthedocs.io/en/latest/api/fileio.html#file-io
09/14 11:33:21 - mmengine - WARNING - "FileClient" will be deprecated in future. Please use io functions in https://mmengine.readthedocs.io/en/latest/api/fileio.html#file-io
09/14 11:33:21 - mmengine - WARNING - "HardDiskBackend" is the alias of "LocalBackend" and the former will be deprecated in future.
09/14 11:33:21 - mmengine - WARNING - "HardDiskBackend" is the alias of "LocalBackend" and the former will be deprecated in future.
{"epoch": 8, "successful_updates": 720, "losses": {"task": 0.5099511444568634, "support_attention": 0.19683481752872467, "support_pre_tia": 0.21156950294971466, "support_post_tia": 0.21299397945404053, "full_task": 0.468762069940567, "self_feature": 0.5708214342594147, "feature": 0.8161686956882477, "loss_actionness": 0.1439610756933689, "loss_transition": 0.6648353934288025, "loss_boundary": 5.7689698223839514e-05, "cost": 2.330474853515625}, "peak_gib": 18.345005989074707}
{"epoch": 8, "successful_updates": 740, "losses": {"task": 0.12495854496955872, "support_attention": 0.177193321287632, "support_pre_tia": 0.18429404497146606, "support_post_tia": 0.18594326823949814, "full_task": 0.09072169288992882, "self_feature": 0.9149470329284668, "feature": 1.0094697773456573, "loss_actionness": 0.21025417372584343, "loss_transition": 0.6614978909492493, "loss_boundary": 0.0028045758372172713, "cost": 2.14167183637619}, "peak_gib": 18.345005989074707}
{"epoch": 8, "successful_updates": 760, "losses": {"task": 0.8470661342144012, "support_attention": 0.07993713393807411, "support_pre_tia": 0.08640068769454956, "support_post_tia": 0.0872073769569397, "full_task": 0.7405915483832359, "self_feature": 1.0472228825092316, "feature": 1.2547054290771484, "loss_actionness": 0.1396036595106125, "loss_transition": 0.6659440398216248, "loss_boundary": 0.0032615213422104716, "cost": 3.2091312408447266}, "peak_gib": 18.345005989074707}
{"epoch": 8, "successful_updates": 780, "losses": {"task": 0.4371066838502884, "support_attention": 0.1852538213133812, "support_pre_tia": 0.19560028612613678, "support_post_tia": 0.19678642600774765, "full_task": 0.4129757732152939, "self_feature": 0.5777420401573181, "feature": 0.8563190400600433, "loss_actionness": 0.26790548861026764, "loss_transition": 0.6617086231708527, "loss_boundary": 3.0852450436213985e-05, "cost": 2.4037082195281982}, "peak_gib": 18.345005989074707}
{"epoch": 8, "successful_updates": 800, "losses": {"task": 0.45689043402671814, "support_attention": 0.19730129837989807, "support_pre_tia": 0.21614424139261246, "support_post_tia": 0.21751578897237778, "full_task": 0.41799167543649673, "self_feature": 0.8383798599243164, "feature": 0.9897269010543823, "loss_actionness": 0.12702512741088867, "loss_transition": 0.6681258976459503, "loss_boundary": 0.003381997114047408, "cost": 2.455169200897217}, "peak_gib": 18.345005989074707}
09/14 11:40:05 - mmengine - WARNING - "FileClient" will be deprecated in future. Please use io functions in https://mmengine.readthedocs.io/en/latest/api/fileio.html#file-io
09/14 11:40:05 - mmengine - WARNING - "FileClient" will be deprecated in future. Please use io functions in https://mmengine.readthedocs.io/en/latest/api/fileio.html#file-io
09/14 11:40:05 - mmengine - WARNING - "HardDiskBackend" is the alias of "LocalBackend" and the former will be deprecated in future.
09/14 11:40:05 - mmengine - WARNING - "HardDiskBackend" is the alias of "LocalBackend" and the former will be deprecated in future.
{"epoch": 9, "successful_updates": 820, "losses": {"task": 0.15976731106638908, "support_attention": 0.08029467239975929, "support_pre_tia": 0.08172831684350967, "support_post_tia": 0.08272166550159454, "full_task": 0.15149368345737457, "self_feature": 0.5706625282764435, "feature": 0.9000229239463806, "loss_actionness": 0.21968567371368408, "loss_transition": 0.6103634834289551, "loss_boundary": 0.0015069731816765852, "cost": 1.994508445262909}, "peak_gib": 18.345005989074707}
{"epoch": 9, "successful_updates": 840, "losses": {"task": 0.5029180347919464, "support_attention": 0.18747077882289886, "support_pre_tia": 0.20246083289384842, "support_post_tia": 0.20403757691383362, "full_task": 0.48669247329235077, "self_feature": 0.6038413941860199, "feature": 0.9013416171073914, "loss_actionness": 0.15392934530973434, "loss_transition": 0.6648820638656616, "loss_boundary": 3.085245225520339e-05, "cost": 2.42548406124115}, "peak_gib": 18.345005989074707}
{"epoch": 9, "successful_updates": 860, "losses": {"task": 0.39304402470588684, "support_attention": 0.1889217644929886, "support_pre_tia": 0.19735362380743027, "support_post_tia": 0.1988120973110199, "full_task": 0.36872684583067894, "self_feature": 0.8114299476146698, "feature": 0.9252283573150635, "loss_actionness": 0.14680485427379608, "loss_transition": 0.6644604504108429, "loss_boundary": 0.0031865111086517572, "cost": 2.3258572816848755}, "peak_gib": 18.345005989074707}
{"epoch": 9, "successful_updates": 880, "losses": {"task": 0.30657313764095306, "support_attention": 0.07899966090917587, "support_pre_tia": 0.08358468860387802, "support_post_tia": 0.08471924066543579, "full_task": 0.2653774172067642, "self_feature": 0.532007560133934, "feature": 0.798464223742485, "loss_actionness": 0.13224682956933975, "loss_transition": 0.6159671545028687, "loss_boundary": 0.0018112385005224496, "cost": 1.9830228090286255}, "peak_gib": 18.345005989074707}
{"epoch": 9, "successful_updates": 900, "losses": {"task": 0.27632254362106323, "support_attention": 0.19869903475046158, "support_pre_tia": 0.22226788103580475, "support_post_tia": 0.22393840551376343, "full_task": 0.2956237643957138, "self_feature": 0.5451412051916122, "feature": 0.7161435782909393, "loss_actionness": 0.1245364286005497, "loss_transition": 0.6513465642929077, "loss_boundary": 3.085245225520339e-05, "cost": 1.9191102981567383}, "peak_gib": 18.345005989074707}
09/14 11:46:58 - mmengine - WARNING - "FileClient" will be deprecated in future. Please use io functions in https://mmengine.readthedocs.io/en/latest/api/fileio.html#file-io
09/14 11:46:58 - mmengine - WARNING - "FileClient" will be deprecated in future. Please use io functions in https://mmengine.readthedocs.io/en/latest/api/fileio.html#file-io
09/14 11:46:58 - mmengine - WARNING - "HardDiskBackend" is the alias of "LocalBackend" and the former will be deprecated in future.
09/14 11:46:58 - mmengine - WARNING - "HardDiskBackend" is the alias of "LocalBackend" and the former will be deprecated in future.
{"epoch": 10, "successful_updates": 920, "losses": {"task": 0.055620111525058746, "support_attention": 0.18781203031539917, "support_pre_tia": 0.1884172037243843, "support_post_tia": 0.1901615485548973, "full_task": 0.05612180847674608, "self_feature": 0.6727382838726044, "feature": 0.8254348337650299, "loss_actionness": 0.18247761577367783, "loss_transition": 0.5397257953882217, "loss_boundary": 3.0852450436213985e-05, "cost": 1.7035224437713623}, "peak_gib": 18.345005989074707}
{"epoch": 10, "successful_updates": 940, "losses": {"task": 0.4033641070127487, "support_attention": 0.07751765102148056, "support_pre_tia": 0.08345112949609756, "support_post_tia": 0.08434735611081123, "full_task": 0.30120039358735085, "self_feature": 0.7665960490703583, "feature": 0.9996341168880463, "loss_actionness": 0.15215281769633293, "loss_transition": 0.6623938381671906, "loss_boundary": 0.003038109978660941, "cost": 2.380932629108429}, "peak_gib": 18.345005989074707}
{"epoch": 10, "successful_updates": 960, "losses": {"task": 0.3387926332652569, "support_attention": 0.19853601604700089, "support_pre_tia": 0.21534495800733566, "support_post_tia": 0.21668602526187897, "full_task": 0.3278774507343769, "self_feature": 0.6577271819114685, "feature": 0.8825996518135071, "loss_actionness": 0.1032855436205864, "loss_transition": 0.6354160904884338, "loss_boundary": 3.085245225520339e-05, "cost": 2.129468321800232}, "peak_gib": 18.345005989074707}
{"epoch": 10, "successful_updates": 980, "losses": {"task": 0.2653317078948021, "support_attention": 0.1958245411515236, "support_pre_tia": 0.20474481582641602, "support_post_tia": 0.20657598972320557, "full_task": 0.26657772064208984, "self_feature": 0.6740086376667023, "feature": 0.8722926080226898, "loss_actionness": 0.15912016481161118, "loss_transition": 0.58331298828125, "loss_boundary": 5.555880306928884e-05, "cost": 2.0347244143486023}, "peak_gib": 18.345005989074707}
{"epoch": 10, "successful_updates": 1000, "losses": {"task": 0.17585834302008152, "support_attention": 0.09163302555680275, "support_pre_tia": 0.1034337654709816, "support_post_tia": 0.1042940616607666, "full_task": 0.17901115585118532, "self_feature": 0.5748919919133186, "feature": 0.8895571231842041, "loss_actionness": 0.1350461132824421, "loss_transition": 0.5970022082328796, "loss_boundary": 0.0016414294659625739, "cost": 1.9117335677146912}, "peak_gib": 18.345005989074707}
validation subset: 211 videos, truncated as 792 windows.
09/14 11:53:49 - mmengine - WARNING - "FileClient" will be deprecated in future. Please use io functions in https://mmengine.readthedocs.io/en/latest/api/fileio.html#file-io
09/14 11:53:49 - mmengine - WARNING - "FileClient" will be deprecated in future. Please use io functions in https://mmengine.readthedocs.io/en/latest/api/fileio.html#file-io
09/14 11:53:49 - mmengine - WARNING - "HardDiskBackend" is the alias of "LocalBackend" and the former will be deprecated in future.
09/14 11:53:49 - mmengine - WARNING - "HardDiskBackend" is the alias of "LocalBackend" and the former will be deprecated in future.
review5485_full_v2_b_seed42 10: 1/792
review5485_full_v2_b_seed42 10: 101/792
review5485_full_v2_b_seed42 10: 201/792
review5485_full_v2_b_seed42 10: 301/792
review5485_full_v2_b_seed42 10: 401/792
review5485_full_v2_b_seed42 10: 501/792
review5485_full_v2_b_seed42 10: 601/792
review5485_full_v2_b_seed42 10: 701/792
{'average_mAP': 0.6837081867216925, 'mAP@0.3': 0.8327618885627566, 'mAP@0.4': 0.7919975726448991, 'mAP@0.5': 0.7083891057434746, 'mAP@0.6': 0.6125862427189468, 'mAP@0.7': 0.47280612393838606}
09/14 12:15:34 - mmengine - WARNING - "FileClient" will be deprecated in future. Please use io functions in https://mmengine.readthedocs.io/en/latest/api/fileio.html#file-io
09/14 12:15:34 - mmengine - WARNING - "FileClient" will be deprecated in future. Please use io functions in https://mmengine.readthedocs.io/en/latest/api/fileio.html#file-io
09/14 12:15:34 - mmengine - WARNING - "HardDiskBackend" is the alias of "LocalBackend" and the former will be deprecated in future.
09/14 12:15:34 - mmengine - WARNING - "HardDiskBackend" is the alias of "LocalBackend" and the former will be deprecated in future.
{"epoch": 11, "successful_updates": 1020, "losses": {"task": 0.08541565388441086, "support_attention": 0.20694094896316528, "support_pre_tia": 0.21629758179187775, "support_post_tia": 0.2182864174246788, "full_task": 0.0863888580352068, "self_feature": 0.6619054675102234, "feature": 0.8479188680648804, "loss_actionness": 0.17402832955121994, "loss_transition": 0.649787187576294, "loss_boundary": 3.085244861722458e-05, "cost": 1.866697907447815}, "peak_gib": 18.3424711227417}
{"epoch": 11, "successful_updates": 1040, "losses": {"task": 0.23893935233354568, "support_attention": 0.1967872977256775, "support_pre_tia": 0.2101309448480606, "support_post_tia": 0.21162376552820206, "full_task": 0.21658271551132202, "self_feature": 1.0542165637016296, "feature": 1.1886098980903625, "loss_actionness": 0.13649943098425865, "loss_transition": 0.6625783741474152, "loss_boundary": 0.0028663536068052053, "cost": 2.410148501396179}, "peak_gib": 18.345496654510498}
{"epoch": 11, "successful_updates": 1060, "losses": {"task": 1.1843303591012955, "support_attention": 0.08390403166413307, "support_pre_tia": 0.09256046265363693, "support_post_tia": 0.09346193075180054, "full_task": 1.1133499890565872, "self_feature": 1.0075411200523376, "feature": 1.2344027161598206, "loss_actionness": 0.12633219361305237, "loss_transition": 0.662661999464035, "loss_boundary": 0.0029307542135939, "cost": 3.599050998687744}, "peak_gib": 18.345496654510498}
{"epoch": 11, "successful_updates": 1080, "losses": {"task": 0.3490093946456909, "support_attention": 0.20871682465076447, "support_pre_tia": 0.23320407420396805, "support_post_tia": 0.23498763144016266, "full_task": 0.3338016029447317, "self_feature": 0.604864627122879, "feature": 0.8108814358711243, "loss_actionness": 0.11938320472836494, "loss_transition": 0.6619884669780731, "loss_boundary": 3.088654193561524e-05, "cost": 2.108639895915985}, "peak_gib": 18.345496654510498}
{"epoch": 11, "successful_updates": 1100, "losses": {"task": 0.2626705914735794, "support_attention": 0.1937509998679161, "support_pre_tia": 0.20365311205387115, "support_post_tia": 0.2053103968501091, "full_task": 0.26585564762353897, "self_feature": 0.8750538527965546, "feature": 0.9678108394145966, "loss_actionness": 0.16602538526058197, "loss_transition": 0.6653472781181335, "loss_boundary": 0.002952038776129484, "cost": 2.2392237186431885}, "peak_gib": 18.345496654510498}
09/14 12:22:18 - mmengine - WARNING - "FileClient" will be deprecated in future. Please use io functions in https://mmengine.readthedocs.io/en/latest/api/fileio.html#file-io
09/14 12:22:18 - mmengine - WARNING - "FileClient" will be deprecated in future. Please use io functions in https://mmengine.readthedocs.io/en/latest/api/fileio.html#file-io
09/14 12:22:18 - mmengine - WARNING - "HardDiskBackend" is the alias of "LocalBackend" and the former will be deprecated in future.
09/14 12:22:18 - mmengine - WARNING - "HardDiskBackend" is the alias of "LocalBackend" and the former will be deprecated in future.
{"epoch": 12, "successful_updates": 1120, "losses": {"task": 0.17492206394672394, "support_attention": 0.08733278140425682, "support_pre_tia": 0.0933372713625431, "support_post_tia": 0.09432633966207504, "full_task": 0.1557883732020855, "self_feature": 0.8974202275276184, "feature": 1.1418205797672272, "loss_actionness": 0.1266833133995533, "loss_transition": 0.6403559744358063, "loss_boundary": 0.0017019203150994144, "cost": 2.223556160926819}, "peak_gib": 18.345496654510498}
{"epoch": 12, "successful_updates": 1140, "losses": {"task": 0.18735826015472412, "support_attention": 0.1833355575799942, "support_pre_tia": 0.18680258095264435, "support_post_tia": 0.18853498995304108, "full_task": 0.19316346943378448, "self_feature": 0.589034914970398, "feature": 0.8195005059242249, "loss_actionness": 0.23229756951332092, "loss_transition": 0.6569109559059143, "loss_boundary": 8.37295319797704e-05, "cost": 2.0221123099327087}, "peak_gib": 18.345496654510498}
{"epoch": 12, "successful_updates": 1160, "losses": {"task": 0.11983328685164452, "support_attention": 0.22620102018117905, "support_pre_tia": 0.2429823875427246, "support_post_tia": 0.2446347251534462, "full_task": 0.0951987849548459, "self_feature": 0.9823645949363708, "feature": 1.13693368434906, "loss_actionness": 0.15401485934853554, "loss_transition": 0.5831086039543152, "loss_boundary": 0.001484037640693714, "cost": 2.1417916417121887}, "peak_gib": 18.345496654510498}
{"epoch": 12, "successful_updates": 1180, "losses": {"task": 0.2945239394903183, "support_attention": 0.08385010436177254, "support_pre_tia": 0.08771334961056709, "support_post_tia": 0.08878882974386215, "full_task": 0.24788349866867065, "self_feature": 0.7532080411911011, "feature": 0.9622797667980194, "loss_actionness": 0.1945013552904129, "loss_transition": 0.6655759513378143, "loss_boundary": 0.0031475720461457968, "cost": 2.266145348548889}, "peak_gib": 18.345496654510498}
{"epoch": 12, "successful_updates": 1200, "losses": {"task": 0.2505395635962486, "support_attention": 0.1934645026922226, "support_pre_tia": 0.21206600219011307, "support_post_tia": 0.21386216580867767, "full_task": 0.2536827176809311, "self_feature": 0.5220494270324707, "feature": 0.7692468464374542, "loss_actionness": 0.13057616353034973, "loss_transition": 0.6679544150829315, "loss_boundary": 3.085244861722458e-05, "cost": 1.9552698731422424}, "peak_gib": 18.345496654510498}
09/14 12:28:56 - mmengine - WARNING - "FileClient" will be deprecated in future. Please use io functions in https://mmengine.readthedocs.io/en/latest/api/fileio.html#file-io
09/14 12:28:56 - mmengine - WARNING - "HardDiskBackend" is the alias of "LocalBackend" and the former will be deprecated in future.
09/14 12:28:56 - mmengine - WARNING - "FileClient" will be deprecated in future. Please use io functions in https://mmengine.readthedocs.io/en/latest/api/fileio.html#file-io
09/14 12:28:56 - mmengine - WARNING - "HardDiskBackend" is the alias of "LocalBackend" and the former will be deprecated in future.
{"epoch": 13, "successful_updates": 1220, "losses": {"task": 0.39816318452358246, "support_attention": 0.20422030240297318, "support_pre_tia": 0.21157125383615494, "support_post_tia": 0.21340426802635193, "full_task": 0.35448848456144333, "self_feature": 0.9476869404315948, "feature": 1.0114051699638367, "loss_actionness": 0.18959363922476768, "loss_transition": 0.6655482351779938, "loss_boundary": 0.003194509306922555, "cost": 2.4725444316864014}, "peak_gib": 18.345496654510498}
{"epoch": 13, "successful_updates": 1240, "losses": {"task": 0.36422257870435715, "support_attention": 0.08254751563072205, "support_pre_tia": 0.09027262777090073, "support_post_tia": 0.09130862727761269, "full_task": 0.3958689868450165, "self_feature": 0.8377209603786469, "feature": 1.0109378695487976, "loss_actionness": 0.1512337550520897, "loss_transition": 0.6656627655029297, "loss_boundary": 0.003209416987374425, "cost": 2.3870848417282104}, "peak_gib": 18.345496654510498}
{"epoch": 13, "successful_updates": 1260, "losses": {"task": 0.08381650596857071, "support_attention": 0.19024107605218887, "support_pre_tia": 0.2072058543562889, "support_post_tia": 0.208884559571743, "full_task": 0.0998446699231863, "self_feature": 0.5770278573036194, "feature": 0.8576379716396332, "loss_actionness": 0.1290731318295002, "loss_transition": 0.6365473568439484, "loss_boundary": 3.0852450436213985e-05, "cost": 1.8105743527412415}, "peak_gib": 18.345496654510498}
{"epoch": 13, "successful_updates": 1280, "losses": {"task": 0.6739893853664398, "support_attention": 0.19468380510807037, "support_pre_tia": 0.21372651308774948, "support_post_tia": 0.21546999365091324, "full_task": 0.4988821893930435, "self_feature": 1.0388764441013336, "feature": 1.223168134689331, "loss_actionness": 0.15448720008134842, "loss_transition": 0.6603038012981415, "loss_boundary": 0.0022285551531240344, "cost": 2.9642449617385864}, "peak_gib": 18.345496654510498}
{"epoch": 13, "successful_updates": 1300, "losses": {"task": 0.2564100995659828, "support_attention": 0.08253930509090424, "support_pre_tia": 0.09074966982007027, "support_post_tia": 0.09196890518069267, "full_task": 0.26735615730285645, "self_feature": 0.6721823513507843, "feature": 0.8361549079418182, "loss_actionness": 0.11764294654130936, "loss_transition": 0.6636227369308472, "loss_boundary": 0.0030012319330126047, "cost": 2.0200251936912537}, "peak_gib": 18.345496654510498}
09/14 12:35:48 - mmengine - WARNING - "FileClient" will be deprecated in future. Please use io functions in https://mmengine.readthedocs.io/en/latest/api/fileio.html#file-io
09/14 12:35:48 - mmengine - WARNING - "FileClient" will be deprecated in future. Please use io functions in https://mmengine.readthedocs.io/en/latest/api/fileio.html#file-io
09/14 12:35:48 - mmengine - WARNING - "HardDiskBackend" is the alias of "LocalBackend" and the former will be deprecated in future.
09/14 12:35:48 - mmengine - WARNING - "HardDiskBackend" is the alias of "LocalBackend" and the former will be deprecated in future.
{"epoch": 14, "successful_updates": 1320, "losses": {"task": 0.4403681010007858, "support_attention": 0.20570798218250275, "support_pre_tia": 0.2255636677145958, "support_post_tia": 0.2271222397685051, "full_task": 0.4384327828884125, "self_feature": 0.6675944924354553, "feature": 0.9679536819458008, "loss_actionness": 0.11530713737010956, "loss_transition": 0.6633992195129395, "loss_boundary": 3.085245225520339e-05, "cost": 2.3860608339309692}, "peak_gib": 18.345496654510498}
{"epoch": 14, "successful_updates": 1340, "losses": {"task": 0.1749672219157219, "support_attention": 0.18754827976226807, "support_pre_tia": 0.19966070353984833, "support_post_tia": 0.2017408162355423, "full_task": 0.14565255492925644, "self_feature": 0.7450442910194397, "feature": 0.8816904425621033, "loss_actionness": 0.17327196896076202, "loss_transition": 0.6376474797725677, "loss_boundary": 0.001524290069937706, "cost": 2.0000889897346497}, "peak_gib": 18.345496654510498}
{"epoch": 14, "successful_updates": 1360, "losses": {"task": 0.304292656481266, "support_attention": 0.09259568899869919, "support_pre_tia": 0.0957116149365902, "support_post_tia": 0.09703657403588295, "full_task": 0.2912798821926117, "self_feature": 0.7268465906381607, "feature": 0.9010344445705414, "loss_actionness": 0.19228415191173553, "loss_transition": 0.6432368457317352, "loss_boundary": 0.0016568952414672822, "cost": 2.197646975517273}, "peak_gib": 18.345496654510498}
{"epoch": 14, "successful_updates": 1380, "losses": {"task": 0.2801927402615547, "support_attention": 0.1842304840683937, "support_pre_tia": 0.19500867277383804, "support_post_tia": 0.19667262583971024, "full_task": 0.2332133650779724, "self_feature": 0.508487731218338, "feature": 0.7108944058418274, "loss_actionness": 0.1863345019519329, "loss_transition": 0.6489170789718628, "loss_boundary": 3.688320066430606e-05, "cost": 1.955111801624298}, "peak_gib": 18.345496654510498}
{"epoch": 14, "successful_updates": 1400, "losses": {"task": 1.0214314609766006, "support_attention": 0.18977921456098557, "support_pre_tia": 0.1996925100684166, "support_post_tia": 0.2014821246266365, "full_task": 1.0042175222188234, "self_feature": 0.8184834122657776, "feature": 0.9636043310165405, "loss_actionness": 0.19175244122743607, "loss_transition": 0.6091045141220093, "loss_boundary": 0.001618558573682094, "cost": 3.140472710132599}, "peak_gib": 18.345496654510498}
09/14 12:42:31 - mmengine - WARNING - "FileClient" will be deprecated in future. Please use io functions in https://mmengine.readthedocs.io/en/latest/api/fileio.html#file-io
09/14 12:42:31 - mmengine - WARNING - "FileClient" will be deprecated in future. Please use io functions in https://mmengine.readthedocs.io/en/latest/api/fileio.html#file-io
09/14 12:42:31 - mmengine - WARNING - "HardDiskBackend" is the alias of "LocalBackend" and the former will be deprecated in future.
09/14 12:42:31 - mmengine - WARNING - "HardDiskBackend" is the alias of "LocalBackend" and the former will be deprecated in future.
{"epoch": 15, "successful_updates": 1420, "losses": {"task": 0.30488793551921844, "support_attention": 0.09127365425229073, "support_pre_tia": 0.10070925578474998, "support_post_tia": 0.1018453910946846, "full_task": 0.28948282450437546, "self_feature": 0.46444545686244965, "feature": 0.7621888518333435, "loss_actionness": 0.14455962181091309, "loss_transition": 0.6252624094486237, "loss_boundary": 0.0016885149816516787, "cost": 1.9675301909446716}, "peak_gib": 18.345496654510498}
{"epoch": 15, "successful_updates": 1440, "losses": {"task": 0.1381750851869583, "support_attention": 0.19108861684799194, "support_pre_tia": 0.20521970093250275, "support_post_tia": 0.2069128155708313, "full_task": 0.14331348985433578, "self_feature": 0.5183172672986984, "feature": 0.6860609650611877, "loss_actionness": 0.13089526072144508, "loss_transition": 0.582126647233963, "loss_boundary": 3.085244861722458e-05, "cost": 1.645555555820465}, "peak_gib": 18.345496654510498}
{"epoch": 15, "successful_updates": 1460, "losses": {"task": 0.2149980142712593, "support_attention": 0.21398277580738068, "support_pre_tia": 0.23396946489810944, "support_post_tia": 0.23500368744134903, "full_task": 0.22568990290164948, "self_feature": 1.1909312009811401, "feature": 1.333317220211029, "loss_actionness": 0.11333639919757843, "loss_transition": 0.6554908752441406, "loss_boundary": 0.002476109890267253, "cost": 2.518582820892334}, "peak_gib": 18.345496654510498}
{"epoch": 15, "successful_updates": 1480, "losses": {"task": 0.7637099251151085, "support_attention": 0.08745770528912544, "support_pre_tia": 0.09434009343385696, "support_post_tia": 0.09578317776322365, "full_task": 0.8156250342726707, "self_feature": 0.6346766576170921, "feature": 0.9352170526981354, "loss_actionness": 0.1322486624121666, "loss_transition": 0.6074462532997131, "loss_boundary": 0.0015451766375917941, "cost": 2.7170470356941223}, "peak_gib": 18.345496654510498}
{"epoch": 15, "successful_updates": 1500, "losses": {"task": 1.0917680077254772, "support_attention": 0.21262912452220917, "support_pre_tia": 0.23469830304384232, "support_post_tia": 0.23644119501113892, "full_task": 1.0831180401146412, "self_feature": 0.6560376882553101, "feature": 0.9039835631847382, "loss_actionness": 0.1679023653268814, "loss_transition": 0.6647782623767853, "loss_boundary": 3.245417792641092e-05, "cost": 3.1884045004844666}, "peak_gib": 18.345496654510498}
09/14 12:49:19 - mmengine - WARNING - "FileClient" will be deprecated in future. Please use io functions in https://mmengine.readthedocs.io/en/latest/api/fileio.html#file-io
09/14 12:49:19 - mmengine - WARNING - "FileClient" will be deprecated in future. Please use io functions in https://mmengine.readthedocs.io/en/latest/api/fileio.html#file-io
09/14 12:49:19 - mmengine - WARNING - "HardDiskBackend" is the alias of "LocalBackend" and the former will be deprecated in future.
09/14 12:49:19 - mmengine - WARNING - "HardDiskBackend" is the alias of "LocalBackend" and the former will be deprecated in future.
{"epoch": 16, "successful_updates": 1520, "losses": {"task": 1.1926126684993505, "support_attention": 0.21416734158992767, "support_pre_tia": 0.23107795417308807, "support_post_tia": 0.23288258165121078, "full_task": 1.0201136395335197, "self_feature": 1.1521445512771606, "feature": 1.323853075504303, "loss_actionness": 0.14301713556051254, "loss_transition": 0.6603645086288452, "loss_boundary": 0.0029716941062361, "cost": 3.716259717941284}, "peak_gib": 18.345496654510498}
{"epoch": 16, "successful_updates": 1540, "losses": {"task": 0.08429999463260174, "support_attention": 0.09889934211969376, "support_pre_tia": 0.10804365202784538, "support_post_tia": 0.10942116752266884, "full_task": 0.08150402642786503, "self_feature": 0.12449033558368683, "feature": 0.4052647352218628, "loss_actionness": 0.1583312749862671, "loss_transition": 0.5262873470783234, "loss_boundary": 3.085244861722458e-05, "cost": 1.2179125547409058}, "peak_gib": 18.345496654510498}
{"epoch": 16, "successful_updates": 1560, "losses": {"task": 0.19809801690280437, "support_attention": 0.21383367478847504, "support_pre_tia": 0.2324625477194786, "support_post_tia": 0.2340661883354187, "full_task": 0.16477695479989052, "self_feature": 0.723770409822464, "feature": 0.9291530549526215, "loss_actionness": 0.12233312055468559, "loss_transition": 0.5886587798595428, "loss_boundary": 3.085244861722458e-05, "cost": 1.9751715660095215}, "peak_gib": 18.345496654510498}
{"epoch": 16, "successful_updates": 1580, "losses": {"task": 1.3111706972122192, "support_attention": 0.19891927391290665, "support_pre_tia": 0.21542596817016602, "support_post_tia": 0.2170756608247757, "full_task": 1.1804753541946411, "self_feature": 1.0037277340888977, "feature": 1.1935185194015503, "loss_actionness": 0.2190464362502098, "loss_transition": 0.6655856370925903, "loss_boundary": 0.003261975827626884, "cost": 3.809699773788452}, "peak_gib": 18.345496654510498}
{"epoch": 16, "successful_updates": 1600, "losses": {"task": 0.2469433005899191, "support_attention": 0.10123467817902565, "support_pre_tia": 0.10775450989603996, "support_post_tia": 0.10916220024228096, "full_task": 0.25335084181278944, "self_feature": 0.96120485663414, "feature": 1.1188902854919434, "loss_actionness": 0.1444566398859024, "loss_transition": 0.6667971312999725, "loss_boundary": 0.0028866631910204887, "cost": 2.3502780199050903}, "peak_gib": 18.345496654510498}
09/14 12:56:01 - mmengine - WARNING - "FileClient" will be deprecated in future. Please use io functions in https://mmengine.readthedocs.io/en/latest/api/fileio.html#file-io
09/14 12:56:01 - mmengine - WARNING - "FileClient" will be deprecated in future. Please use io functions in https://mmengine.readthedocs.io/en/latest/api/fileio.html#file-io
09/14 12:56:01 - mmengine - WARNING - "HardDiskBackend" is the alias of "LocalBackend" and the former will be deprecated in future.
09/14 12:56:01 - mmengine - WARNING - "HardDiskBackend" is the alias of "LocalBackend" and the former will be deprecated in future.
{"epoch": 17, "successful_updates": 1620, "losses": {"task": 0.12409601360559464, "support_attention": 0.20323555916547775, "support_pre_tia": 0.21965165436267853, "support_post_tia": 0.22161897271871567, "full_task": 0.12252680957317352, "self_feature": 0.5951131284236908, "feature": 0.8440602421760559, "loss_actionness": 0.13399144634604454, "loss_transition": 0.632535994052887, "loss_boundary": 3.0852450436213985e-05, "cost": 1.846921145915985}, "peak_gib": 18.345496654510498}
{"epoch": 17, "successful_updates": 1640, "losses": {"task": 1.2131875455379486, "support_attention": 0.19144628196954727, "support_pre_tia": 0.20948302000761032, "support_post_tia": 0.2113739401102066, "full_task": 1.1452942192554474, "self_feature": 0.9930931329727173, "feature": 1.1550650298595428, "loss_actionness": 0.15476403385400772, "loss_transition": 0.6610911190509796, "loss_boundary": 0.002511335536837578, "cost": 3.5932947397232056}, "peak_gib": 18.345496654510498}
{"epoch": 17, "successful_updates": 1660, "losses": {"task": 0.5800536274909973, "support_attention": 0.09124474972486496, "support_pre_tia": 0.10004033893346786, "support_post_tia": 0.10138245671987534, "full_task": 0.628346860408783, "self_feature": 0.6922904849052429, "feature": 0.9027035534381866, "loss_actionness": 0.14212631434202194, "loss_transition": 0.6265847682952881, "loss_boundary": 0.0015693250752519816, "cost": 2.489424467086792}, "peak_gib": 18.345496654510498}
{"epoch": 17, "successful_updates": 1680, "losses": {"task": 0.10621373821049929, "support_attention": 0.21580825001001358, "support_pre_tia": 0.23860518634319305, "support_post_tia": 0.24039018154144287, "full_task": 0.09113098308444023, "self_feature": 0.6136350929737091, "feature": 0.8469948470592499, "loss_actionness": 0.10731754079461098, "loss_transition": 0.6614328026771545, "loss_boundary": 3.0852450436213985e-05, "cost": 1.830085813999176}, "peak_gib": 18.345496654510498}
{"epoch": 17, "successful_updates": 1700, "losses": {"task": 0.2368633896112442, "support_attention": 0.18228667974472046, "support_pre_tia": 0.19664648920297623, "support_post_tia": 0.1985410377383232, "full_task": 0.14667367935180664, "self_feature": 0.7939445674419403, "feature": 0.9159654378890991, "loss_actionness": 0.17272775247693062, "loss_transition": 0.6654255390167236, "loss_boundary": 0.003210193943232298, "cost": 2.130014419555664}, "peak_gib": 18.345496654510498}
09/14 13:02:48 - mmengine - WARNING - "FileClient" will be deprecated in future. Please use io functions in https://mmengine.readthedocs.io/en/latest/api/fileio.html#file-io
09/14 13:02:48 - mmengine - WARNING - "FileClient" will be deprecated in future. Please use io functions in https://mmengine.readthedocs.io/en/latest/api/fileio.html#file-io
09/14 13:02:48 - mmengine - WARNING - "HardDiskBackend" is the alias of "LocalBackend" and the former will be deprecated in future.
09/14 13:02:48 - mmengine - WARNING - "HardDiskBackend" is the alias of "LocalBackend" and the former will be deprecated in future.
{"epoch": 18, "successful_updates": 1720, "losses": {"task": 0.9268908500671387, "support_attention": 0.08914635330438614, "support_pre_tia": 0.09543542936444283, "support_post_tia": 0.09675683453679085, "full_task": 0.9387500286102295, "self_feature": 0.8251819312572479, "feature": 0.9901393353939056, "loss_actionness": 0.1651121973991394, "loss_transition": 0.6682842075824738, "loss_boundary": 0.003146317903883755, "cost": 3.080388307571411}, "peak_gib": 18.345496654510498}
{"epoch": 18, "successful_updates": 1740, "losses": {"task": 0.09329087287187576, "support_attention": 0.21296916902065277, "support_pre_tia": 0.22907010465860367, "support_post_tia": 0.23073125630617142, "full_task": 0.08937829732894897, "self_feature": 0.7263865172863007, "feature": 0.9089326560497284, "loss_actionness": 0.11230597645044327, "loss_transition": 0.5353446751832962, "loss_boundary": 3.0852450436213985e-05, "cost": 1.7678782939910889}, "peak_gib": 18.345496654510498}
{"epoch": 18, "successful_updates": 1760, "losses": {"task": 0.5991591420024633, "support_attention": 0.20276780426502228, "support_pre_tia": 0.2228250876069069, "support_post_tia": 0.22436492145061493, "full_task": 0.590128437615931, "self_feature": 0.7288442552089691, "feature": 0.8803059160709381, "loss_actionness": 0.15062564983963966, "loss_transition": 0.5817232578992844, "loss_boundary": 0.001610538138265838, "cost": 2.456200659275055}, "peak_gib": 18.345496654510498}
{"epoch": 18, "successful_updates": 1780, "losses": {"task": 0.46296724677085876, "support_attention": 0.09894179552793503, "support_pre_tia": 0.11092981696128845, "support_post_tia": 0.11201890558004379, "full_task": 0.39655454456806183, "self_feature": 0.9263958036899567, "feature": 1.1663084030151367, "loss_actionness": 0.1199684739112854, "loss_transition": 0.6629400849342346, "loss_boundary": 0.003109825192950666, "cost": 2.6182198524475098}, "peak_gib": 18.345496654510498}
{"epoch": 18, "successful_updates": 1800, "losses": {"task": 0.8417966812849045, "support_attention": 0.20996811240911484, "support_pre_tia": 0.23204878717660904, "support_post_tia": 0.23384138196706772, "full_task": 0.8467921316623688, "self_feature": 0.5804010927677155, "feature": 0.8445286154747009, "loss_actionness": 0.14318041130900383, "loss_transition": 0.6573193967342377, "loss_boundary": 6.873614620417356e-05, "cost": 2.779926300048828}, "peak_gib": 18.345496654510498}
09/14 13:09:34 - mmengine - WARNING - "FileClient" will be deprecated in future. Please use io functions in https://mmengine.readthedocs.io/en/latest/api/fileio.html#file-io
09/14 13:09:34 - mmengine - WARNING - "FileClient" will be deprecated in future. Please use io functions in https://mmengine.readthedocs.io/en/latest/api/fileio.html#file-io
09/14 13:09:34 - mmengine - WARNING - "HardDiskBackend" is the alias of "LocalBackend" and the former will be deprecated in future.
09/14 13:09:34 - mmengine - WARNING - "HardDiskBackend" is the alias of "LocalBackend" and the former will be deprecated in future.
{"epoch": 19, "successful_updates": 1820, "losses": {"task": 0.2788878083229065, "support_attention": 0.22475387156009674, "support_pre_tia": 0.24343939125537872, "support_post_tia": 0.24490900337696075, "full_task": 0.24639751017093658, "self_feature": 1.2320824265480042, "feature": 1.3976247310638428, "loss_actionness": 0.1565806269645691, "loss_transition": 0.6671745777130127, "loss_boundary": 0.0032783127389848232, "cost": 2.7127710580825806}, "peak_gib": 18.345496654510498}
{"epoch": 19, "successful_updates": 1840, "losses": {"task": 0.21269285678863525, "support_attention": 0.08636274933815002, "support_pre_tia": 0.09323512390255928, "support_post_tia": 0.09469800442457199, "full_task": 0.2294144183397293, "self_feature": 0.6911840289831161, "feature": 0.8735218346118927, "loss_actionness": 0.13339420408010483, "loss_transition": 0.6374062597751617, "loss_boundary": 0.0014512003544950858, "cost": 1.994334876537323}, "peak_gib": 18.345496654510498}
{"epoch": 19, "successful_updates": 1860, "losses": {"task": 0.3448282964527607, "support_attention": 0.20025116205215454, "support_pre_tia": 0.21807213127613068, "support_post_tia": 0.21971677243709564, "full_task": 0.3454260677099228, "self_feature": 0.5803723037242889, "feature": 0.8697895109653473, "loss_actionness": 0.14524247497320175, "loss_transition": 0.6581113338470459, "loss_boundary": 3.197432306478731e-05, "cost": 2.1842868328094482}, "peak_gib": 18.345496654510498}
{"epoch": 19, "successful_updates": 1880, "losses": {"task": 0.04653850756585598, "support_attention": 0.1972075030207634, "support_pre_tia": 0.21400311589241028, "support_post_tia": 0.2158953994512558, "full_task": 0.03416358772665262, "self_feature": 0.5680006742477417, "feature": 0.7570157647132874, "loss_actionness": 0.13924387469887733, "loss_transition": 0.5823305547237396, "loss_boundary": 3.085244861722458e-05, "cost": 1.6119954586029053}, "peak_gib": 18.345496654510498}
{"epoch": 19, "successful_updates": 1900, "losses": {"task": 0.9016599059104919, "support_attention": 0.08579396083950996, "support_pre_tia": 0.09217311814427376, "support_post_tia": 0.0932338796555996, "full_task": 0.8800405263900757, "self_feature": 0.8194359540939331, "feature": 1.0290225744247437, "loss_actionness": 0.1765960082411766, "loss_transition": 0.668015718460083, "loss_boundary": 0.0035185081651434302, "cost": 3.090036630630493}, "peak_gib": 18.345496654510498}
09/14 13:16:21 - mmengine - WARNING - "FileClient" will be deprecated in future. Please use io functions in https://mmengine.readthedocs.io/en/latest/api/fileio.html#file-io
09/14 13:16:21 - mmengine - WARNING - "FileClient" will be deprecated in future. Please use io functions in https://mmengine.readthedocs.io/en/latest/api/fileio.html#file-io
09/14 13:16:21 - mmengine - WARNING - "HardDiskBackend" is the alias of "LocalBackend" and the former will be deprecated in future.
09/14 13:16:21 - mmengine - WARNING - "HardDiskBackend" is the alias of "LocalBackend" and the former will be deprecated in future.
{"epoch": 20, "successful_updates": 1920, "losses": {"task": 0.20984672009944916, "support_attention": 0.22007115185260773, "support_pre_tia": 0.24007414281368256, "support_post_tia": 0.24206773191690445, "full_task": 0.19645346701145172, "self_feature": 0.6430893540382385, "feature": 0.8972092270851135, "loss_actionness": 0.12077652290463448, "loss_transition": 0.6125630140304565, "loss_boundary": 3.085245225520339e-05, "cost": 1.9779557585716248}, "peak_gib": 18.345496654510498}
{"epoch": 20, "successful_updates": 1940, "losses": {"task": 0.1564294397830963, "support_attention": 0.2054014950990677, "support_pre_tia": 0.22378577291965485, "support_post_tia": 0.2258118912577629, "full_task": 0.16344085335731506, "self_feature": 1.0478201508522034, "feature": 1.204955279827118, "loss_actionness": 0.13310863822698593, "loss_transition": 0.6534431278705597, "loss_boundary": 0.0024947121273726225, "cost": 2.318553328514099}, "peak_gib": 18.345496654510498}
{"epoch": 20, "successful_updates": 1960, "losses": {"task": 0.15328073501586914, "support_attention": 0.09160248562693596, "support_pre_tia": 0.09158538654446602, "support_post_tia": 0.09320627152919769, "full_task": 0.13836410641670227, "self_feature": 0.3994142934679985, "feature": 0.6460172533988953, "loss_actionness": 0.2238932028412819, "loss_transition": 0.6001578569412231, "loss_boundary": 0.0006882890884298831, "cost": 1.7078093886375427}, "peak_gib": 18.345496654510498}
{"epoch": 20, "successful_updates": 1980, "losses": {"task": 0.5422108545899391, "support_attention": 0.20971641689538956, "support_pre_tia": 0.22509907186031342, "support_post_tia": 0.22698672115802765, "full_task": 0.5031396709382534, "self_feature": 0.6395641565322876, "feature": 0.9250215590000153, "loss_actionness": 0.19869333505630493, "loss_transition": 0.6659881174564362, "loss_boundary": 3.085244679823518e-05, "cost": 2.5442903637886047}, "peak_gib": 18.345496654510498}
{"epoch": 20, "successful_updates": 2000, "losses": {"task": 0.35163261741399765, "support_attention": 0.21038830280303955, "support_pre_tia": 0.22995206713676453, "support_post_tia": 0.23145899921655655, "full_task": 0.2966008484363556, "self_feature": 1.1121811270713806, "feature": 1.2453001141548157, "loss_actionness": 0.13210110366344452, "loss_transition": 0.6620950996875763, "loss_boundary": 0.0028362987795844674, "cost": 2.602404236793518}, "peak_gib": 18.345496654510498}
validation subset: 211 videos, truncated as 792 windows.
09/14 13:23:03 - mmengine - WARNING - "FileClient" will be deprecated in future. Please use io functions in https://mmengine.readthedocs.io/en/latest/api/fileio.html#file-io
09/14 13:23:03 - mmengine - WARNING - "FileClient" will be deprecated in future. Please use io functions in https://mmengine.readthedocs.io/en/latest/api/fileio.html#file-io
09/14 13:23:03 - mmengine - WARNING - "HardDiskBackend" is the alias of "LocalBackend" and the former will be deprecated in future.
09/14 13:23:03 - mmengine - WARNING - "HardDiskBackend" is the alias of "LocalBackend" and the former will be deprecated in future.
review5485_full_v2_b_seed42 20: 1/792
review5485_full_v2_b_seed42 20: 101/792
review5485_full_v2_b_seed42 20: 201/792
review5485_full_v2_b_seed42 20: 301/792
review5485_full_v2_b_seed42 20: 401/792
review5485_full_v2_b_seed42 20: 501/792
review5485_full_v2_b_seed42 20: 601/792
review5485_full_v2_b_seed42 20: 701/792
{'average_mAP': 0.6850137001957863, 'mAP@0.3': 0.8369341854456911, 'mAP@0.4': 0.7902979146323231, 'mAP@0.5': 0.7106627257481104, 'mAP@0.6': 0.6122667268286548, 'mAP@0.7': 0.4749069483241522}
09/14 13:44:46 - mmengine - WARNING - "FileClient" will be deprecated in future. Please use io functions in https://mmengine.readthedocs.io/en/latest/api/fileio.html#file-io
09/14 13:44:46 - mmengine - WARNING - "FileClient" will be deprecated in future. Please use io functions in https://mmengine.readthedocs.io/en/latest/api/fileio.html#file-io
09/14 13:44:46 - mmengine - WARNING - "HardDiskBackend" is the alias of "LocalBackend" and the former will be deprecated in future.
09/14 13:44:46 - mmengine - WARNING - "HardDiskBackend" is the alias of "LocalBackend" and the former will be deprecated in future.
{"epoch": 21, "successful_updates": 2020, "losses": {"task": 0.10926291346549988, "support_attention": 0.09661127254366875, "support_pre_tia": 0.10280485451221466, "support_post_tia": 0.10428808256983757, "full_task": 0.10419626347720623, "self_feature": 0.8864487111568451, "feature": 1.0552089214324951, "loss_actionness": 0.18001436442136765, "loss_transition": 0.6625740230083466, "loss_boundary": 0.0026791952550411224, "cost": 2.134787917137146}, "peak_gib": 18.341114044189453}
{"epoch": 21, "successful_updates": 2040, "losses": {"task": 0.12536219134926796, "support_attention": 0.18883922696113586, "support_pre_tia": 0.20253945887088776, "support_post_tia": 0.20451699197292328, "full_task": 0.12143933773040771, "self_feature": 0.5022239983081818, "feature": 0.716268002986908, "loss_actionness": 0.1380196511745453, "loss_transition": 0.6643680930137634, "loss_boundary": 3.085245225520339e-05, "cost": 1.7449839115142822}, "peak_gib": 18.342182636260986}
{"epoch": 21, "successful_updates": 2060, "losses": {"task": 0.18408507108688354, "support_attention": 0.19901058822870255, "support_pre_tia": 0.2113366276025772, "support_post_tia": 0.2135375216603279, "full_task": 0.13847970962524414, "self_feature": 0.8094888627529144, "feature": 1.0124458074569702, "loss_actionness": 0.18981987237930298, "loss_transition": 0.5869056284427643, "loss_boundary": 0.0017204434006998781, "cost": 2.1117894053459167}, "peak_gib": 18.342182636260986}
{"epoch": 21, "successful_updates": 2080, "losses": {"task": 0.1161909569054842, "support_attention": 0.10106663778424263, "support_pre_tia": 0.11008739098906517, "support_post_tia": 0.11134976148605347, "full_task": 0.13436847180128098, "self_feature": 0.9578399658203125, "feature": 1.12642902135849, "loss_actionness": 0.1337721385061741, "loss_transition": 0.6624151766300201, "loss_boundary": 0.003148630727082491, "cost": 2.182403802871704}, "peak_gib": 18.342182636260986}
{"epoch": 21, "successful_updates": 2100, "losses": {"task": 0.9563539111986756, "support_attention": 0.20569923520088196, "support_pre_tia": 0.22033341228961945, "support_post_tia": 0.22215860337018967, "full_task": 0.8755733966827393, "self_feature": 0.5698412656784058, "feature": 0.8107497990131378, "loss_actionness": 0.14039525017142296, "loss_transition": 0.6575366258621216, "loss_boundary": 3.470725459919777e-05, "cost": 2.8630725741386414}, "peak_gib": 18.342610836029053}
09/14 13:51:27 - mmengine - WARNING - "FileClient" will be deprecated in future. Please use io functions in https://mmengine.readthedocs.io/en/latest/api/fileio.html#file-io
09/14 13:51:27 - mmengine - WARNING - "HardDiskBackend" is the alias of "LocalBackend" and the former will be deprecated in future.
09/14 13:51:27 - mmengine - WARNING - "FileClient" will be deprecated in future. Please use io functions in https://mmengine.readthedocs.io/en/latest/api/fileio.html#file-io
09/14 13:51:27 - mmengine - WARNING - "HardDiskBackend" is the alias of "LocalBackend" and the former will be deprecated in future.
{"epoch": 22, "successful_updates": 2120, "losses": {"task": 0.37884949892759323, "support_attention": 0.21638773381710052, "support_pre_tia": 0.23618899285793304, "support_post_tia": 0.2378716543316841, "full_task": 0.35360708832740784, "self_feature": 1.1056947112083435, "feature": 1.2596901655197144, "loss_actionness": 0.1366916000843048, "loss_transition": 0.6645854711532593, "loss_boundary": 0.0029842143412679434, "cost": 2.6654752492904663}, "peak_gib": 18.342610836029053}
{"epoch": 22, "successful_updates": 2140, "losses": {"task": 0.5819277428090572, "support_attention": 0.08701419085264206, "support_pre_tia": 0.09108029305934906, "support_post_tia": 0.09252584725618362, "full_task": 0.5906853973865509, "self_feature": 0.9350455105304718, "feature": 1.1187102794647217, "loss_actionness": 0.11133186891674995, "loss_transition": 0.6598595678806305, "loss_boundary": 0.0027228028047829866, "cost": 2.724908471107483}, "peak_gib": 18.342610836029053}
{"epoch": 22, "successful_updates": 2160, "losses": {"task": 0.8128401339054108, "support_attention": 0.19179891049861908, "support_pre_tia": 0.20294760912656784, "support_post_tia": 0.2043537050485611, "full_task": 0.8046212792396545, "self_feature": 0.4797184318304062, "feature": 0.7208695113658905, "loss_actionness": 0.21286792308092117, "loss_transition": 0.61227086186409, "loss_boundary": 6.349115392367821e-05, "cost": 2.628404200077057}, "peak_gib": 18.34580135345459}
{"epoch": 22, "successful_updates": 2180, "losses": {"task": 0.7080172412097454, "support_attention": 0.19508542865514755, "support_pre_tia": 0.2141721323132515, "support_post_tia": 0.21610496938228607, "full_task": 0.4776158928871155, "self_feature": 0.8862026333808899, "feature": 1.060353308916092, "loss_actionness": 0.19186513125896454, "loss_transition": 0.6623440086841583, "loss_boundary": 0.0027253110893070698, "cost": 2.8548429012298584}, "peak_gib": 18.34580135345459}
{"epoch": 22, "successful_updates": 2200, "losses": {"task": 0.5490474104881287, "support_attention": 0.09540196135640144, "support_pre_tia": 0.10539181157946587, "support_post_tia": 0.10678482800722122, "full_task": 0.5013929307460785, "self_feature": 0.8145515620708466, "feature": 1.0028252303600311, "loss_actionness": 0.19378243386745453, "loss_transition": 0.6633328497409821, "loss_boundary": 0.002938562072813511, "cost": 2.6293386220932007}, "peak_gib": 18.34580135345459}
09/14 13:58:12 - mmengine - WARNING - "FileClient" will be deprecated in future. Please use io functions in https://mmengine.readthedocs.io/en/latest/api/fileio.html#file-io
09/14 13:58:12 - mmengine - WARNING - "FileClient" will be deprecated in future. Please use io functions in https://mmengine.readthedocs.io/en/latest/api/fileio.html#file-io
09/14 13:58:12 - mmengine - WARNING - "HardDiskBackend" is the alias of "LocalBackend" and the former will be deprecated in future.
09/14 13:58:12 - mmengine - WARNING - "HardDiskBackend" is the alias of "LocalBackend" and the former will be deprecated in future.
{"epoch": 23, "successful_updates": 2220, "losses": {"task": 0.11307666450738907, "support_attention": 0.203656867146492, "support_pre_tia": 0.21964164823293686, "support_post_tia": 0.22175335139036179, "full_task": 0.08771900460124016, "self_feature": 0.6867717206478119, "feature": 0.8724667131900787, "loss_actionness": 0.18374507874250412, "loss_transition": 0.6425060033798218, "loss_boundary": 3.085245225520339e-05, "cost": 1.9245020151138306}, "peak_gib": 18.34580135345459}
{"epoch": 23, "successful_updates": 2240, "losses": {"task": 0.24555963277816772, "support_attention": 0.21201612055301666, "support_pre_tia": 0.2335633635520935, "support_post_tia": 0.23500990867614746, "full_task": 0.24155496060848236, "self_feature": 0.7235437482595444, "feature": 0.8472025692462921, "loss_actionness": 0.16423305869102478, "loss_transition": 0.5945843160152435, "loss_boundary": 0.0003431705918046646, "cost": 2.008094549179077}, "peak_gib": 18.34580135345459}
{"epoch": 23, "successful_updates": 2260, "losses": {"task": 0.30164799839258194, "support_attention": 0.09934897348284721, "support_pre_tia": 0.11056428402662277, "support_post_tia": 0.11190523579716682, "full_task": 0.3236677646636963, "self_feature": 0.5927228331565857, "feature": 0.7956573069095612, "loss_actionness": 0.1415690928697586, "loss_transition": 0.6459242701530457, "loss_boundary": 0.0015842902357690036, "cost": 2.0376956462860107}, "peak_gib": 18.34580135345459}
{"epoch": 23, "successful_updates": 2280, "losses": {"task": 0.9024207592010498, "support_attention": 0.21114294230937958, "support_pre_tia": 0.22584626823663712, "support_post_tia": 0.22795917838811874, "full_task": 0.8739953637123108, "self_feature": 0.5285053253173828, "feature": 0.6521689891815186, "loss_actionness": 0.13682817667722702, "loss_transition": 0.6646988689899445, "loss_boundary": 5.8072477258974686e-05, "cost": 2.650214433670044}, "peak_gib": 18.34580135345459}
{"epoch": 23, "successful_updates": 2300, "losses": {"task": 0.2599063962697983, "support_attention": 0.2140367329120636, "support_pre_tia": 0.2251129299402237, "support_post_tia": 0.22727183997631073, "full_task": 0.25089577585458755, "self_feature": 1.0944626927375793, "feature": 1.26488196849823, "loss_actionness": 0.1362636461853981, "loss_transition": 0.6363008916378021, "loss_boundary": 0.0014952753735997248, "cost": 2.4936375617980957}, "peak_gib": 18.34580135345459}
09/14 14:04:57 - mmengine - WARNING - "FileClient" will be deprecated in future. Please use io functions in https://mmengine.readthedocs.io/en/latest/api/fileio.html#file-io
09/14 14:04:57 - mmengine - WARNING - "FileClient" will be deprecated in future. Please use io functions in https://mmengine.readthedocs.io/en/latest/api/fileio.html#file-io
09/14 14:04:57 - mmengine - WARNING - "HardDiskBackend" is the alias of "LocalBackend" and the former will be deprecated in future.
09/14 14:04:57 - mmengine - WARNING - "HardDiskBackend" is the alias of "LocalBackend" and the former will be deprecated in future.
{"epoch": 24, "successful_updates": 2320, "losses": {"task": 0.9369423897005618, "support_attention": 0.07213959842920303, "support_pre_tia": 0.0704631395637989, "support_post_tia": 0.07182219438254833, "full_task": 0.9817243982106447, "self_feature": 0.4001432955265045, "feature": 0.535967230796814, "loss_actionness": 0.11628329753875732, "loss_transition": 0.6626347005367279, "loss_boundary": 0.0026251074741594493, "cost": 2.547012448310852}, "peak_gib": 18.34580135345459}
{"epoch": 24, "successful_updates": 2340, "losses": {"task": 0.047214820981025696, "support_attention": 0.19272209703922272, "support_pre_tia": 0.20253698527812958, "support_post_tia": 0.20471549779176712, "full_task": 0.04139937087893486, "self_feature": 0.5808564722537994, "feature": 0.7915246188640594, "loss_actionness": 0.1505897492170334, "loss_transition": 0.5626003742218018, "loss_boundary": 3.085245225520339e-05, "cost": 1.6407586336135864}, "peak_gib": 18.34580135345459}
{"epoch": 24, "successful_updates": 2360, "losses": {"task": 0.3707044944167137, "support_attention": 0.20824376493692398, "support_pre_tia": 0.2238815352320671, "support_post_tia": 0.22538714110851288, "full_task": 0.3779868260025978, "self_feature": 0.8374522924423218, "feature": 1.016350895166397, "loss_actionness": 0.1749766506254673, "loss_transition": 0.53776516020298, "loss_boundary": 0.001595964686202933, "cost": 2.3020986318588257}, "peak_gib": 18.34580135345459}
{"epoch": 24, "successful_updates": 2380, "losses": {"task": 0.47796711325645447, "support_attention": 0.09326992183923721, "support_pre_tia": 0.09996061399579048, "support_post_tia": 0.10162567347288132, "full_task": 0.4407784342765808, "self_feature": 0.8245198726654053, "feature": 0.9884740114212036, "loss_actionness": 0.12625718861818314, "loss_transition": 0.6676757037639618, "loss_boundary": 0.0038174830842763186, "cost": 2.4669175148010254}, "peak_gib": 18.34580135345459}
{"epoch": 24, "successful_updates": 2400, "losses": {"task": 0.3933267742395401, "support_attention": 0.19804799556732178, "support_pre_tia": 0.20768088847398758, "support_post_tia": 0.2095293626189232, "full_task": 0.37091219425201416, "self_feature": 0.5223696231842041, "feature": 0.6401412785053253, "loss_actionness": 0.20900850743055344, "loss_transition": 0.661236584186554, "loss_boundary": 3.0852450436213985e-05, "cost": 2.06956946849823}, "peak_gib": 18.34580135345459}
09/14 14:11:46 - mmengine - WARNING - "FileClient" will be deprecated in future. Please use io functions in https://mmengine.readthedocs.io/en/latest/api/fileio.html#file-io
09/14 14:11:46 - mmengine - WARNING - "FileClient" will be deprecated in future. Please use io functions in https://mmengine.readthedocs.io/en/latest/api/fileio.html#file-io
09/14 14:11:46 - mmengine - WARNING - "HardDiskBackend" is the alias of "LocalBackend" and the former will be deprecated in future.
09/14 14:11:46 - mmengine - WARNING - "HardDiskBackend" is the alias of "LocalBackend" and the former will be deprecated in future.
{"epoch": 25, "successful_updates": 2420, "losses": {"task": 0.768889993429184, "support_attention": 0.2196662649512291, "support_pre_tia": 0.23797102272510529, "support_post_tia": 0.23963842540979385, "full_task": 0.6603499948978424, "self_feature": 1.2145752310752869, "feature": 1.4107670783996582, "loss_actionness": 0.1871553212404251, "loss_transition": 0.6647721529006958, "loss_boundary": 0.0032252107048407197, "cost": 3.345235228538513}, "peak_gib": 18.34580135345459}
{"epoch": 25, "successful_updates": 2440, "losses": {"task": 0.2152877375483513, "support_attention": 0.10122442245483398, "support_pre_tia": 0.11340325325727463, "support_post_tia": 0.11486712470650673, "full_task": 0.24809661507606506, "self_feature": 0.8004939556121826, "feature": 1.0006899237632751, "loss_actionness": 0.1344054490327835, "loss_transition": 0.6561858057975769, "loss_boundary": 0.0022635991335846484, "cost": 2.162319540977478}, "peak_gib": 18.34580135345459}
{"epoch": 25, "successful_updates": 2460, "losses": {"task": 0.14863169379532337, "support_attention": 0.20077315717935562, "support_pre_tia": 0.22127002477645874, "support_post_tia": 0.22325055301189423, "full_task": 0.13578298687934875, "self_feature": 0.5153781175613403, "feature": 0.7087273001670837, "loss_actionness": 0.1312260925769806, "loss_transition": 0.667890876531601, "loss_boundary": 3.085244861722458e-05, "cost": 1.7642163634300232}, "peak_gib": 18.34580135345459}
{"epoch": 25, "successful_updates": 2480, "losses": {"task": 0.1565292701125145, "support_attention": 0.21731843799352646, "support_pre_tia": 0.23843925446271896, "support_post_tia": 0.2402987703680992, "full_task": 0.14958246052265167, "self_feature": 0.8357421159744263, "feature": 1.0075843632221222, "loss_actionness": 0.15159396082162857, "loss_transition": 0.6260027885437012, "loss_boundary": 0.0008663153857924044, "cost": 2.0874834656715393}, "peak_gib": 18.34580135345459}
{"epoch": 25, "successful_updates": 2500, "losses": {"task": 0.43514256179332733, "support_attention": 0.09392737597227097, "support_pre_tia": 0.10594093054533005, "support_post_tia": 0.10754895210266113, "full_task": 0.40217768028378487, "self_feature": 0.7458843886852264, "feature": 0.9025149345397949, "loss_actionness": 0.12181844189763069, "loss_transition": 0.6640800535678864, "loss_boundary": 0.0032845494570210576, "cost": 2.3126479983329773}, "peak_gib": 18.34580135345459}
09/14 14:18:28 - mmengine - WARNING - "FileClient" will be deprecated in future. Please use io functions in https://mmengine.readthedocs.io/en/latest/api/fileio.html#file-io
09/14 14:18:28 - mmengine - WARNING - "FileClient" will be deprecated in future. Please use io functions in https://mmengine.readthedocs.io/en/latest/api/fileio.html#file-io
09/14 14:18:28 - mmengine - WARNING - "HardDiskBackend" is the alias of "LocalBackend" and the former will be deprecated in future.
09/14 14:18:28 - mmengine - WARNING - "HardDiskBackend" is the alias of "LocalBackend" and the former will be deprecated in future.
{"epoch": 26, "successful_updates": 2520, "losses": {"task": 0.3363649249076843, "support_attention": 0.22243750095367432, "support_pre_tia": 0.2434774786233902, "support_post_tia": 0.2456781566143036, "full_task": 0.3242644667625427, "self_feature": 0.6261887401342392, "feature": 0.831559419631958, "loss_actionness": 0.18416211754083633, "loss_transition": 0.626007080078125, "loss_boundary": 3.309033672849182e-05, "cost": 2.146269202232361}, "peak_gib": 18.34580135345459}
{"epoch": 26, "successful_updates": 2540, "losses": {"task": 0.24917686730623245, "support_attention": 0.19641053676605225, "support_pre_tia": 0.20988041907548904, "support_post_tia": 0.21177683770656586, "full_task": 0.198856882750988, "self_feature": 0.8169011771678925, "feature": 0.8996670842170715, "loss_actionness": 0.15423551201820374, "loss_transition": 0.6436594426631927, "loss_boundary": 0.0016799268778413534, "cost": 2.1009061336517334}, "peak_gib": 18.34580135345459}
{"epoch": 26, "successful_updates": 2560, "losses": {"task": 0.49871493875980377, "support_attention": 0.10543645173311234, "support_pre_tia": 0.11484892293810844, "support_post_tia": 0.1163741759955883, "full_task": 0.5004314687103033, "self_feature": 0.7894229292869568, "feature": 0.9664046466350555, "loss_actionness": 0.09129129350185394, "loss_transition": 0.6615889668464661, "loss_boundary": 0.0032267302740365267, "cost": 2.43683785200119}, "peak_gib": 18.34580135345459}
{"epoch": 26, "successful_updates": 2580, "losses": {"task": 0.1412859484553337, "support_attention": 0.20235532522201538, "support_pre_tia": 0.2096579745411873, "support_post_tia": 0.21114642173051834, "full_task": 0.14152158051729202, "self_feature": 0.6781162321567535, "feature": 0.8823634088039398, "loss_actionness": 0.16911650076508522, "loss_transition": 0.5171016454696655, "loss_boundary": 3.0852450436213985e-05, "cost": 1.8341306447982788}, "peak_gib": 18.34580135345459}
{"epoch": 26, "successful_updates": 2600, "losses": {"task": 0.1028539277613163, "support_attention": 0.21653668582439423, "support_pre_tia": 0.23790782690048218, "support_post_tia": 0.23974871635437012, "full_task": 0.09221796691417694, "self_feature": 0.9960190951824188, "feature": 1.1290547847747803, "loss_actionness": 0.12696996331214905, "loss_transition": 0.6571165323257446, "loss_boundary": 0.002987173036672175, "cost": 2.165521562099457}, "peak_gib": 18.34580135345459}
09/14 14:25:18 - mmengine - WARNING - "FileClient" will be deprecated in future. Please use io functions in https://mmengine.readthedocs.io/en/latest/api/fileio.html#file-io
09/14 14:25:18 - mmengine - WARNING - "FileClient" will be deprecated in future. Please use io functions in https://mmengine.readthedocs.io/en/latest/api/fileio.html#file-io
09/14 14:25:18 - mmengine - WARNING - "HardDiskBackend" is the alias of "LocalBackend" and the former will be deprecated in future.
09/14 14:25:18 - mmengine - WARNING - "HardDiskBackend" is the alias of "LocalBackend" and the former will be deprecated in future.
{"epoch": 27, "successful_updates": 2620, "losses": {"task": 0.5122480690479279, "support_attention": 0.09887517988681793, "support_pre_tia": 0.10750197619199753, "support_post_tia": 0.10891696810722351, "full_task": 0.47554735839366913, "self_feature": 0.7648271918296814, "feature": 0.9537203907966614, "loss_actionness": 0.15038206428289413, "loss_transition": 0.6628232896327972, "loss_boundary": 0.0029953329358249903, "cost": 2.4883594512939453}, "peak_gib": 18.34580135345459}
{"epoch": 27, "successful_updates": 2640, "losses": {"task": 0.24580520950257778, "support_attention": 0.18946514278650284, "support_pre_tia": 0.20496974885463715, "support_post_tia": 0.2069125846028328, "full_task": 0.24305090866982937, "self_feature": 0.5275956094264984, "feature": 0.6208248734474182, "loss_actionness": 0.13287964463233948, "loss_transition": 0.6769027709960938, "loss_boundary": 3.085244861722458e-05, "cost": 1.8105596899986267}, "peak_gib": 18.34580135345459}
{"epoch": 27, "successful_updates": 2660, "losses": {"task": 0.9742270708084106, "support_attention": 0.19845206290483475, "support_pre_tia": 0.20820535719394684, "support_post_tia": 0.21028835326433182, "full_task": 0.8072501420974731, "self_feature": 1.0792804956436157, "feature": 1.2628530859947205, "loss_actionness": 0.20509764552116394, "loss_transition": 0.6651050746440887, "loss_boundary": 0.0030940001597627997, "cost": 3.441042184829712}, "peak_gib": 18.34580135345459}
{"epoch": 27, "successful_updates": 2680, "losses": {"task": 0.3143081068992615, "support_attention": 0.09718251973390579, "support_pre_tia": 0.10819375142455101, "support_post_tia": 0.10957624390721321, "full_task": 0.33606530725955963, "self_feature": 0.39501458033919334, "feature": 0.6800935566425323, "loss_actionness": 0.17321192473173141, "loss_transition": 0.6160489618778229, "loss_boundary": 0.0015775446372572333, "cost": 1.919646441936493}, "peak_gib": 18.34580135345459}
{"epoch": 27, "successful_updates": 2700, "losses": {"task": 0.385943166911602, "support_attention": 0.1944461539387703, "support_pre_tia": 0.21175016462802887, "support_post_tia": 0.21398486196994781, "full_task": 0.3588869124650955, "self_feature": 0.4891301393508911, "feature": 0.6987970769405365, "loss_actionness": 0.15760833770036697, "loss_transition": 0.6455042660236359, "loss_boundary": 3.0852450436213985e-05, "cost": 2.04780513048172}, "peak_gib": 18.34580135345459}
09/14 14:32:02 - mmengine - WARNING - "FileClient" will be deprecated in future. Please use io functions in https://mmengine.readthedocs.io/en/latest/api/fileio.html#file-io
09/14 14:32:02 - mmengine - WARNING - "FileClient" will be deprecated in future. Please use io functions in https://mmengine.readthedocs.io/en/latest/api/fileio.html#file-io
09/14 14:32:02 - mmengine - WARNING - "HardDiskBackend" is the alias of "LocalBackend" and the former will be deprecated in future.
09/14 14:32:02 - mmengine - WARNING - "HardDiskBackend" is the alias of "LocalBackend" and the former will be deprecated in future.
{"epoch": 28, "successful_updates": 2720, "losses": {"task": 0.4973227232694626, "support_attention": 0.22533703595399857, "support_pre_tia": 0.24230732768774033, "support_post_tia": 0.24394410103559494, "full_task": 0.5281530022621155, "self_feature": 1.1021215319633484, "feature": 1.253943145275116, "loss_actionness": 0.16492097079753876, "loss_transition": 0.6644458472728729, "loss_boundary": 0.0031463197665289044, "cost": 2.8503419160842896}, "peak_gib": 18.34580135345459}
{"epoch": 28, "successful_updates": 2740, "losses": {"task": 0.09701438993215561, "support_attention": 0.0968393012881279, "support_pre_tia": 0.10614029690623283, "support_post_tia": 0.10780703276395798, "full_task": 0.07807045057415962, "self_feature": 0.5441789925098419, "feature": 0.8586117029190063, "loss_actionness": 0.12704506888985634, "loss_transition": 0.6012864708900452, "loss_boundary": 0.001471166064220597, "cost": 1.770061731338501}, "peak_gib": 18.34580135345459}
{"epoch": 28, "successful_updates": 2760, "losses": {"task": 0.16558776516467333, "support_attention": 0.2040329948067665, "support_pre_tia": 0.22448685765266418, "support_post_tia": 0.22613269835710526, "full_task": 0.1611191052943468, "self_feature": 0.6084682941436768, "feature": 0.8866502642631531, "loss_actionness": 0.12317145988345146, "loss_transition": 0.6514548063278198, "loss_boundary": 3.085245225520339e-05, "cost": 1.950552761554718}, "peak_gib": 18.34580135345459}
{"epoch": 28, "successful_updates": 2780, "losses": {"task": 0.35009066574275494, "support_attention": 0.20019054412841797, "support_pre_tia": 0.20620239526033401, "support_post_tia": 0.2083134949207306, "full_task": 0.31803856417536736, "self_feature": 0.6915508508682251, "feature": 0.8266106247901917, "loss_actionness": 0.17937812954187393, "loss_transition": 0.5910966396331787, "loss_boundary": 0.0016132312921399716, "cost": 2.118179738521576}, "peak_gib": 18.34580135345459}
{"epoch": 28, "successful_updates": 2800, "losses": {"task": 0.2500334903597832, "support_attention": 0.10646703466773033, "support_pre_tia": 0.11522578075528145, "support_post_tia": 0.11688297614455223, "full_task": 0.22787316888570786, "self_feature": 0.9205321669578552, "feature": 1.056021273136139, "loss_actionness": 0.1555711254477501, "loss_transition": 0.6632663607597351, "loss_boundary": 0.0029238671995699406, "cost": 2.2884429693222046}, "peak_gib": 18.34580135345459}
09/14 14:38:47 - mmengine - WARNING - "FileClient" will be deprecated in future. Please use io functions in https://mmengine.readthedocs.io/en/latest/api/fileio.html#file-io
09/14 14:38:47 - mmengine - WARNING - "FileClient" will be deprecated in future. Please use io functions in https://mmengine.readthedocs.io/en/latest/api/fileio.html#file-io
09/14 14:38:47 - mmengine - WARNING - "HardDiskBackend" is the alias of "LocalBackend" and the former will be deprecated in future.
09/14 14:38:47 - mmengine - WARNING - "HardDiskBackend" is the alias of "LocalBackend" and the former will be deprecated in future.
{"epoch": 29, "successful_updates": 2820, "losses": {"task": 0.2890328988432884, "support_attention": 0.20364411175251007, "support_pre_tia": 0.21400436013936996, "support_post_tia": 0.21621491760015488, "full_task": 0.28369397670030594, "self_feature": 0.5209597647190094, "feature": 0.6632876098155975, "loss_actionness": 0.1568334624171257, "loss_transition": 0.6395566463470459, "loss_boundary": 3.0852450436213985e-05, "cost": 1.8932718634605408}, "peak_gib": 18.34580135345459}
{"epoch": 29, "successful_updates": 2840, "losses": {"task": 0.2057281844317913, "support_attention": 0.22130484879016876, "support_pre_tia": 0.24083814769983292, "support_post_tia": 0.24270544946193695, "full_task": 0.1814518989995122, "self_feature": 1.0430653989315033, "feature": 1.2064313888549805, "loss_actionness": 0.13391819596290588, "loss_transition": 0.6433228850364685, "loss_boundary": 0.0014311946142697707, "cost": 2.36467844247818}, "peak_gib": 18.34580135345459}
{"epoch": 29, "successful_updates": 2860, "losses": {"task": 0.7259119749069214, "support_attention": 0.1011873185634613, "support_pre_tia": 0.1104990616440773, "support_post_tia": 0.11194764822721481, "full_task": 0.5792152136564255, "self_feature": 0.7928062975406647, "feature": 0.9561025202274323, "loss_actionness": 0.18951136618852615, "loss_transition": 0.6650654375553131, "loss_boundary": 0.003308454994112253, "cost": 2.7751065492630005}, "peak_gib": 18.34580135345459}
{"epoch": 29, "successful_updates": 2880, "losses": {"task": 0.3147035650908947, "support_attention": 0.2062237337231636, "support_pre_tia": 0.22390210628509521, "support_post_tia": 0.22566011548042297, "full_task": 0.3058677390217781, "self_feature": 0.5799038112163544, "feature": 0.827847957611084, "loss_actionness": 0.1421394757926464, "loss_transition": 0.6591320335865021, "loss_boundary": 3.108492091996595e-05, "cost": 2.100789427757263}, "peak_gib": 18.34580135345459}
{"epoch": 29, "successful_updates": 2900, "losses": {"task": 1.0186001937836409, "support_attention": 0.2104027420282364, "support_pre_tia": 0.2314867004752159, "support_post_tia": 0.23358876258134842, "full_task": 1.0085796415805817, "self_feature": 0.9507572054862976, "feature": 1.0765254199504852, "loss_actionness": 0.1694161221385002, "loss_transition": 0.6622019410133362, "loss_boundary": 0.0030917604453861713, "cost": 3.3003097772598267}, "peak_gib": 18.34580135345459}
09/14 14:45:33 - mmengine - WARNING - "FileClient" will be deprecated in future. Please use io functions in https://mmengine.readthedocs.io/en/latest/api/fileio.html#file-io
09/14 14:45:33 - mmengine - WARNING - "FileClient" will be deprecated in future. Please use io functions in https://mmengine.readthedocs.io/en/latest/api/fileio.html#file-io
09/14 14:45:33 - mmengine - WARNING - "HardDiskBackend" is the alias of "LocalBackend" and the former will be deprecated in future.
09/14 14:45:33 - mmengine - WARNING - "HardDiskBackend" is the alias of "LocalBackend" and the former will be deprecated in future.
{"epoch": 30, "successful_updates": 2920, "losses": {"task": 0.16270364075899124, "support_attention": 0.10580714046955109, "support_pre_tia": 0.11446823552250862, "support_post_tia": 0.11615567654371262, "full_task": 0.1550327017903328, "self_feature": 0.9188888967037201, "feature": 1.065815031528473, "loss_actionness": 0.1642170548439026, "loss_transition": 0.6605151891708374, "loss_boundary": 0.002641514060087502, "cost": 2.1980708837509155}, "peak_gib": 18.34580135345459}
{"epoch": 30, "successful_updates": 2940, "losses": {"task": 0.28261055052280426, "support_attention": 0.21237793564796448, "support_pre_tia": 0.22963763028383255, "support_post_tia": 0.23122485727071762, "full_task": 0.3038731664419174, "self_feature": 0.6614318192005157, "feature": 0.8828374743461609, "loss_actionness": 0.11429160088300705, "loss_transition": 0.6575064063072205, "loss_boundary": 5.603097997664008e-05, "cost": 2.1024566888809204}, "peak_gib": 18.34580135345459}
{"epoch": 30, "successful_updates": 2960, "losses": {"task": 0.41383524611592293, "support_attention": 0.2078668773174286, "support_pre_tia": 0.2265818789601326, "support_post_tia": 0.22822022438049316, "full_task": 0.3940526768565178, "self_feature": 1.0969396829605103, "feature": 1.2430313229560852, "loss_actionness": 0.16782120615243912, "loss_transition": 0.657031774520874, "loss_boundary": 0.0024258923367597163, "cost": 2.715092658996582}, "peak_gib": 18.34580135345459}
{"epoch": 30, "successful_updates": 2980, "losses": {"task": 0.14093095064163208, "support_attention": 0.09688297286629677, "support_pre_tia": 0.10472602397203445, "support_post_tia": 0.10638216137886047, "full_task": 0.18768171966075897, "self_feature": 0.7086555063724518, "feature": 0.8585813343524933, "loss_actionness": 0.15730593726038933, "loss_transition": 0.6431103348731995, "loss_boundary": 0.0017898683727253228, "cost": 1.9300598502159119}, "peak_gib": 18.34580135345459}
{"epoch": 30, "successful_updates": 3000, "losses": {"task": 0.4316369444131851, "support_attention": 0.18608461320400238, "support_pre_tia": 0.19988220185041428, "support_post_tia": 0.2017914205789566, "full_task": 0.412041949108243, "self_feature": 0.48163579404354095, "feature": 0.7325807511806488, "loss_actionness": 0.1232064887881279, "loss_transition": 0.6000951826572418, "loss_boundary": 8.750413144298363e-05, "cost": 2.0588645339012146}, "peak_gib": 18.34580135345459}
09/14 14:52:26 - mmengine - WARNING - "FileClient" will be deprecated in future. Please use io functions in https://mmengine.readthedocs.io/en/latest/api/fileio.html#file-io
09/14 14:52:26 - mmengine - WARNING - "FileClient" will be deprecated in future. Please use io functions in https://mmengine.readthedocs.io/en/latest/api/fileio.html#file-io
09/14 14:52:26 - mmengine - WARNING - "HardDiskBackend" is the alias of "LocalBackend" and the former will be deprecated in future.
09/14 14:52:26 - mmengine - WARNING - "HardDiskBackend" is the alias of "LocalBackend" and the former will be deprecated in future.
{"epoch": 31, "successful_updates": 3020, "losses": {"task": 0.5211102068424225, "support_attention": 0.1997215673327446, "support_pre_tia": 0.22150889039039612, "support_post_tia": 0.2236054390668869, "full_task": 0.4755615144968033, "self_feature": 0.7118770778179169, "feature": 0.8377860486507416, "loss_actionness": 0.10649579390883446, "loss_transition": 0.668377697467804, "loss_boundary": 0.0032887673005461693, "cost": 2.349392294883728}, "peak_gib": 18.34580135345459}
{"epoch": 31, "successful_updates": 3040, "losses": {"task": 0.28934453427791595, "support_attention": 0.09781663864850998, "support_pre_tia": 0.10799795761704445, "support_post_tia": 0.1095888614654541, "full_task": 0.28983933478593826, "self_feature": 0.5453531593084335, "feature": 0.828814685344696, "loss_actionness": 0.1406875103712082, "loss_transition": 0.6140365898609161, "loss_boundary": 0.0017712039698380977, "cost": 2.0125290751457214}, "peak_gib": 18.34580135345459}
{"epoch": 31, "successful_updates": 3060, "losses": {"task": 0.3460562974214554, "support_attention": 0.21004478633403778, "support_pre_tia": 0.2233181670308113, "support_post_tia": 0.2253912389278412, "full_task": 0.3409920334815979, "self_feature": 0.5873148143291473, "feature": 0.8364638686180115, "loss_actionness": 0.14112559705972672, "loss_transition": 0.6631614565849304, "loss_boundary": 3.0852450436213985e-05, "cost": 2.1532530188560486}, "peak_gib": 18.34580135345459}
{"epoch": 31, "successful_updates": 3080, "losses": {"task": 0.15551107376813889, "support_attention": 0.21110833436250687, "support_pre_tia": 0.22897306084632874, "support_post_tia": 0.23103433102369308, "full_task": 0.11967167444527149, "self_feature": 0.964405745267868, "feature": 1.1160600781440735, "loss_actionness": 0.15381696820259094, "loss_transition": 0.6673507690429688, "loss_boundary": 0.0034519995097070932, "cost": 2.2455499172210693}, "peak_gib": 18.34580135345459}
{"epoch": 31, "successful_updates": 3100, "losses": {"task": 0.14468838274478912, "support_attention": 0.09182876721024513, "support_pre_tia": 0.09486028179526329, "support_post_tia": 0.09670021757483482, "full_task": 0.13875789195299149, "self_feature": 0.10087832063436508, "feature": 0.45214927196502686, "loss_actionness": 0.13868050649762154, "loss_transition": 0.4880436658859253, "loss_boundary": 3.0852450436213985e-05, "cost": 1.277948021888733}, "peak_gib": 18.34580135345459}
09/14 14:59:15 - mmengine - WARNING - "FileClient" will be deprecated in future. Please use io functions in https://mmengine.readthedocs.io/en/latest/api/fileio.html#file-io
09/14 14:59:15 - mmengine - WARNING - "FileClient" will be deprecated in future. Please use io functions in https://mmengine.readthedocs.io/en/latest/api/fileio.html#file-io
09/14 14:59:15 - mmengine - WARNING - "HardDiskBackend" is the alias of "LocalBackend" and the former will be deprecated in future.
09/14 14:59:15 - mmengine - WARNING - "HardDiskBackend" is the alias of "LocalBackend" and the former will be deprecated in future.
{"epoch": 32, "successful_updates": 3120, "losses": {"task": 0.07176883053034544, "support_attention": 0.2232232764363289, "support_pre_tia": 0.2479546070098877, "support_post_tia": 0.2498866766691208, "full_task": 0.07046847604215145, "self_feature": 0.6314409673213959, "feature": 0.895133763551712, "loss_actionness": 0.11602700501680374, "loss_transition": 0.6417519450187683, "loss_boundary": 3.085244861722458e-05, "cost": 1.8303656578063965}, "peak_gib": 18.34580135345459}
{"epoch": 32, "successful_updates": 3140, "losses": {"task": 0.14391960948705673, "support_attention": 0.21092809736728668, "support_pre_tia": 0.22552160173654556, "support_post_tia": 0.22746824473142624, "full_task": 0.1446884721517563, "self_feature": 1.0194967687129974, "feature": 1.1168017983436584, "loss_actionness": 0.131617933511734, "loss_transition": 0.6487752795219421, "loss_boundary": 0.0017021522508002818, "cost": 2.20358806848526}, "peak_gib": 18.34580135345459}
{"epoch": 32, "successful_updates": 3160, "losses": {"task": 0.1416642889380455, "support_attention": 0.10231712087988853, "support_pre_tia": 0.10986786335706711, "support_post_tia": 0.11159287020564079, "full_task": 0.12775694578886032, "self_feature": 0.41293030977249146, "feature": 0.6582834720611572, "loss_actionness": 0.12488683685660362, "loss_transition": 0.6181659400463104, "loss_boundary": 0.0011632959667622345, "cost": 1.6284691095352173}, "peak_gib": 18.34580135345459}
{"epoch": 32, "successful_updates": 3180, "losses": {"task": 0.2701691836118698, "support_attention": 0.21670861542224884, "support_pre_tia": 0.23141342401504517, "support_post_tia": 0.23298489302396774, "full_task": 0.25752055644989014, "self_feature": 0.6813042163848877, "feature": 0.8126881420612335, "loss_actionness": 0.1661766618490219, "loss_transition": 0.5395923107862473, "loss_boundary": 3.0852450436213985e-05, "cost": 1.9443876147270203}, "peak_gib": 18.34580135345459}
{"epoch": 32, "successful_updates": 3200, "losses": {"task": 0.16550565510988235, "support_attention": 0.21818560361862183, "support_pre_tia": 0.2437133714556694, "support_post_tia": 0.24534093588590622, "full_task": 0.19505372270941734, "self_feature": 1.0711445212364197, "feature": 1.242617428302765, "loss_actionness": 0.12367375195026398, "loss_transition": 0.6630377471446991, "loss_boundary": 0.0030012803617864847, "cost": 2.3781665563583374}, "peak_gib": 18.34580135345459}
09/14 15:06:06 - mmengine - WARNING - "FileClient" will be deprecated in future. Please use io functions in https://mmengine.readthedocs.io/en/latest/api/fileio.html#file-io
09/14 15:06:06 - mmengine - WARNING - "FileClient" will be deprecated in future. Please use io functions in https://mmengine.readthedocs.io/en/latest/api/fileio.html#file-io
09/14 15:06:06 - mmengine - WARNING - "HardDiskBackend" is the alias of "LocalBackend" and the former will be deprecated in future.
09/14 15:06:06 - mmengine - WARNING - "HardDiskBackend" is the alias of "LocalBackend" and the former will be deprecated in future.
{"epoch": 33, "successful_updates": 3220, "losses": {"task": 0.15483924001455307, "support_attention": 0.10750402882695198, "support_pre_tia": 0.11747745797038078, "support_post_tia": 0.11916859820485115, "full_task": 0.1458243802189827, "self_feature": 0.4682971015572548, "feature": 0.6617737412452698, "loss_actionness": 0.15115346759557724, "loss_transition": 0.5841557383537292, "loss_boundary": 0.0014734859869349748, "cost": 1.6485138535499573}, "peak_gib": 18.34580135345459}
{"epoch": 33, "successful_updates": 3240, "losses": {"task": 0.035845241509377956, "support_attention": 0.20710594207048416, "support_pre_tia": 0.22232338786125183, "support_post_tia": 0.22433066368103027, "full_task": 0.03590729832649231, "self_feature": 0.5466439425945282, "feature": 0.754552036523819, "loss_actionness": 0.12977006286382675, "loss_transition": 0.659590870141983, "loss_boundary": 3.085244679823518e-05, "cost": 1.665763020515442}, "peak_gib": 18.34580135345459}
{"epoch": 33, "successful_updates": 3260, "losses": {"task": 0.073088638484478, "support_attention": 0.20103836804628372, "support_pre_tia": 0.21291401982307434, "support_post_tia": 0.21532556414604187, "full_task": 0.07392280176281929, "self_feature": 0.7070682942867279, "feature": 0.8085448145866394, "loss_actionness": 0.138249009847641, "loss_transition": 0.666890412569046, "loss_boundary": 0.002581346081569791, "cost": 1.799953818321228}, "peak_gib": 18.34580135345459}
{"epoch": 33, "successful_updates": 3280, "losses": {"task": 0.13159004971385002, "support_attention": 0.09221538156270981, "support_pre_tia": 0.09731714800000191, "support_post_tia": 0.09932632371783257, "full_task": 0.14001715183258057, "self_feature": 0.31615402922034264, "feature": 0.5577488094568253, "loss_actionness": 0.1492411270737648, "loss_transition": 0.6310361921787262, "loss_boundary": 0.00153182030771859, "cost": 1.5475998520851135}, "peak_gib": 18.34580135345459}
{"epoch": 33, "successful_updates": 3300, "losses": {"task": 0.4833833649754524, "support_attention": 0.21540426462888718, "support_pre_tia": 0.2287493497133255, "support_post_tia": 0.2308189868927002, "full_task": 0.4570686146616936, "self_feature": 0.5292397439479828, "feature": 0.7527040243148804, "loss_actionness": 0.1509529948234558, "loss_transition": 0.6646657884120941, "loss_boundary": 3.085245407419279e-05, "cost": 2.2419066429138184}, "peak_gib": 18.34580135345459}
09/14 15:12:51 - mmengine - WARNING - "FileClient" will be deprecated in future. Please use io functions in https://mmengine.readthedocs.io/en/latest/api/fileio.html#file-io
09/14 15:12:51 - mmengine - WARNING - "FileClient" will be deprecated in future. Please use io functions in https://mmengine.readthedocs.io/en/latest/api/fileio.html#file-io
09/14 15:12:51 - mmengine - WARNING - "HardDiskBackend" is the alias of "LocalBackend" and the former will be deprecated in future.
09/14 15:12:51 - mmengine - WARNING - "HardDiskBackend" is the alias of "LocalBackend" and the former will be deprecated in future.
{"epoch": 34, "successful_updates": 3320, "losses": {"task": 1.844816267490387, "support_attention": 0.199052132666111, "support_pre_tia": 0.21214205771684647, "support_post_tia": 0.21446435153484344, "full_task": 1.5090308785438538, "self_feature": 1.1294007301330566, "feature": 1.3339728713035583, "loss_actionness": 0.15685111284255981, "loss_transition": 0.6682007908821106, "loss_boundary": 0.0033486508764326572, "cost": 4.518717646598816}, "peak_gib": 18.34580135345459}
{"epoch": 34, "successful_updates": 3340, "losses": {"task": 0.5022792667150497, "support_attention": 0.10464225336909294, "support_pre_tia": 0.1170884519815445, "support_post_tia": 0.11902791261672974, "full_task": 0.5123248100280762, "self_feature": 0.8053737878799438, "feature": 0.9626941084861755, "loss_actionness": 0.13737191259860992, "loss_transition": 0.6662999391555786, "loss_boundary": 0.003048671060241759, "cost": 2.492118239402771}, "peak_gib": 18.34580135345459}
{"epoch": 34, "successful_updates": 3360, "losses": {"task": 0.14434776827692986, "support_attention": 0.2134675458073616, "support_pre_tia": 0.23138590157032013, "support_post_tia": 0.2336028516292572, "full_task": 0.11765915527939796, "self_feature": 0.5219331681728363, "feature": 0.729610800743103, "loss_actionness": 0.1289517730474472, "loss_transition": 0.6113065779209137, "loss_boundary": 7.168249067035504e-05, "cost": 1.7191461324691772}, "peak_gib": 18.34580135345459}
{"epoch": 34, "successful_updates": 3380, "losses": {"task": 0.08700430020689964, "support_attention": 0.20357101410627365, "support_pre_tia": 0.2143007069826126, "support_post_tia": 0.21685876697301865, "full_task": 0.07640751171857119, "self_feature": 0.5139163732528687, "feature": 0.7075025886297226, "loss_actionness": 0.20788037776947021, "loss_transition": 0.5241502821445465, "loss_boundary": 3.085245225520339e-05, "cost": 1.6186199188232422}, "peak_gib": 18.34580135345459}
{"epoch": 34, "successful_updates": 3400, "losses": {"task": 0.41412828862667084, "support_attention": 0.1039227731525898, "support_pre_tia": 0.11699843034148216, "support_post_tia": 0.11886109411716461, "full_task": 0.41497204452753067, "self_feature": 0.7670934200286865, "feature": 0.922398030757904, "loss_actionness": 0.11241905391216278, "loss_transition": 0.6491546332836151, "loss_boundary": 0.0018388049793429673, "cost": 2.2921842336654663}, "peak_gib": 18.34580135345459}
09/14 15:19:39 - mmengine - WARNING - "FileClient" will be deprecated in future. Please use io functions in https://mmengine.readthedocs.io/en/latest/api/fileio.html#file-io
09/14 15:19:39 - mmengine - WARNING - "FileClient" will be deprecated in future. Please use io functions in https://mmengine.readthedocs.io/en/latest/api/fileio.html#file-io
09/14 15:19:39 - mmengine - WARNING - "HardDiskBackend" is the alias of "LocalBackend" and the former will be deprecated in future.
09/14 15:19:39 - mmengine - WARNING - "HardDiskBackend" is the alias of "LocalBackend" and the former will be deprecated in future.
{"epoch": 35, "successful_updates": 3420, "losses": {"task": 0.3393159657716751, "support_attention": 0.2092055231332779, "support_pre_tia": 0.2280295565724373, "support_post_tia": 0.2300039455294609, "full_task": 0.30855393409729004, "self_feature": 0.5457403063774109, "feature": 0.7673952579498291, "loss_actionness": 0.20065685361623764, "loss_transition": 0.6215299665927887, "loss_boundary": 4.163392986811232e-05, "cost": 2.083553910255432}, "peak_gib": 18.346171379089355}
{"epoch": 35, "successful_updates": 3440, "losses": {"task": 0.060739435255527496, "support_attention": 0.18912895023822784, "support_pre_tia": 0.20573946088552475, "support_post_tia": 0.20771223306655884, "full_task": 0.06252903677523136, "self_feature": 0.7852555811405182, "feature": 0.9239446818828583, "loss_actionness": 0.13013170287013054, "loss_transition": 0.6058153808116913, "loss_boundary": 0.001303948958593537, "cost": 1.8367655277252197}, "peak_gib": 18.346171379089355}
{"epoch": 35, "successful_updates": 3460, "losses": {"task": 0.3078214153647423, "support_attention": 0.10607601702213287, "support_pre_tia": 0.1063777282834053, "support_post_tia": 0.1083485595881939, "full_task": 0.28673119097948074, "self_feature": 0.4329340010881424, "feature": 0.558318242430687, "loss_actionness": 0.22715701162815094, "loss_transition": 0.6583794951438904, "loss_boundary": 0.002959387144073844, "cost": 1.880348026752472}, "peak_gib": 18.346171379089355}
{"epoch": 35, "successful_updates": 3480, "losses": {"task": 0.5921174548566341, "support_attention": 0.19879300147294998, "support_pre_tia": 0.2039000540971756, "support_post_tia": 0.20556654781103134, "full_task": 0.6325107179582119, "self_feature": 0.5318453311920166, "feature": 0.6771472096443176, "loss_actionness": 0.23529116809368134, "loss_transition": 0.6219471395015717, "loss_boundary": 0.00016140725529112387, "cost": 2.358449876308441}, "peak_gib": 18.346171379089355}
{"epoch": 35, "successful_updates": 3500, "losses": {"task": 0.6617461442947388, "support_attention": 0.20997141301631927, "support_pre_tia": 0.23402557522058487, "support_post_tia": 0.23527907580137253, "full_task": 0.5803997218608856, "self_feature": 0.8477505445480347, "feature": 0.9965769350528717, "loss_actionness": 0.15239549800753593, "loss_transition": 0.6662164330482483, "loss_boundary": 0.0032844755332916975, "cost": 2.7335596084594727}, "peak_gib": 18.346171379089355}
09/14 15:26:31 - mmengine - WARNING - "FileClient" will be deprecated in future. Please use io functions in https://mmengine.readthedocs.io/en/latest/api/fileio.html#file-io
09/14 15:26:31 - mmengine - WARNING - "FileClient" will be deprecated in future. Please use io functions in https://mmengine.readthedocs.io/en/latest/api/fileio.html#file-io
09/14 15:26:31 - mmengine - WARNING - "HardDiskBackend" is the alias of "LocalBackend" and the former will be deprecated in future.
09/14 15:26:31 - mmengine - WARNING - "HardDiskBackend" is the alias of "LocalBackend" and the former will be deprecated in future.
{"epoch": 36, "successful_updates": 3520, "losses": {"task": 0.5418924540281296, "support_attention": 0.10209573432803154, "support_pre_tia": 0.11026308685541153, "support_post_tia": 0.1121741347014904, "full_task": 0.4491470158100128, "self_feature": 0.7706819772720337, "feature": 0.9468533396720886, "loss_actionness": 0.14672943204641342, "loss_transition": 0.6413222849369049, "loss_boundary": 0.0017539669934194535, "cost": 2.479028284549713}, "peak_gib": 18.346171379089355}
{"epoch": 36, "successful_updates": 3540, "losses": {"task": 0.16263184696435928, "support_attention": 0.21961461752653122, "support_pre_tia": 0.23686899989843369, "support_post_tia": 0.239155575633049, "full_task": 0.16244061291217804, "self_feature": 0.5383292883634567, "feature": 0.8817434906959534, "loss_actionness": 0.15229012817144394, "loss_transition": 0.66873899102211, "loss_boundary": 3.0852450436213985e-05, "cost": 1.9836795926094055}, "peak_gib": 18.346171379089355}
{"epoch": 36, "successful_updates": 3560, "losses": {"task": 0.10086533427238464, "support_attention": 0.22481044381856918, "support_pre_tia": 0.2421237975358963, "support_post_tia": 0.24406176060438156, "full_task": 0.10403349995613098, "self_feature": 0.8095859289169312, "feature": 0.9914893209934235, "loss_actionness": 0.11435297876596451, "loss_transition": 0.6103140115737915, "loss_boundary": 0.0014842702366877347, "cost": 1.9497823119163513}, "peak_gib": 18.346171379089355}
{"epoch": 36, "successful_updates": 3580, "losses": {"task": 0.22879180312156677, "support_attention": 0.10405022278428078, "support_pre_tia": 0.11576961725950241, "support_post_tia": 0.11763675510883331, "full_task": 0.22002700716257095, "self_feature": 0.7140076756477356, "feature": 0.9004838764667511, "loss_actionness": 0.12131485342979431, "loss_transition": 0.6522823870182037, "loss_boundary": 0.0017878652433864772, "cost": 2.042738676071167}, "peak_gib": 18.346171379089355}
{"epoch": 36, "successful_updates": 3600, "losses": {"task": 0.07596715725958347, "support_attention": 0.20618420839309692, "support_pre_tia": 0.22522614151239395, "support_post_tia": 0.22717219591140747, "full_task": 0.07320387102663517, "self_feature": 0.6090168058872223, "feature": 0.8161946833133698, "loss_actionness": 0.12542103976011276, "loss_transition": 0.6438852846622467, "loss_boundary": 4.7719033318571746e-05, "cost": 1.7633383870124817}, "peak_gib": 18.346171379089355}
09/14 15:33:17 - mmengine - WARNING - "FileClient" will be deprecated in future. Please use io functions in https://mmengine.readthedocs.io/en/latest/api/fileio.html#file-io
09/14 15:33:17 - mmengine - WARNING - "FileClient" will be deprecated in future. Please use io functions in https://mmengine.readthedocs.io/en/latest/api/fileio.html#file-io
09/14 15:33:17 - mmengine - WARNING - "HardDiskBackend" is the alias of "LocalBackend" and the former will be deprecated in future.
09/14 15:33:17 - mmengine - WARNING - "HardDiskBackend" is the alias of "LocalBackend" and the former will be deprecated in future.
{"epoch": 37, "successful_updates": 3620, "losses": {"task": 0.5566163435578346, "support_attention": 0.22403686493635178, "support_pre_tia": 0.2445105016231537, "support_post_tia": 0.24617411196231842, "full_task": 0.4571669027209282, "self_feature": 0.884600967168808, "feature": 1.0365817546844482, "loss_actionness": 0.10354788601398468, "loss_transition": 0.5423966348171234, "loss_boundary": 0.0016606422450422542, "cost": 2.4680893421173096}, "peak_gib": 18.346171379089355}
{"epoch": 37, "successful_updates": 3640, "losses": {"task": 0.08368341997265816, "support_attention": 0.0955478586256504, "support_pre_tia": 0.10231786593794823, "support_post_tia": 0.1042163111269474, "full_task": 0.08261697739362717, "self_feature": 0.7160142362117767, "feature": 0.8789858818054199, "loss_actionness": 0.13638483732938766, "loss_transition": 0.6519613862037659, "loss_boundary": 0.0019006518123205751, "cost": 1.855498492717743}, "peak_gib": 18.346171379089355}
{"epoch": 37, "successful_updates": 3660, "losses": {"task": 0.08488775789737701, "support_attention": 0.1879352256655693, "support_pre_tia": 0.2009325549006462, "support_post_tia": 0.20328054577112198, "full_task": 0.07807052135467529, "self_feature": 0.4671091288328171, "feature": 0.6948150098323822, "loss_actionness": 0.09903587400913239, "loss_transition": 0.6552843749523163, "loss_boundary": 3.085244679823518e-05, "cost": 1.6204931139945984}, "peak_gib": 18.346171379089355}
{"epoch": 37, "successful_updates": 3680, "losses": {"task": 0.5982929319143295, "support_attention": 0.20723335444927216, "support_pre_tia": 0.23344659060239792, "support_post_tia": 0.23560594022274017, "full_task": 0.45194579660892487, "self_feature": 0.9143305420875549, "feature": 1.0814176201820374, "loss_actionness": 0.1485404595732689, "loss_transition": 0.6670792996883392, "loss_boundary": 0.003519659396260977, "cost": 2.7267221212387085}, "peak_gib": 18.346171379089355}
{"epoch": 37, "successful_updates": 3700, "losses": {"task": 0.24697060137987137, "support_attention": 0.10073134303092957, "support_pre_tia": 0.10982329770922661, "support_post_tia": 0.11158197373151779, "full_task": 0.2188723385334015, "self_feature": 0.7289886474609375, "feature": 0.8718431293964386, "loss_actionness": 0.12840665876865387, "loss_transition": 0.663036584854126, "loss_boundary": 0.002955581876449287, "cost": 2.05189973115921}, "peak_gib": 18.346171379089355}
09/14 15:40:01 - mmengine - WARNING - "FileClient" will be deprecated in future. Please use io functions in https://mmengine.readthedocs.io/en/latest/api/fileio.html#file-io
09/14 15:40:01 - mmengine - WARNING - "FileClient" will be deprecated in future. Please use io functions in https://mmengine.readthedocs.io/en/latest/api/fileio.html#file-io
09/14 15:40:01 - mmengine - WARNING - "HardDiskBackend" is the alias of "LocalBackend" and the former will be deprecated in future.
09/14 15:40:01 - mmengine - WARNING - "HardDiskBackend" is the alias of "LocalBackend" and the former will be deprecated in future.
{"epoch": 38, "successful_updates": 3720, "losses": {"task": 0.038779813796281815, "support_attention": 0.20477095246315002, "support_pre_tia": 0.2194185107946396, "support_post_tia": 0.22163817286491394, "full_task": 0.04015472251921892, "self_feature": 0.43974579870700836, "feature": 0.6377149075269699, "loss_actionness": 0.16271113604307175, "loss_transition": 0.5851097106933594, "loss_boundary": 3.0852450436213985e-05, "cost": 1.5004125833511353}, "peak_gib": 18.346171379089355}
{"epoch": 38, "successful_updates": 3740, "losses": {"task": 0.7298952788114548, "support_attention": 0.22037912905216217, "support_pre_tia": 0.2397797331213951, "support_post_tia": 0.24192970246076584, "full_task": 0.6491878926753998, "self_feature": 0.9182584583759308, "feature": 1.0835554003715515, "loss_actionness": 0.1412758231163025, "loss_transition": 0.6272572576999664, "loss_boundary": 0.0015753446878079558, "cost": 2.8617674112319946}, "peak_gib": 18.346171379089355}
{"epoch": 38, "successful_updates": 3760, "losses": {"task": 0.08881799876689911, "support_attention": 0.1034136563539505, "support_pre_tia": 0.10877717286348343, "support_post_tia": 0.11079871281981468, "full_task": 0.10786377638578415, "self_feature": 0.8546096980571747, "feature": 1.001026213169098, "loss_actionness": 0.1522582694888115, "loss_transition": 0.6464902460575104, "loss_boundary": 0.002215773449279368, "cost": 2.0142142176628113}, "peak_gib": 18.346171379089355}
{"epoch": 38, "successful_updates": 3780, "losses": {"task": 0.36452028155326843, "support_attention": 0.2039603441953659, "support_pre_tia": 0.22352715581655502, "support_post_tia": 0.22535382956266403, "full_task": 0.35911253094673157, "self_feature": 0.5018586963415146, "feature": 0.685936450958252, "loss_actionness": 0.12091562524437904, "loss_transition": 0.6463786363601685, "loss_boundary": 3.085245225520339e-05, "cost": 1.9801899194717407}, "peak_gib": 18.34664821624756}
{"epoch": 38, "successful_updates": 3800, "losses": {"task": 0.2423476204276085, "support_attention": 0.1854318082332611, "support_pre_tia": 0.20518727600574493, "support_post_tia": 0.20725023746490479, "full_task": 0.21001838520169258, "self_feature": 0.6009390503168106, "feature": 0.7649606764316559, "loss_actionness": 0.20235012471675873, "loss_transition": 0.6521096527576447, "loss_boundary": 0.005057441652752459, "cost": 2.0000458359718323}, "peak_gib": 18.34664821624756}
09/14 15:46:44 - mmengine - WARNING - "FileClient" will be deprecated in future. Please use io functions in https://mmengine.readthedocs.io/en/latest/api/fileio.html#file-io
09/14 15:46:44 - mmengine - WARNING - "FileClient" will be deprecated in future. Please use io functions in https://mmengine.readthedocs.io/en/latest/api/fileio.html#file-io
09/14 15:46:44 - mmengine - WARNING - "HardDiskBackend" is the alias of "LocalBackend" and the former will be deprecated in future.
09/14 15:46:44 - mmengine - WARNING - "HardDiskBackend" is the alias of "LocalBackend" and the former will be deprecated in future.
{"epoch": 39, "successful_updates": 3820, "losses": {"task": 0.6009741201996803, "support_attention": 0.10651276260614395, "support_pre_tia": 0.11550454422831535, "support_post_tia": 0.11732565611600876, "full_task": 0.5237404629588127, "self_feature": 0.9536630511283875, "feature": 1.1832526922225952, "loss_actionness": 0.15924669057130814, "loss_transition": 0.6603988111019135, "loss_boundary": 0.0024442203575745225, "cost": 2.84425950050354}, "peak_gib": 18.34664821624756}
{"epoch": 39, "successful_updates": 3840, "losses": {"task": 0.06934735178947449, "support_attention": 0.19215509295463562, "support_pre_tia": 0.21119865775108337, "support_post_tia": 0.21325208246707916, "full_task": 0.07190495543181896, "self_feature": 0.4589882045984268, "feature": 0.5739321261644363, "loss_actionness": 0.1455942913889885, "loss_transition": 0.6344761252403259, "loss_boundary": 3.085245407419279e-05, "cost": 1.5084784030914307}, "peak_gib": 18.34664821624756}
{"epoch": 39, "successful_updates": 3860, "losses": {"task": 0.17411966621875763, "support_attention": 0.20778314769268036, "support_pre_tia": 0.22612525522708893, "support_post_tia": 0.22843357175588608, "full_task": 0.18143951892852783, "self_feature": 0.7311218976974487, "feature": 0.8444460332393646, "loss_actionness": 0.14964650571346283, "loss_transition": 0.6132629811763763, "loss_boundary": 0.00018406519302516244, "cost": 1.922859251499176}, "peak_gib": 18.34664821624756}
{"epoch": 39, "successful_updates": 3880, "losses": {"task": 1.0414350628852844, "support_attention": 0.09587535634636879, "support_pre_tia": 0.10576676204800606, "support_post_tia": 0.10765759274363518, "full_task": 1.1154043078422546, "self_feature": 0.6978492736816406, "feature": 0.8684841394424438, "loss_actionness": 0.22092772275209427, "loss_transition": 0.6648420095443726, "loss_boundary": 0.0031825548503547907, "cost": 3.1581788063049316}, "peak_gib": 18.34664821624756}
{"epoch": 39, "successful_updates": 3900, "losses": {"task": 0.31152306124567986, "support_attention": 0.2055232897400856, "support_pre_tia": 0.22025418281555176, "support_post_tia": 0.22256381064653397, "full_task": 0.31034811586141586, "self_feature": 0.5242523550987244, "feature": 0.737331211566925, "loss_actionness": 0.14889856055378914, "loss_transition": 0.6420230567455292, "loss_boundary": 3.0852450436213985e-05, "cost": 1.9919598698616028}, "peak_gib": 18.34664821624756}
09/14 15:53:33 - mmengine - WARNING - "FileClient" will be deprecated in future. Please use io functions in https://mmengine.readthedocs.io/en/latest/api/fileio.html#file-io
09/14 15:53:33 - mmengine - WARNING - "FileClient" will be deprecated in future. Please use io functions in https://mmengine.readthedocs.io/en/latest/api/fileio.html#file-io
09/14 15:53:33 - mmengine - WARNING - "HardDiskBackend" is the alias of "LocalBackend" and the former will be deprecated in future.
09/14 15:53:33 - mmengine - WARNING - "HardDiskBackend" is the alias of "LocalBackend" and the former will be deprecated in future.
{"epoch": 40, "successful_updates": 3920, "losses": {"task": 0.5061305165290833, "support_attention": 0.2052285075187683, "support_pre_tia": 0.21596920490264893, "support_post_tia": 0.21780116111040115, "full_task": 0.5110751688480377, "self_feature": 1.0902156233787537, "feature": 1.2741561532020569, "loss_actionness": 0.18495573848485947, "loss_transition": 0.6572034955024719, "loss_boundary": 0.002466958947479725, "cost": 2.883391857147217}, "peak_gib": 18.34664821624756}
{"epoch": 40, "successful_updates": 3940, "losses": {"task": 0.24801599979400635, "support_attention": 0.11343132704496384, "support_pre_tia": 0.12055866047739983, "support_post_tia": 0.12264950200915337, "full_task": 0.23806649446487427, "self_feature": 1.002825528383255, "feature": 1.1677548289299011, "loss_actionness": 0.16736464947462082, "loss_transition": 0.6631875038146973, "loss_boundary": 0.0031047650845721364, "cost": 2.4213873147964478}, "peak_gib": 18.34664821624756}
{"epoch": 40, "successful_updates": 3960, "losses": {"task": 0.4533706307411194, "support_attention": 0.22246773540973663, "support_pre_tia": 0.24512102454900742, "support_post_tia": 0.24740664660930634, "full_task": 0.4378274232149124, "self_feature": 0.5117794871330261, "feature": 0.7703632414340973, "loss_actionness": 0.1363125443458557, "loss_transition": 0.6700946986675262, "loss_boundary": 3.490053677523974e-05, "cost": 2.215437173843384}, "peak_gib": 18.34664821624756}
{"epoch": 40, "successful_updates": 3980, "losses": {"task": 0.5351022109389305, "support_attention": 0.23459041863679886, "support_pre_tia": 0.2561519593000412, "support_post_tia": 0.25826606154441833, "full_task": 0.49509140849113464, "self_feature": 0.9845350384712219, "feature": 1.1115197539329529, "loss_actionness": 0.13206584751605988, "loss_transition": 0.6639955341815948, "loss_boundary": 0.0030422324780374765, "cost": 2.693672776222229}, "peak_gib": 18.34664821624756}
{"epoch": 40, "successful_updates": 4000, "losses": {"task": 0.07109595090150833, "support_attention": 0.10273529961705208, "support_pre_tia": 0.11251239478588104, "support_post_tia": 0.11443484202027321, "full_task": 0.08703137375414371, "self_feature": 0.8721038401126862, "feature": 1.0146756172180176, "loss_actionness": 0.11473355814814568, "loss_transition": 0.6627500653266907, "loss_boundary": 0.00264758022967726, "cost": 1.9862183928489685}, "peak_gib": 18.34664821624756}
validation subset: 211 videos, truncated as 792 windows.
09/14 16:00:21 - mmengine - WARNING - "FileClient" will be deprecated in future. Please use io functions in https://mmengine.readthedocs.io/en/latest/api/fileio.html#file-io
09/14 16:00:21 - mmengine - WARNING - "HardDiskBackend" is the alias of "LocalBackend" and the former will be deprecated in future.
09/14 16:00:21 - mmengine - WARNING - "FileClient" will be deprecated in future. Please use io functions in https://mmengine.readthedocs.io/en/latest/api/fileio.html#file-io
09/14 16:00:21 - mmengine - WARNING - "HardDiskBackend" is the alias of "LocalBackend" and the former will be deprecated in future.
review5485_full_v2_b_seed42 40: 1/792
review5485_full_v2_b_seed42 40: 101/792
review5485_full_v2_b_seed42 40: 201/792
review5485_full_v2_b_seed42 40: 301/792
review5485_full_v2_b_seed42 40: 401/792
review5485_full_v2_b_seed42 40: 501/792
review5485_full_v2_b_seed42 40: 601/792
review5485_full_v2_b_seed42 40: 701/792
{'average_mAP': 0.6805184852925913, 'mAP@0.3': 0.8333617942297149, 'mAP@0.4': 0.788514826449862, 'mAP@0.5': 0.7041755934126712, 'mAP@0.6': 0.6062585901641535, 'mAP@0.7': 0.47028162220655456}
09/14 16:22:02 - mmengine - WARNING - "FileClient" will be deprecated in future. Please use io functions in https://mmengine.readthedocs.io/en/latest/api/fileio.html#file-io
09/14 16:22:02 - mmengine - WARNING - "FileClient" will be deprecated in future. Please use io functions in https://mmengine.readthedocs.io/en/latest/api/fileio.html#file-io
09/14 16:22:02 - mmengine - WARNING - "HardDiskBackend" is the alias of "LocalBackend" and the former will be deprecated in future.
09/14 16:22:02 - mmengine - WARNING - "HardDiskBackend" is the alias of "LocalBackend" and the former will be deprecated in future.
{"epoch": 41, "successful_updates": 4020, "losses": {"task": 0.16660908609628677, "support_attention": 0.21379663795232773, "support_pre_tia": 0.23591209948062897, "support_post_tia": 0.23789899051189423, "full_task": 0.17883101850748062, "self_feature": 0.5026552230119705, "feature": 0.6928508877754211, "loss_actionness": 0.12128452956676483, "loss_transition": 0.6643767058849335, "loss_boundary": 3.0852450436213985e-05, "cost": 1.7638158798217773}, "peak_gib": 18.341818809509277}
{"epoch": 41, "successful_updates": 4040, "losses": {"task": 0.14687494188547134, "support_attention": 0.20477386564016342, "support_pre_tia": 0.212083138525486, "support_post_tia": 0.21411345899105072, "full_task": 0.14901450276374817, "self_feature": 0.6684599071741104, "feature": 0.7903946936130524, "loss_actionness": 0.1768142580986023, "loss_transition": 0.6167185306549072, "loss_boundary": 0.0016014033026294783, "cost": 1.8578133583068848}, "peak_gib": 18.341818809509277}
{"epoch": 41, "successful_updates": 4060, "losses": {"task": 0.2309180423617363, "support_attention": 0.09794329479336739, "support_pre_tia": 0.10685882344841957, "support_post_tia": 0.10862651094794273, "full_task": 0.25558535754680634, "self_feature": 0.6953360289335251, "feature": 0.8511514961719513, "loss_actionness": 0.09776245430111885, "loss_transition": 0.6732789874076843, "loss_boundary": 0.003469217917881906, "cost": 2.000784397125244}, "peak_gib": 18.341818809509277}
{"epoch": 41, "successful_updates": 4080, "losses": {"task": 0.05402725748717785, "support_attention": 0.21441993862390518, "support_pre_tia": 0.2336089313030243, "support_post_tia": 0.23566258698701859, "full_task": 0.054578134790062904, "self_feature": 0.5573191344738007, "feature": 0.7086909413337708, "loss_actionness": 0.1520100235939026, "loss_transition": 0.6219413578510284, "loss_boundary": 3.085244861722458e-05, "cost": 1.6295404434204102}, "peak_gib": 18.341818809509277}
{"epoch": 41, "successful_updates": 4100, "losses": {"task": 0.2559894621372223, "support_attention": 0.21787312626838684, "support_pre_tia": 0.24277471005916595, "support_post_tia": 0.24408498406410217, "full_task": 0.24612470716238022, "self_feature": 0.7250973284244537, "feature": 0.9308704435825348, "loss_actionness": 0.13621336966753006, "loss_transition": 0.6100481748580933, "loss_boundary": 0.0014189079229254276, "cost": 2.092924177646637}, "peak_gib": 18.341818809509277}
09/14 16:28:49 - mmengine - WARNING - "FileClient" will be deprecated in future. Please use io functions in https://mmengine.readthedocs.io/en/latest/api/fileio.html#file-io
09/14 16:28:49 - mmengine - WARNING - "FileClient" will be deprecated in future. Please use io functions in https://mmengine.readthedocs.io/en/latest/api/fileio.html#file-io
09/14 16:28:49 - mmengine - WARNING - "HardDiskBackend" is the alias of "LocalBackend" and the former will be deprecated in future.
09/14 16:28:49 - mmengine - WARNING - "HardDiskBackend" is the alias of "LocalBackend" and the former will be deprecated in future.
{"epoch": 42, "successful_updates": 4120, "losses": {"task": 0.6053155958652496, "support_attention": 0.1135263629257679, "support_pre_tia": 0.1269584447145462, "support_post_tia": 0.1287791021168232, "full_task": 0.6052324995398521, "self_feature": 0.9430817365646362, "feature": 1.11985844373703, "loss_actionness": 0.1316220834851265, "loss_transition": 0.6590358912944794, "loss_boundary": 0.0027433483628556132, "cost": 2.7769784927368164}, "peak_gib": 18.342082500457764}
{"epoch": 42, "successful_updates": 4140, "losses": {"task": 0.05042526125907898, "support_attention": 0.19808680564165115, "support_pre_tia": 0.19891954958438873, "support_post_tia": 0.20141973346471786, "full_task": 0.050998796708881855, "self_feature": 0.5677830427885056, "feature": 0.6729749143123627, "loss_actionness": 0.2152303010225296, "loss_transition": 0.5260046422481537, "loss_boundary": 0.00012876856089860667, "cost": 1.5543089509010315}, "peak_gib": 18.342082500457764}
{"epoch": 42, "successful_updates": 4160, "losses": {"task": 0.22873181104660034, "support_attention": 0.21423639357089996, "support_pre_tia": 0.22833885252475739, "support_post_tia": 0.2303653433918953, "full_task": 0.2282286137342453, "self_feature": 0.7598272562026978, "feature": 0.9265748262405396, "loss_actionness": 0.1797213777899742, "loss_transition": 0.6016084253787994, "loss_boundary": 0.0012164878862677142, "cost": 2.093828022480011}, "peak_gib": 18.34472370147705}
{"epoch": 42, "successful_updates": 4180, "losses": {"task": 0.2818313241004944, "support_attention": 0.1091337502002716, "support_pre_tia": 0.12179605290293694, "support_post_tia": 0.12357636541128159, "full_task": 0.2730155885219574, "self_feature": 0.4859347753226757, "feature": 0.6845485419034958, "loss_actionness": 0.1454242393374443, "loss_transition": 0.6146456301212311, "loss_boundary": 0.0016767378274380462, "cost": 1.8572425246238708}, "peak_gib": 18.34472370147705}
{"epoch": 42, "successful_updates": 4200, "losses": {"task": 0.350614994764328, "support_attention": 0.1904679760336876, "support_pre_tia": 0.20239345729351044, "support_post_tia": 0.20449749380350113, "full_task": 0.36590953916311264, "self_feature": 0.4682648777961731, "feature": 0.6891347467899323, "loss_actionness": 0.12883711978793144, "loss_transition": 0.6590999066829681, "loss_boundary": 3.0852450436213985e-05, "cost": 1.9863658547401428}, "peak_gib": 18.34472370147705}
09/14 16:35:31 - mmengine - WARNING - "FileClient" will be deprecated in future. Please use io functions in https://mmengine.readthedocs.io/en/latest/api/fileio.html#file-io
09/14 16:35:31 - mmengine - WARNING - "FileClient" will be deprecated in future. Please use io functions in https://mmengine.readthedocs.io/en/latest/api/fileio.html#file-io
09/14 16:35:31 - mmengine - WARNING - "HardDiskBackend" is the alias of "LocalBackend" and the former will be deprecated in future.
09/14 16:35:31 - mmengine - WARNING - "HardDiskBackend" is the alias of "LocalBackend" and the former will be deprecated in future.
{"epoch": 43, "successful_updates": 4220, "losses": {"task": 0.31783559918403625, "support_attention": 0.21167775988578796, "support_pre_tia": 0.2297084704041481, "support_post_tia": 0.2316092923283577, "full_task": 0.3167724385857582, "self_feature": 1.0302500128746033, "feature": 1.1745224595069885, "loss_actionness": 0.21029754728078842, "loss_transition": 0.6662053465843201, "loss_boundary": 0.0032784658251330256, "cost": 2.577423334121704}, "peak_gib": 18.34472370147705}
{"epoch": 43, "successful_updates": 4240, "losses": {"task": 0.8705091774463654, "support_attention": 0.09730153530836105, "support_pre_tia": 0.10226912423968315, "support_post_tia": 0.10399133712053299, "full_task": 0.8524556905031204, "self_feature": 0.7433107495307922, "feature": 0.8648035824298859, "loss_actionness": 0.16953030228614807, "loss_transition": 0.6681901514530182, "loss_boundary": 0.0033500298159196973, "cost": 2.8741413354873657}, "peak_gib": 18.34472370147705}
{"epoch": 43, "successful_updates": 4260, "losses": {"task": 0.14384568855166435, "support_attention": 0.20667404681444168, "support_pre_tia": 0.216073177754879, "support_post_tia": 0.21800567209720612, "full_task": 0.13899167999625206, "self_feature": 0.5441703200340271, "feature": 0.6618998050689697, "loss_actionness": 0.18066048622131348, "loss_transition": 0.6410734951496124, "loss_boundary": 3.085244679823518e-05, "cost": 1.7383792400360107}, "peak_gib": 18.34472370147705}
{"epoch": 43, "successful_updates": 4280, "losses": {"task": 0.5084959268569946, "support_attention": 0.20734375715255737, "support_pre_tia": 0.22403953969478607, "support_post_tia": 0.22604446858167648, "full_task": 0.4860728979110718, "self_feature": 0.775467574596405, "feature": 0.9721004664897919, "loss_actionness": 0.2077379897236824, "loss_transition": 0.6299756169319153, "loss_boundary": 0.0016196461219806224, "cost": 2.541498899459839}, "peak_gib": 18.34472370147705}
{"epoch": 43, "successful_updates": 4300, "losses": {"task": 1.1615933626890182, "support_attention": 0.09905727580189705, "support_pre_tia": 0.10951777547597885, "support_post_tia": 0.1119733490049839, "full_task": 1.1935208439826965, "self_feature": 0.745966225862503, "feature": 0.9126766324043274, "loss_actionness": 0.2282050922513008, "loss_transition": 0.6605234742164612, "loss_boundary": 0.002887626294977963, "cost": 3.3499377369880676}, "peak_gib": 18.34472370147705}
09/14 16:42:23 - mmengine - WARNING - "FileClient" will be deprecated in future. Please use io functions in https://mmengine.readthedocs.io/en/latest/api/fileio.html#file-io
09/14 16:42:23 - mmengine - WARNING - "HardDiskBackend" is the alias of "LocalBackend" and the former will be deprecated in future.
09/14 16:42:23 - mmengine - WARNING - "FileClient" will be deprecated in future. Please use io functions in https://mmengine.readthedocs.io/en/latest/api/fileio.html#file-io
09/14 16:42:23 - mmengine - WARNING - "HardDiskBackend" is the alias of "LocalBackend" and the former will be deprecated in future.
{"epoch": 44, "successful_updates": 4320, "losses": {"task": 1.6191323399543762, "support_attention": 0.21177546679973602, "support_pre_tia": 0.22539276629686356, "support_post_tia": 0.22793534398078918, "full_task": 1.5768698453903198, "self_feature": 0.52023746073246, "feature": 0.7530874907970428, "loss_actionness": 0.19414395093917847, "loss_transition": 0.6678771078586578, "loss_boundary": 3.227578963560518e-05, "cost": 3.7031805515289307}, "peak_gib": 18.345673084259033}
{"epoch": 44, "successful_updates": 4340, "losses": {"task": 0.43325425684452057, "support_attention": 0.21114613860845566, "support_pre_tia": 0.23450198024511337, "support_post_tia": 0.23659125715494156, "full_task": 0.39767980575561523, "self_feature": 0.8284284472465515, "feature": 0.9593068957328796, "loss_actionness": 0.12847426533699036, "loss_transition": 0.6299427151679993, "loss_boundary": 0.001354306674329564, "cost": 2.3581498861312866}, "peak_gib": 18.345673084259033}
{"epoch": 44, "successful_updates": 4360, "losses": {"task": 0.2836172617971897, "support_attention": 0.10449591651558876, "support_pre_tia": 0.11362890899181366, "support_post_tia": 0.1155620701611042, "full_task": 0.28886666893959045, "self_feature": 0.4859316237270832, "feature": 0.7452535927295685, "loss_actionness": 0.12601541355252266, "loss_transition": 0.6046988666057587, "loss_boundary": 0.0014581549057766097, "cost": 1.8933125138282776}, "peak_gib": 18.345673084259033}
{"epoch": 44, "successful_updates": 4380, "losses": {"task": 0.21208307147026062, "support_attention": 0.20951230078935623, "support_pre_tia": 0.22009920328855515, "support_post_tia": 0.2223934903740883, "full_task": 0.1998944729566574, "self_feature": 0.49718765914440155, "feature": 0.6774177849292755, "loss_actionness": 0.13884428143501282, "loss_transition": 0.6203929781913757, "loss_boundary": 3.0852450436213985e-05, "cost": 1.7705860137939453}, "peak_gib": 18.345673084259033}
{"epoch": 44, "successful_updates": 4400, "losses": {"task": 0.09534847177565098, "support_attention": 0.21757420152425766, "support_pre_tia": 0.23722748458385468, "support_post_tia": 0.2392689511179924, "full_task": 0.07685518637299538, "self_feature": 0.7441186904907227, "feature": 0.846323162317276, "loss_actionness": 0.10680954903364182, "loss_transition": 0.5774387419223785, "loss_boundary": 0.0014178805595292943, "cost": 1.7447882890701294}, "peak_gib": 18.345673084259033}
09/14 16:49:08 - mmengine - WARNING - "FileClient" will be deprecated in future. Please use io functions in https://mmengine.readthedocs.io/en/latest/api/fileio.html#file-io
09/14 16:49:08 - mmengine - WARNING - "FileClient" will be deprecated in future. Please use io functions in https://mmengine.readthedocs.io/en/latest/api/fileio.html#file-io
09/14 16:49:08 - mmengine - WARNING - "HardDiskBackend" is the alias of "LocalBackend" and the former will be deprecated in future.
09/14 16:49:08 - mmengine - WARNING - "HardDiskBackend" is the alias of "LocalBackend" and the former will be deprecated in future.
{"epoch": 45, "successful_updates": 4420, "losses": {"task": 0.34427782893180847, "support_attention": 0.09939457103610039, "support_pre_tia": 0.10355640202760696, "support_post_tia": 0.10564203187823296, "full_task": 0.26709360629320145, "self_feature": 0.7718165516853333, "feature": 0.9936709105968475, "loss_actionness": 0.13319427892565727, "loss_transition": 0.6386454403400421, "loss_boundary": 0.0018103672919096425, "cost": 2.2660138607025146}, "peak_gib": 18.345673084259033}
{"epoch": 45, "successful_updates": 4440, "losses": {"task": 0.1794324591755867, "support_attention": 0.21732068061828613, "support_pre_tia": 0.23572570085525513, "support_post_tia": 0.23779341578483582, "full_task": 0.1663336344063282, "self_feature": 0.5067890137434006, "feature": 0.6722975373268127, "loss_actionness": 0.12046658247709274, "loss_transition": 0.6561047434806824, "loss_boundary": 3.085244861722458e-05, "cost": 1.7442704439163208}, "peak_gib": 18.345673084259033}
{"epoch": 45, "successful_updates": 4460, "losses": {"task": 0.11559503898024559, "support_attention": 0.22786135226488113, "support_pre_tia": 0.2469291388988495, "support_post_tia": 0.24895145744085312, "full_task": 0.12735481560230255, "self_feature": 0.9635976850986481, "feature": 1.0863658487796783, "loss_actionness": 0.1396605521440506, "loss_transition": 0.6352693438529968, "loss_boundary": 0.0015749438098282553, "cost": 2.131458282470703}, "peak_gib": 18.345673084259033}
{"epoch": 45, "successful_updates": 4480, "losses": {"task": 0.49147099256515503, "support_attention": 0.10764972493052483, "support_pre_tia": 0.12037524208426476, "support_post_tia": 0.12233008071780205, "full_task": 0.34836284816265106, "self_feature": 0.604865625500679, "feature": 0.8083859086036682, "loss_actionness": 0.1121305413544178, "loss_transition": 0.6519895195960999, "loss_boundary": 0.0021910806535743177, "cost": 2.22588050365448}, "peak_gib": 18.345673084259033}
{"epoch": 45, "successful_updates": 4500, "losses": {"task": 0.40899404883384705, "support_attention": 0.20793436467647552, "support_pre_tia": 0.22539296001195908, "support_post_tia": 0.22731130570173264, "full_task": 0.3989107757806778, "self_feature": 0.41790829598903656, "feature": 0.6604177057743073, "loss_actionness": 0.13869287818670273, "loss_transition": 0.6655658483505249, "loss_boundary": 3.085244679823518e-05, "cost": 2.037855088710785}, "peak_gib": 18.345673084259033}
09/14 16:55:54 - mmengine - WARNING - "FileClient" will be deprecated in future. Please use io functions in https://mmengine.readthedocs.io/en/latest/api/fileio.html#file-io
09/14 16:55:54 - mmengine - WARNING - "FileClient" will be deprecated in future. Please use io functions in https://mmengine.readthedocs.io/en/latest/api/fileio.html#file-io
09/14 16:55:54 - mmengine - WARNING - "HardDiskBackend" is the alias of "LocalBackend" and the former will be deprecated in future.
09/14 16:55:54 - mmengine - WARNING - "HardDiskBackend" is the alias of "LocalBackend" and the former will be deprecated in future.
{"epoch": 46, "successful_updates": 4520, "losses": {"task": 0.13870069570839405, "support_attention": 0.2176799327135086, "support_pre_tia": 0.2359582930803299, "support_post_tia": 0.23786216974258423, "full_task": 0.14898305013775826, "self_feature": 0.6516940295696259, "feature": 0.7569544315338135, "loss_actionness": 0.12459663674235344, "loss_transition": 0.5867714583873749, "loss_boundary": 0.0015190316207736032, "cost": 1.7346485257148743}, "peak_gib": 18.345673084259033}
{"epoch": 46, "successful_updates": 4540, "losses": {"task": 0.07218173891305923, "support_attention": 0.09976961836218834, "support_pre_tia": 0.10661160573363304, "support_post_tia": 0.10857512429356575, "full_task": 0.06214716657996178, "self_feature": 0.3813525140285492, "feature": 0.5506328642368317, "loss_actionness": 0.12939537689089775, "loss_transition": 0.6190586686134338, "loss_boundary": 0.000713818400981836, "cost": 1.436413824558258}, "peak_gib": 18.345673084259033}
{"epoch": 46, "successful_updates": 4560, "losses": {"task": 0.08831029757857323, "support_attention": 0.22341107577085495, "support_pre_tia": 0.24901314079761505, "support_post_tia": 0.2512722909450531, "full_task": 0.07700265198945999, "self_feature": 0.5132884830236435, "feature": 0.7071514129638672, "loss_actionness": 0.13375049456954002, "loss_transition": 0.6501123607158661, "loss_boundary": 3.0852450436213985e-05, "cost": 1.674949288368225}, "peak_gib": 18.345673084259033}
{"epoch": 46, "successful_updates": 4580, "losses": {"task": 0.2380145862698555, "support_attention": 0.20788411796092987, "support_pre_tia": 0.23471949249505997, "support_post_tia": 0.2368100881576538, "full_task": 0.19072800874710083, "self_feature": 0.6658212691545486, "feature": 0.8231479227542877, "loss_actionness": 0.11531401053071022, "loss_transition": 0.5729037672281265, "loss_boundary": 0.0012464011397241848, "cost": 1.888467252254486}, "peak_gib": 18.345673084259033}
{"epoch": 46, "successful_updates": 4600, "losses": {"task": 0.3262249529361725, "support_attention": 0.09561293944716454, "support_pre_tia": 0.1001800000667572, "support_post_tia": 0.10195735469460487, "full_task": 0.3429223299026489, "self_feature": 0.3557303473353386, "feature": 0.6123540252447128, "loss_actionness": 0.16274457424879074, "loss_transition": 0.59441739320755, "loss_boundary": 0.00011845416520372964, "cost": 1.8272699117660522}, "peak_gib": 18.345673084259033}
09/14 17:02:32 - mmengine - WARNING - "FileClient" will be deprecated in future. Please use io functions in https://mmengine.readthedocs.io/en/latest/api/fileio.html#file-io
09/14 17:02:32 - mmengine - WARNING - "HardDiskBackend" is the alias of "LocalBackend" and the former will be deprecated in future.
09/14 17:02:32 - mmengine - WARNING - "FileClient" will be deprecated in future. Please use io functions in https://mmengine.readthedocs.io/en/latest/api/fileio.html#file-io
09/14 17:02:32 - mmengine - WARNING - "HardDiskBackend" is the alias of "LocalBackend" and the former will be deprecated in future.
{"epoch": 47, "successful_updates": 4620, "losses": {"task": 0.1330011561512947, "support_attention": 0.22008369863033295, "support_pre_tia": 0.24079831689596176, "support_post_tia": 0.2429487630724907, "full_task": 0.12951269000768661, "self_feature": 0.4928887337446213, "feature": 0.6914255321025848, "loss_actionness": 0.10123268514871597, "loss_transition": 0.6632600724697113, "loss_boundary": 3.085244679823518e-05, "cost": 1.6948047280311584}, "peak_gib": 18.345673084259033}
{"epoch": 47, "successful_updates": 4640, "losses": {"task": 0.22418687492609024, "support_attention": 0.1808972880244255, "support_pre_tia": 0.1809077486395836, "support_post_tia": 0.18308762460947037, "full_task": 0.22052613645792007, "self_feature": 0.5009889602661133, "feature": 0.5941860675811768, "loss_actionness": 0.22505080699920654, "loss_transition": 0.6084146499633789, "loss_boundary": 0.001725404192256974, "cost": 1.7769939303398132}, "peak_gib": 18.345673084259033}
{"epoch": 47, "successful_updates": 4660, "losses": {"task": 0.24588462710380554, "support_attention": 0.10812356695532799, "support_pre_tia": 0.11810138076543808, "support_post_tia": 0.12013653665781021, "full_task": 0.27022784948349, "self_feature": 0.9568906128406525, "feature": 1.1630291044712067, "loss_actionness": 0.17488310858607292, "loss_transition": 0.6620899736881256, "loss_boundary": 0.002906122710555792, "cost": 2.4239507913589478}, "peak_gib": 18.345673084259033}
{"epoch": 47, "successful_updates": 4680, "losses": {"task": 0.8381165862083435, "support_attention": 0.20993637293577194, "support_pre_tia": 0.22693538665771484, "support_post_tia": 0.22917694598436356, "full_task": 0.8037092089653015, "self_feature": 0.5369045734405518, "feature": 0.7789216637611389, "loss_actionness": 0.17813828587532043, "loss_transition": 0.6636267006397247, "loss_boundary": 3.1849564038566314e-05, "cost": 2.736258625984192}, "peak_gib": 18.345673084259033}
{"epoch": 47, "successful_updates": 4700, "losses": {"task": 0.06191655620932579, "support_attention": 0.20588811486959457, "support_pre_tia": 0.23054631054401398, "support_post_tia": 0.23265628516674042, "full_task": 0.07113615795969963, "self_feature": 0.7069694697856903, "feature": 0.8449024558067322, "loss_actionness": 0.12673908472061157, "loss_transition": 0.640096515417099, "loss_boundary": 0.0015484390314668417, "cost": 1.7868441343307495}, "peak_gib": 18.345673084259033}
09/14 17:09:16 - mmengine - WARNING - "FileClient" will be deprecated in future. Please use io functions in https://mmengine.readthedocs.io/en/latest/api/fileio.html#file-io
09/14 17:09:16 - mmengine - WARNING - "FileClient" will be deprecated in future. Please use io functions in https://mmengine.readthedocs.io/en/latest/api/fileio.html#file-io
09/14 17:09:16 - mmengine - WARNING - "HardDiskBackend" is the alias of "LocalBackend" and the former will be deprecated in future.
09/14 17:09:16 - mmengine - WARNING - "HardDiskBackend" is the alias of "LocalBackend" and the former will be deprecated in future.
{"epoch": 48, "successful_updates": 4720, "losses": {"task": 0.12468858063220978, "support_attention": 0.11476203799247742, "support_pre_tia": 0.12347251176834106, "support_post_tia": 0.1254434436559677, "full_task": 0.11832047998905182, "self_feature": 0.7832706570625305, "feature": 0.9258887767791748, "loss_actionness": 0.1954326331615448, "loss_transition": 0.645621120929718, "loss_boundary": 0.0016660935943946242, "cost": 2.0136501789093018}, "peak_gib": 18.345673084259033}
{"epoch": 48, "successful_updates": 4740, "losses": {"task": 0.19472403824329376, "support_attention": 0.2298077791929245, "support_pre_tia": 0.24937083572149277, "support_post_tia": 0.25184378027915955, "full_task": 0.18917183578014374, "self_feature": 0.690022736787796, "feature": 0.9330463111400604, "loss_actionness": 0.11535123735666275, "loss_transition": 0.5373823493719101, "loss_boundary": 3.085244861722458e-05, "cost": 1.9218907356262207}, "peak_gib": 18.345673084259033}
{"epoch": 48, "successful_updates": 4760, "losses": {"task": 0.08527600392699242, "support_attention": 0.21289020776748657, "support_pre_tia": 0.23595590889453888, "support_post_tia": 0.2378651648759842, "full_task": 0.10258961468935013, "self_feature": 0.622221514582634, "feature": 0.7485606968402863, "loss_actionness": 0.13651810586452484, "loss_transition": 0.616892546415329, "loss_boundary": 0.0015109992455109023, "cost": 1.7003190517425537}, "peak_gib": 18.345673084259033}
{"epoch": 48, "successful_updates": 4780, "losses": {"task": 0.158434197306633, "support_attention": 0.10409757122397423, "support_pre_tia": 0.10952358320355415, "support_post_tia": 0.11146886646747589, "full_task": 0.15549790859222412, "self_feature": 0.6719043701887131, "feature": 0.8402380049228668, "loss_actionness": 0.17710866034030914, "loss_transition": 0.6350162625312805, "loss_boundary": 0.0016015906003303826, "cost": 1.9295133352279663}, "peak_gib": 18.345673084259033}
{"epoch": 48, "successful_updates": 4800, "losses": {"task": 0.4087476134300232, "support_attention": 0.19909755140542984, "support_pre_tia": 0.21824562549591064, "support_post_tia": 0.2206370085477829, "full_task": 0.3966146782040596, "self_feature": 0.44776999950408936, "feature": 0.7097928822040558, "loss_actionness": 0.12510953843593597, "loss_transition": 0.6642938852310181, "loss_boundary": 3.0852450436213985e-05, "cost": 2.0738494396209717}, "peak_gib": 18.345673084259033}
09/14 17:15:59 - mmengine - WARNING - "FileClient" will be deprecated in future. Please use io functions in https://mmengine.readthedocs.io/en/latest/api/fileio.html#file-io
09/14 17:15:59 - mmengine - WARNING - "FileClient" will be deprecated in future. Please use io functions in https://mmengine.readthedocs.io/en/latest/api/fileio.html#file-io
09/14 17:15:59 - mmengine - WARNING - "HardDiskBackend" is the alias of "LocalBackend" and the former will be deprecated in future.
09/14 17:15:59 - mmengine - WARNING - "HardDiskBackend" is the alias of "LocalBackend" and the former will be deprecated in future.
{"epoch": 49, "successful_updates": 4820, "losses": {"task": 0.2202823180705309, "support_attention": 0.21898050606250763, "support_pre_tia": 0.24331369996070862, "support_post_tia": 0.2453170046210289, "full_task": 0.18062620237469673, "self_feature": 0.7455846071243286, "feature": 0.8867813646793365, "loss_actionness": 0.11688167601823807, "loss_transition": 0.6317131221294403, "loss_boundary": 0.0010244877921650186, "cost": 2.000829577445984}, "peak_gib": 18.345673084259033}
{"epoch": 49, "successful_updates": 4840, "losses": {"task": 0.06500256806612015, "support_attention": 0.10755709931254387, "support_pre_tia": 0.11385037004947662, "support_post_tia": 0.1161387600004673, "full_task": 0.05381748452782631, "self_feature": 0.4734792560338974, "feature": 0.7408163696527481, "loss_actionness": 0.14301228523254395, "loss_transition": 0.5809398591518402, "loss_boundary": 0.001323954467807198, "cost": 1.6033967733383179}, "peak_gib": 18.345673084259033}
{"epoch": 49, "successful_updates": 4860, "losses": {"task": 0.045070717576891184, "support_attention": 0.22163471579551697, "support_pre_tia": 0.23751816898584366, "support_post_tia": 0.2396390214562416, "full_task": 0.05318436026573181, "self_feature": 0.5415254831314087, "feature": 0.6483781933784485, "loss_actionness": 0.14635568112134933, "loss_transition": 0.5986585915088654, "loss_boundary": 3.0852450436213985e-05, "cost": 1.529800534248352}, "peak_gib": 18.345673084259033}
{"epoch": 49, "successful_updates": 4880, "losses": {"task": 0.21915003657341003, "support_attention": 0.20683779567480087, "support_pre_tia": 0.21977608650922775, "support_post_tia": 0.22203049808740616, "full_task": 0.21081024408340454, "self_feature": 0.7010003477334976, "feature": 0.8576582074165344, "loss_actionness": 0.18796363472938538, "loss_transition": 0.6267589032649994, "loss_boundary": 0.0015706731919635786, "cost": 2.0379943251609802}, "peak_gib": 18.345673084259033}
{"epoch": 49, "successful_updates": 4900, "losses": {"task": 0.08567705005407333, "support_attention": 0.10871472209692001, "support_pre_tia": 0.11837708950042725, "support_post_tia": 0.12052707746624947, "full_task": 0.06239784322679043, "self_feature": 0.9627259969711304, "feature": 1.1581266522407532, "loss_actionness": 0.09948831424117088, "loss_transition": 0.6510027050971985, "loss_boundary": 0.0023205529432743788, "cost": 2.120432496070862}, "peak_gib": 18.345673084259033}
09/14 17:22:39 - mmengine - WARNING - "FileClient" will be deprecated in future. Please use io functions in https://mmengine.readthedocs.io/en/latest/api/fileio.html#file-io
09/14 17:22:39 - mmengine - WARNING - "FileClient" will be deprecated in future. Please use io functions in https://mmengine.readthedocs.io/en/latest/api/fileio.html#file-io
09/14 17:22:39 - mmengine - WARNING - "HardDiskBackend" is the alias of "LocalBackend" and the former will be deprecated in future.
09/14 17:22:39 - mmengine - WARNING - "HardDiskBackend" is the alias of "LocalBackend" and the former will be deprecated in future.
{"epoch": 50, "successful_updates": 4920, "losses": {"task": 0.3845825381577015, "support_attention": 0.21859484165906906, "support_pre_tia": 0.24097944051027298, "support_post_tia": 0.2431732565164566, "full_task": 0.3798151947557926, "self_feature": 0.5477293431758881, "feature": 0.8166349232196808, "loss_actionness": 0.15001067146658897, "loss_transition": 0.6389745473861694, "loss_boundary": 3.0852450436213985e-05, "cost": 2.1641679406166077}, "peak_gib": 18.345673084259033}
{"epoch": 50, "successful_updates": 4940, "losses": {"task": 1.4181329607963562, "support_attention": 0.19836262613534927, "support_pre_tia": 0.21464252471923828, "support_post_tia": 0.21719101816415787, "full_task": 1.343924343585968, "self_feature": 0.9252506196498871, "feature": 1.0798943042755127, "loss_actionness": 0.18196017295122147, "loss_transition": 0.6658598184585571, "loss_boundary": 0.003491015755571425, "cost": 3.7994359731674194}, "peak_gib": 18.345673084259033}
{"epoch": 50, "successful_updates": 4960, "losses": {"task": 0.38759301602840424, "support_attention": 0.10993978753685951, "support_pre_tia": 0.1225879155099392, "support_post_tia": 0.12456926703453064, "full_task": 0.3418234586715698, "self_feature": 0.8317282497882843, "feature": 1.0026424527168274, "loss_actionness": 0.11370641738176346, "loss_transition": 0.6733130812644958, "loss_boundary": 0.0039028944447636604, "cost": 2.362144351005554}, "peak_gib": 18.345673084259033}
{"epoch": 50, "successful_updates": 4980, "losses": {"task": 0.7950276359915733, "support_attention": 0.20100973546504974, "support_pre_tia": 0.21557992696762085, "support_post_tia": 0.21783984452486038, "full_task": 0.7611278966069221, "self_feature": 0.43440675735473633, "feature": 0.6309491693973541, "loss_actionness": 0.15614920854568481, "loss_transition": 0.6540979743003845, "loss_boundary": 0.0002557713523856364, "cost": 2.4918734431266785}, "peak_gib": 18.345673084259033}
{"epoch": 50, "successful_updates": 5000, "losses": {"task": 0.361651286482811, "support_attention": 0.21433168649673462, "support_pre_tia": 0.23543614894151688, "support_post_tia": 0.23704592883586884, "full_task": 0.3769697993993759, "self_feature": 1.0837917923927307, "feature": 1.2323272228240967, "loss_actionness": 0.1473984271287918, "loss_transition": 0.6641432642936707, "loss_boundary": 0.002991680521517992, "cost": 2.6347576379776}, "peak_gib": 18.345673084259033}
09/14 17:29:25 - mmengine - WARNING - "FileClient" will be deprecated in future. Please use io functions in https://mmengine.readthedocs.io/en/latest/api/fileio.html#file-io
09/14 17:29:25 - mmengine - WARNING - "FileClient" will be deprecated in future. Please use io functions in https://mmengine.readthedocs.io/en/latest/api/fileio.html#file-io
09/14 17:29:25 - mmengine - WARNING - "HardDiskBackend" is the alias of "LocalBackend" and the former will be deprecated in future.
09/14 17:29:25 - mmengine - WARNING - "HardDiskBackend" is the alias of "LocalBackend" and the former will be deprecated in future.
{"epoch": 51, "successful_updates": 5020, "losses": {"task": 0.27847855910658836, "support_attention": 0.10614696890115738, "support_pre_tia": 0.11459727212786674, "support_post_tia": 0.1167873665690422, "full_task": 0.2983802743256092, "self_feature": 1.0210618078708649, "feature": 1.2335626482963562, "loss_actionness": 0.16282717138528824, "loss_transition": 0.66376993060112, "loss_boundary": 0.0034867554204538465, "cost": 2.5303955078125}, "peak_gib": 18.345673084259033}
{"epoch": 51, "successful_updates": 5040, "losses": {"task": 0.03827825374901295, "support_attention": 0.19179455935955048, "support_pre_tia": 0.19361218810081482, "support_post_tia": 0.19593697786331177, "full_task": 0.03577534481883049, "self_feature": 0.48245228826999664, "feature": 0.638809472322464, "loss_actionness": 0.24378181993961334, "loss_transition": 0.6280752420425415, "loss_boundary": 3.085245407419279e-05, "cost": 1.62564218044281}, "peak_gib": 18.345673084259033}
{"epoch": 51, "successful_updates": 5060, "losses": {"task": 0.6175514534115791, "support_attention": 0.20991700887680054, "support_pre_tia": 0.22793956845998764, "support_post_tia": 0.23020237684249878, "full_task": 0.58836829662323, "self_feature": 0.8671757876873016, "feature": 0.9916119575500488, "loss_actionness": 0.14673032611608505, "loss_transition": 0.6621618866920471, "loss_boundary": 0.0029705510241910815, "cost": 2.6777429580688477}, "peak_gib": 18.345673084259033}
{"epoch": 51, "successful_updates": 5080, "losses": {"task": 0.47059066593647003, "support_attention": 0.10800179094076157, "support_pre_tia": 0.11932399123907089, "support_post_tia": 0.12148960679769516, "full_task": 0.43119560182094574, "self_feature": 0.9265649616718292, "feature": 1.059684306383133, "loss_actionness": 0.14323841780424118, "loss_transition": 0.6704421043395996, "loss_boundary": 0.003482616157270968, "cost": 2.559934377670288}, "peak_gib": 18.345673084259033}
{"epoch": 51, "successful_updates": 5100, "losses": {"task": 0.06531220208853483, "support_attention": 0.20759296417236328, "support_pre_tia": 0.22626621276140213, "support_post_tia": 0.22859174013137817, "full_task": 0.06668254919350147, "self_feature": 0.49828076362609863, "feature": 0.6981586515903473, "loss_actionness": 0.20434967428445816, "loss_transition": 0.5948237180709839, "loss_boundary": 0.0003250278259656625, "cost": 1.6522108912467957}, "peak_gib": 18.345673084259033}
09/14 17:36:09 - mmengine - WARNING - "FileClient" will be deprecated in future. Please use io functions in https://mmengine.readthedocs.io/en/latest/api/fileio.html#file-io
09/14 17:36:09 - mmengine - WARNING - "FileClient" will be deprecated in future. Please use io functions in https://mmengine.readthedocs.io/en/latest/api/fileio.html#file-io
09/14 17:36:09 - mmengine - WARNING - "HardDiskBackend" is the alias of "LocalBackend" and the former will be deprecated in future.
09/14 17:36:09 - mmengine - WARNING - "HardDiskBackend" is the alias of "LocalBackend" and the former will be deprecated in future.
{"epoch": 52, "successful_updates": 5120, "losses": {"task": 0.49211035668849945, "support_attention": 0.21770890802145004, "support_pre_tia": 0.23724382370710373, "support_post_tia": 0.2393822744488716, "full_task": 0.4206220507621765, "self_feature": 0.9534505605697632, "feature": 1.0914971232414246, "loss_actionness": 0.15690308064222336, "loss_transition": 0.6602636277675629, "loss_boundary": 0.0027592938859015703, "cost": 2.627865433692932}, "peak_gib": 18.345673084259033}
{"epoch": 52, "successful_updates": 5140, "losses": {"task": 0.12201777007430792, "support_attention": 0.10207199677824974, "support_pre_tia": 0.1128949262201786, "support_post_tia": 0.1147620938718319, "full_task": 0.1042832750827074, "self_feature": 0.6525709927082062, "feature": 0.7747408747673035, "loss_actionness": 0.1135430783033371, "loss_transition": 0.6405268907546997, "loss_boundary": 0.0013826062786392868, "cost": 1.7549219131469727}, "peak_gib": 18.345673084259033}
{"epoch": 52, "successful_updates": 5160, "losses": {"task": 0.12001034244894981, "support_attention": 0.22404621541500092, "support_pre_tia": 0.2383865863084793, "support_post_tia": 0.2402641549706459, "full_task": 0.1156843863427639, "self_feature": 0.5592928230762482, "feature": 0.7742491066455841, "loss_actionness": 0.1446625217795372, "loss_transition": 0.6670725643634796, "loss_boundary": 5.3986172133591026e-05, "cost": 1.8148314356803894}, "peak_gib": 18.345673084259033}
{"epoch": 52, "successful_updates": 5180, "losses": {"task": 0.3567374050617218, "support_attention": 0.22806121408939362, "support_pre_tia": 0.2475792020559311, "support_post_tia": 0.24946817010641098, "full_task": 0.2829669564962387, "self_feature": 1.0892348289489746, "feature": 1.2147559523582458, "loss_actionness": 0.15952196717262268, "loss_transition": 0.6586058437824249, "loss_boundary": 0.0028053319547325373, "cost": 2.596944212913513}, "peak_gib": 18.345673084259033}
{"epoch": 52, "successful_updates": 5200, "losses": {"task": 0.6308522261679173, "support_attention": 0.10771079361438751, "support_pre_tia": 0.11781211197376251, "support_post_tia": 0.11973296850919724, "full_task": 0.5916391909122467, "self_feature": 0.5399599485099316, "feature": 0.7907165586948395, "loss_actionness": 0.14831218868494034, "loss_transition": 0.604534775018692, "loss_boundary": 0.0014198116587067489, "cost": 2.389618694782257}, "peak_gib": 18.345673084259033}
09/14 17:42:47 - mmengine - WARNING - "FileClient" will be deprecated in future. Please use io functions in https://mmengine.readthedocs.io/en/latest/api/fileio.html#file-io
09/14 17:42:47 - mmengine - WARNING - "FileClient" will be deprecated in future. Please use io functions in https://mmengine.readthedocs.io/en/latest/api/fileio.html#file-io
09/14 17:42:47 - mmengine - WARNING - "HardDiskBackend" is the alias of "LocalBackend" and the former will be deprecated in future.
09/14 17:42:47 - mmengine - WARNING - "HardDiskBackend" is the alias of "LocalBackend" and the former will be deprecated in future.
{"epoch": 53, "successful_updates": 5220, "losses": {"task": 0.28802429139614105, "support_attention": 0.18872230499982834, "support_pre_tia": 0.199557825922966, "support_post_tia": 0.2019166499376297, "full_task": 0.24699019640684128, "self_feature": 0.4630768597126007, "feature": 0.6437938809394836, "loss_actionness": 0.1285800188779831, "loss_transition": 0.6676543056964874, "loss_boundary": 3.085244679823518e-05, "cost": 1.8562121987342834}, "peak_gib": 18.345673084259033}
{"epoch": 53, "successful_updates": 5240, "losses": {"task": 0.1273564025759697, "support_attention": 0.22375653684139252, "support_pre_tia": 0.24862584471702576, "support_post_tia": 0.25044557452201843, "full_task": 0.08868102356791496, "self_feature": 0.9297288060188293, "feature": 1.0731423795223236, "loss_actionness": 0.09713134169578552, "loss_transition": 0.6394207179546356, "loss_boundary": 0.001847042585723102, "cost": 2.078994631767273}, "peak_gib": 18.345673084259033}
{"epoch": 53, "successful_updates": 5260, "losses": {"task": 0.17188307642936707, "support_attention": 0.0940488763153553, "support_pre_tia": 0.0983426570892334, "support_post_tia": 0.10041855648159981, "full_task": 0.1419430375099182, "self_feature": 0.42081619799137115, "feature": 0.5473163723945618, "loss_actionness": 0.20303301513195038, "loss_transition": 0.6687549650669098, "loss_boundary": 0.0033867780584841967, "cost": 1.6818796396255493}, "peak_gib": 18.345673084259033}
{"epoch": 53, "successful_updates": 5280, "losses": {"task": 0.7452241145074368, "support_attention": 0.2085666060447693, "support_pre_tia": 0.2267666608095169, "support_post_tia": 0.22846006602048874, "full_task": 0.7247622236609459, "self_feature": 0.47610504925251007, "feature": 0.6671870648860931, "loss_actionness": 0.1563340350985527, "loss_transition": 0.5860362350940704, "loss_boundary": 3.0852450436213985e-05, "cost": 2.406374752521515}, "peak_gib": 18.345673084259033}
{"epoch": 53, "successful_updates": 5300, "losses": {"task": 0.06247617304325104, "support_attention": 0.21982061117887497, "support_pre_tia": 0.23863354325294495, "support_post_tia": 0.24082328379154205, "full_task": 0.0422268882393837, "self_feature": 0.9666634202003479, "feature": 1.1090842485427856, "loss_actionness": 0.11833919212222099, "loss_transition": 0.6623756289482117, "loss_boundary": 0.002991438959725201, "cost": 2.086462676525116}, "peak_gib": 18.345673084259033}
09/14 17:49:30 - mmengine - WARNING - "FileClient" will be deprecated in future. Please use io functions in https://mmengine.readthedocs.io/en/latest/api/fileio.html#file-io
09/14 17:49:30 - mmengine - WARNING - "FileClient" will be deprecated in future. Please use io functions in https://mmengine.readthedocs.io/en/latest/api/fileio.html#file-io
09/14 17:49:30 - mmengine - WARNING - "HardDiskBackend" is the alias of "LocalBackend" and the former will be deprecated in future.
09/14 17:49:30 - mmengine - WARNING - "HardDiskBackend" is the alias of "LocalBackend" and the former will be deprecated in future.
{"epoch": 54, "successful_updates": 5320, "losses": {"task": 0.9269596636295319, "support_attention": 0.09746053069829941, "support_pre_tia": 0.1038348525762558, "support_post_tia": 0.10606012493371964, "full_task": 0.808357834815979, "self_feature": 0.8275975584983826, "feature": 1.047596514225006, "loss_actionness": 0.16742870211601257, "loss_transition": 0.6337367296218872, "loss_boundary": 0.0016156394049176015, "cost": 3.0726813077926636}, "peak_gib": 18.345673084259033}
{"epoch": 54, "successful_updates": 5340, "losses": {"task": 0.5254771709442139, "support_attention": 0.21606161445379257, "support_pre_tia": 0.23072917014360428, "support_post_tia": 0.233058899641037, "full_task": 0.5150624662637711, "self_feature": 0.43758344650268555, "feature": 0.6257321387529373, "loss_actionness": 0.1341441050171852, "loss_transition": 0.6672724485397339, "loss_boundary": 3.0852450436213985e-05, "cost": 2.148370087146759}, "peak_gib": 18.345673084259033}
{"epoch": 54, "successful_updates": 5360, "losses": {"task": 0.23349988460540771, "support_attention": 0.2195257470011711, "support_pre_tia": 0.24159836024045944, "support_post_tia": 0.24343769997358322, "full_task": 0.19407717883586884, "self_feature": 1.1073642373085022, "feature": 1.2335132360458374, "loss_actionness": 0.09928732365369797, "loss_transition": 0.6556443572044373, "loss_boundary": 0.002463565964717418, "cost": 2.407915949821472}, "peak_gib": 18.345673084259033}
{"epoch": 54, "successful_updates": 5380, "losses": {"task": 0.35018467903137207, "support_attention": 0.10767959803342819, "support_pre_tia": 0.1150546744465828, "support_post_tia": 0.11714564263820648, "full_task": 0.3134833127260208, "self_feature": 0.9763316810131073, "feature": 1.1556841135025024, "loss_actionness": 0.19408875703811646, "loss_transition": 0.659087598323822, "loss_boundary": 0.0027706236578524113, "cost": 2.549429774284363}, "peak_gib": 18.345673084259033}
{"epoch": 54, "successful_updates": 5400, "losses": {"task": 0.5246376395225525, "support_attention": 0.18090862035751343, "support_pre_tia": 0.19230488687753677, "support_post_tia": 0.19471432268619537, "full_task": 0.4956411272287369, "self_feature": 0.3861251175403595, "feature": 0.5603647381067276, "loss_actionness": 0.22982975840568542, "loss_transition": 0.33612677454948425, "loss_boundary": 1.5426225218106993e-05, "cost": 1.832848072052002}, "peak_gib": 18.345673084259033}
09/14 17:56:19 - mmengine - WARNING - "FileClient" will be deprecated in future. Please use io functions in https://mmengine.readthedocs.io/en/latest/api/fileio.html#file-io
09/14 17:56:19 - mmengine - WARNING - "FileClient" will be deprecated in future. Please use io functions in https://mmengine.readthedocs.io/en/latest/api/fileio.html#file-io
09/14 17:56:19 - mmengine - WARNING - "HardDiskBackend" is the alias of "LocalBackend" and the former will be deprecated in future.
09/14 17:56:19 - mmengine - WARNING - "HardDiskBackend" is the alias of "LocalBackend" and the former will be deprecated in future.
{"epoch": 55, "successful_updates": 5420, "losses": {"task": 0.7604920566082001, "support_attention": 0.2210894227027893, "support_pre_tia": 0.23649156093597412, "support_post_tia": 0.23874810338020325, "full_task": 0.6452536880970001, "self_feature": 0.8201195895671844, "feature": 0.9223462343215942, "loss_actionness": 0.12697722762823105, "loss_transition": 0.6669928431510925, "loss_boundary": 0.0032401352655142546, "cost": 2.747135877609253}, "peak_gib": 18.345673084259033}
{"epoch": 55, "successful_updates": 5440, "losses": {"task": 0.17007187753915787, "support_attention": 0.10989091172814369, "support_pre_tia": 0.11814519762992859, "support_post_tia": 0.120246771723032, "full_task": 0.1684507504105568, "self_feature": 0.7533860206604004, "feature": 0.9004896879196167, "loss_actionness": 0.1514667049050331, "loss_transition": 0.6529390513896942, "loss_boundary": 0.0027698250487446785, "cost": 2.00710791349411}, "peak_gib": 18.345673084259033}
{"epoch": 55, "successful_updates": 5460, "losses": {"task": 0.014710458926856518, "support_attention": 0.20729144662618637, "support_pre_tia": 0.22127489745616913, "support_post_tia": 0.22339467704296112, "full_task": 0.015202014707028866, "self_feature": 0.5020830780267715, "feature": 0.620977595448494, "loss_actionness": 0.15096987411379814, "loss_transition": 0.6619307398796082, "loss_boundary": 3.085244861722458e-05, "cost": 1.5248618125915527}, "peak_gib": 18.345673084259033}
{"epoch": 55, "successful_updates": 5480, "losses": {"task": 0.178738072514534, "support_attention": 0.203158900141716, "support_pre_tia": 0.21621590852737427, "support_post_tia": 0.2181982398033142, "full_task": 0.15778996050357819, "self_feature": 0.8407445251941681, "feature": 0.9566470682621002, "loss_actionness": 0.21004420518875122, "loss_transition": 0.6607861220836639, "loss_boundary": 0.002990095177665353, "cost": 2.1544482111930847}, "peak_gib": 18.345673084259033}
{"epoch": 55, "successful_updates": 5500, "losses": {"task": 0.4592418223619461, "support_attention": 0.09970983117818832, "support_pre_tia": 0.10629251599311829, "support_post_tia": 0.10840459167957306, "full_task": 0.4604506269097328, "self_feature": 0.7690170705318451, "feature": 0.9054043292999268, "loss_actionness": 0.14560087025165558, "loss_transition": 0.6636738181114197, "loss_boundary": 0.002998196752741933, "cost": 2.379668354988098}, "peak_gib": 18.345673084259033}
09/14 18:03:06 - mmengine - WARNING - "FileClient" will be deprecated in future. Please use io functions in https://mmengine.readthedocs.io/en/latest/api/fileio.html#file-io
09/14 18:03:06 - mmengine - WARNING - "FileClient" will be deprecated in future. Please use io functions in https://mmengine.readthedocs.io/en/latest/api/fileio.html#file-io
09/14 18:03:06 - mmengine - WARNING - "HardDiskBackend" is the alias of "LocalBackend" and the former will be deprecated in future.
09/14 18:03:06 - mmengine - WARNING - "HardDiskBackend" is the alias of "LocalBackend" and the former will be deprecated in future.
{"epoch": 56, "successful_updates": 5520, "losses": {"task": 0.18849246948957443, "support_attention": 0.1920095980167389, "support_pre_tia": 0.19842366129159927, "support_post_tia": 0.2007814273238182, "full_task": 0.185128103941679, "self_feature": 0.5132378041744232, "feature": 0.6735513508319855, "loss_actionness": 0.17502044886350632, "loss_transition": 0.6591996252536774, "loss_boundary": 3.121929148619529e-05, "cost": 1.8138611316680908}, "peak_gib": 18.345673084259033}
{"epoch": 56, "successful_updates": 5540, "losses": {"task": 0.08780116215348244, "support_attention": 0.20705166459083557, "support_pre_tia": 0.23071704804897308, "support_post_tia": 0.23269911110401154, "full_task": 0.07651215605437756, "self_feature": 0.5765970647335052, "feature": 0.7230419814586639, "loss_actionness": 0.11659729480743408, "loss_transition": 0.5957829356193542, "loss_boundary": 0.0008045810118346708, "cost": 1.6239864826202393}, "peak_gib": 18.345673084259033}
{"epoch": 56, "successful_updates": 5560, "losses": {"task": 0.7071788012981415, "support_attention": 0.10818830505013466, "support_pre_tia": 0.11943697929382324, "support_post_tia": 0.12159653007984161, "full_task": 0.746682234108448, "self_feature": 0.7640256583690643, "feature": 0.9554437398910522, "loss_actionness": 0.11646904051303864, "loss_transition": 0.6632782816886902, "loss_boundary": 0.0029829732375219464, "cost": 2.7204777002334595}, "peak_gib": 18.345673084259033}
{"epoch": 56, "successful_updates": 5580, "losses": {"task": 0.28334541618824005, "support_attention": 0.2159251645207405, "support_pre_tia": 0.23432765156030655, "support_post_tia": 0.2364068701863289, "full_task": 0.2881256639957428, "self_feature": 0.5145575553178787, "feature": 0.6746869087219238, "loss_actionness": 0.14656707644462585, "loss_transition": 0.6626864969730377, "loss_boundary": 3.0852450436213985e-05, "cost": 1.9143407344818115}, "peak_gib": 18.345673084259033}
{"epoch": 56, "successful_updates": 5600, "losses": {"task": 0.3712936267256737, "support_attention": 0.19179418683052063, "support_pre_tia": 0.2025856003165245, "support_post_tia": 0.20455608516931534, "full_task": 0.36338868364691734, "self_feature": 0.623062863945961, "feature": 0.7601978480815887, "loss_actionness": 0.14869632199406624, "loss_transition": 0.6051963865756989, "loss_boundary": 0.0012021382899547461, "cost": 2.060096859931946}, "peak_gib": 18.345673084259033}
09/14 18:09:49 - mmengine - WARNING - "FileClient" will be deprecated in future. Please use io functions in https://mmengine.readthedocs.io/en/latest/api/fileio.html#file-io
09/14 18:09:49 - mmengine - WARNING - "FileClient" will be deprecated in future. Please use io functions in https://mmengine.readthedocs.io/en/latest/api/fileio.html#file-io
09/14 18:09:49 - mmengine - WARNING - "HardDiskBackend" is the alias of "LocalBackend" and the former will be deprecated in future.
09/14 18:09:49 - mmengine - WARNING - "HardDiskBackend" is the alias of "LocalBackend" and the former will be deprecated in future.
{"epoch": 57, "successful_updates": 5620, "losses": {"task": 0.9009149670600891, "support_attention": 0.10226329416036606, "support_pre_tia": 0.10988929495215416, "support_post_tia": 0.11202056333422661, "full_task": 0.8775413632392883, "self_feature": 0.4864059165120125, "feature": 0.7841722071170807, "loss_actionness": 0.2461174577474594, "loss_transition": 0.6280636787414551, "loss_boundary": 0.001620884317162563, "cost": 2.840010643005371}, "peak_gib": 18.345673084259033}
{"epoch": 57, "successful_updates": 5640, "losses": {"task": 0.10927248746156693, "support_attention": 0.19882462173700333, "support_pre_tia": 0.21305285394191742, "support_post_tia": 0.21527589112520218, "full_task": 0.11492307484149933, "self_feature": 0.501727506518364, "feature": 0.6635785102844238, "loss_actionness": 0.12074987217783928, "loss_transition": 0.6356235444545746, "loss_boundary": 3.085245407419279e-05, "cost": 1.6295751929283142}, "peak_gib": 18.345673084259033}
{"epoch": 57, "successful_updates": 5660, "losses": {"task": 0.7584547698497772, "support_attention": 0.219930961728096, "support_pre_tia": 0.24459048360586166, "support_post_tia": 0.24681779742240906, "full_task": 0.7289930582046509, "self_feature": 0.7915780544281006, "feature": 0.8930140435695648, "loss_actionness": 0.1361217051744461, "loss_transition": 0.6658750474452972, "loss_boundary": 0.00312127114739269, "cost": 2.742563486099243}, "peak_gib": 18.345673084259033}
{"epoch": 57, "successful_updates": 5680, "losses": {"task": 0.1288171149790287, "support_attention": 0.1020776778459549, "support_pre_tia": 0.1069994792342186, "support_post_tia": 0.10905935987830162, "full_task": 0.13986604288220406, "self_feature": 0.4336378276348114, "feature": 0.6472424864768982, "loss_actionness": 0.18008863180875778, "loss_transition": 0.6010572016239166, "loss_boundary": 0.001517167460406199, "cost": 1.6478558778762817}, "peak_gib": 18.345673084259033}
{"epoch": 57, "successful_updates": 5700, "losses": {"task": 0.12306111305952072, "support_attention": 0.22048617899417877, "support_pre_tia": 0.2403452917933464, "support_post_tia": 0.2422219067811966, "full_task": 0.12109212204813957, "self_feature": 0.5527521669864655, "feature": 0.7382763624191284, "loss_actionness": 0.12260092794895172, "loss_transition": 0.6614410281181335, "loss_boundary": 3.0852450436213985e-05, "cost": 1.755086898803711}, "peak_gib": 18.345673084259033}
09/14 18:16:35 - mmengine - WARNING - "FileClient" will be deprecated in future. Please use io functions in https://mmengine.readthedocs.io/en/latest/api/fileio.html#file-io
09/14 18:16:35 - mmengine - WARNING - "FileClient" will be deprecated in future. Please use io functions in https://mmengine.readthedocs.io/en/latest/api/fileio.html#file-io
09/14 18:16:35 - mmengine - WARNING - "HardDiskBackend" is the alias of "LocalBackend" and the former will be deprecated in future.
09/14 18:16:35 - mmengine - WARNING - "HardDiskBackend" is the alias of "LocalBackend" and the former will be deprecated in future.
{"epoch": 58, "successful_updates": 5720, "losses": {"task": 0.04533988609910011, "support_attention": 0.2313324138522148, "support_pre_tia": 0.2506653070449829, "support_post_tia": 0.25292234122753143, "full_task": 0.05545945093035698, "self_feature": 0.8988261222839355, "feature": 1.043829321861267, "loss_actionness": 0.12890930473804474, "loss_transition": 0.6414822936058044, "loss_boundary": 0.0014802490914007649, "cost": 1.9899680018424988}, "peak_gib": 18.345673084259033}
{"epoch": 58, "successful_updates": 5740, "losses": {"task": 0.09445985779166222, "support_attention": 0.09951602295041084, "support_pre_tia": 0.10686588287353516, "support_post_tia": 0.10909580811858177, "full_task": 0.10034534707665443, "self_feature": 0.7796816825866699, "feature": 0.9186631143093109, "loss_actionness": 0.1570819690823555, "loss_transition": 0.6607751250267029, "loss_boundary": 0.0028317845426499844, "cost": 1.947664499282837}, "peak_gib": 18.345673084259033}
{"epoch": 58, "successful_updates": 5760, "losses": {"task": 0.11166377365589142, "support_attention": 0.20807895809412003, "support_pre_tia": 0.22122467309236526, "support_post_tia": 0.22315792739391327, "full_task": 0.11017191410064697, "self_feature": 0.4549296498298645, "feature": 0.5974117815494537, "loss_actionness": 0.15873900055885315, "loss_transition": 0.665381669998169, "loss_boundary": 3.9477636164519936e-05, "cost": 1.6284908652305603}, "peak_gib": 18.345673084259033}
{"epoch": 58, "successful_updates": 5780, "losses": {"task": 0.36861394345760345, "support_attention": 0.21010589599609375, "support_pre_tia": 0.2325446754693985, "support_post_tia": 0.2345638871192932, "full_task": 0.3699483424425125, "self_feature": 0.8814887702465057, "feature": 1.0651852488517761, "loss_actionness": 0.14073969423770905, "loss_transition": 0.6628521084785461, "loss_boundary": 0.0029993830248713493, "cost": 2.4443817138671875}, "peak_gib": 18.345673084259033}
{"epoch": 58, "successful_updates": 5800, "losses": {"task": 0.711172491312027, "support_attention": 0.11951256543397903, "support_pre_tia": 0.13359993696212769, "support_post_tia": 0.1356743723154068, "full_task": 0.8113458454608917, "self_feature": 0.891309916973114, "feature": 1.089030534029007, "loss_actionness": 0.1381349042057991, "loss_transition": 0.6472754180431366, "loss_boundary": 0.0017467872821725905, "cost": 2.8927913904190063}, "peak_gib": 18.345673084259033}
09/14 18:23:21 - mmengine - WARNING - "FileClient" will be deprecated in future. Please use io functions in https://mmengine.readthedocs.io/en/latest/api/fileio.html#file-io
09/14 18:23:21 - mmengine - WARNING - "FileClient" will be deprecated in future. Please use io functions in https://mmengine.readthedocs.io/en/latest/api/fileio.html#file-io
09/14 18:23:21 - mmengine - WARNING - "HardDiskBackend" is the alias of "LocalBackend" and the former will be deprecated in future.
09/14 18:23:21 - mmengine - WARNING - "HardDiskBackend" is the alias of "LocalBackend" and the former will be deprecated in future.
{"epoch": 59, "successful_updates": 5820, "losses": {"task": 0.1449074149131775, "support_attention": 0.20743300020694733, "support_pre_tia": 0.21609072387218475, "support_post_tia": 0.21851351857185364, "full_task": 0.13183056563138962, "self_feature": 0.5246788263320923, "feature": 0.7078040838241577, "loss_actionness": 0.16767048835754395, "loss_transition": 0.6333314180374146, "loss_boundary": 6.475721966126002e-05, "cost": 1.7609339356422424}, "peak_gib": 18.345673084259033}
{"epoch": 59, "successful_updates": 5840, "losses": {"task": 0.3201872184872627, "support_attention": 0.2030414193868637, "support_pre_tia": 0.21585366874933243, "support_post_tia": 0.2180023044347763, "full_task": 0.32098913192749023, "self_feature": 0.7328698337078094, "feature": 0.9110127091407776, "loss_actionness": 0.21403854340314865, "loss_transition": 0.626078724861145, "loss_boundary": 0.0013831288379151374, "cost": 2.2479273080825806}, "peak_gib": 18.345673084259033}
{"epoch": 59, "successful_updates": 5860, "losses": {"task": 0.20481599122285843, "support_attention": 0.11927156895399094, "support_pre_tia": 0.12823937088251114, "support_post_tia": 0.13068857043981552, "full_task": 0.29231756925582886, "self_feature": 0.9263352453708649, "feature": 1.0554301738739014, "loss_actionness": 0.1422504484653473, "loss_transition": 0.6638491749763489, "loss_boundary": 0.003253114758990705, "cost": 2.2482582330703735}, "peak_gib": 18.345673084259033}
{"epoch": 59, "successful_updates": 5880, "losses": {"task": 0.37171971425414085, "support_attention": 0.22182174026966095, "support_pre_tia": 0.24217256158590317, "support_post_tia": 0.2443334087729454, "full_task": 0.32134686410427094, "self_feature": 0.5240308046340942, "feature": 0.7272071540355682, "loss_actionness": 0.15224500745534897, "loss_transition": 0.6581261456012726, "loss_boundary": 3.085244861722458e-05, "cost": 2.0663939118385315}, "peak_gib": 18.345673084259033}
{"epoch": 59, "successful_updates": 5900, "losses": {"task": 0.17497514188289642, "support_attention": 0.21229951083660126, "support_pre_tia": 0.23731478303670883, "support_post_tia": 0.23940324783325195, "full_task": 0.20602766051888466, "self_feature": 0.7258071899414062, "feature": 0.8937048614025116, "loss_actionness": 0.10677539557218552, "loss_transition": 0.5723641365766525, "loss_boundary": 0.001443632096197689, "cost": 1.897186815738678}, "peak_gib": 18.345673084259033}
09/14 18:30:04 - mmengine - WARNING - "FileClient" will be deprecated in future. Please use io functions in https://mmengine.readthedocs.io/en/latest/api/fileio.html#file-io
09/14 18:30:04 - mmengine - WARNING - "FileClient" will be deprecated in future. Please use io functions in https://mmengine.readthedocs.io/en/latest/api/fileio.html#file-io
09/14 18:30:04 - mmengine - WARNING - "HardDiskBackend" is the alias of "LocalBackend" and the former will be deprecated in future.
09/14 18:30:04 - mmengine - WARNING - "HardDiskBackend" is the alias of "LocalBackend" and the former will be deprecated in future.
{"epoch": 60, "successful_updates": 5920, "losses": {"task": 0.08933102339506149, "support_attention": 0.11269635334610939, "support_pre_tia": 0.12550130486488342, "support_post_tia": 0.1276908442378044, "full_task": 0.08427001908421516, "self_feature": 0.7655042409896851, "feature": 0.9421669542789459, "loss_actionness": 0.10802758112549782, "loss_transition": 0.6749780476093292, "loss_boundary": 0.0036803563125431538, "cost": 1.9284615516662598}, "peak_gib": 18.345673084259033}
{"epoch": 60, "successful_updates": 5940, "losses": {"task": 0.12189304083585739, "support_attention": 0.18189288675785065, "support_pre_tia": 0.1886315867304802, "support_post_tia": 0.19065523892641068, "full_task": 0.14651857316493988, "self_feature": 0.41726917028427124, "feature": 0.5320864915847778, "loss_actionness": 0.1276983767747879, "loss_transition": 0.641155868768692, "loss_boundary": 3.085245225520339e-05, "cost": 1.5201855897903442}, "peak_gib": 18.345673084259033}
{"epoch": 60, "successful_updates": 5960, "losses": {"task": 0.2643347308039665, "support_attention": 0.20465786755084991, "support_pre_tia": 0.21776435524225235, "support_post_tia": 0.220198854804039, "full_task": 0.25246088951826096, "self_feature": 0.7625472694635391, "feature": 0.8989447802305222, "loss_actionness": 0.15944940596818924, "loss_transition": 0.5983988344669342, "loss_boundary": 0.0016173533258552197, "cost": 2.084013283252716}, "peak_gib": 18.345673084259033}
{"epoch": 60, "successful_updates": 5980, "losses": {"task": 0.14331986010074615, "support_attention": 0.10852516815066338, "support_pre_tia": 0.11942587047815323, "support_post_tia": 0.12151608616113663, "full_task": 0.11180814728140831, "self_feature": 0.3697010464966297, "feature": 0.6034537106752396, "loss_actionness": 0.14096686244010925, "loss_transition": 0.5639485120773315, "loss_boundary": 0.00014327724056784064, "cost": 1.5288015007972717}, "peak_gib": 18.345673084259033}
{"epoch": 60, "successful_updates": 6000, "losses": {"task": 0.07385983038693666, "support_attention": 0.21820692718029022, "support_pre_tia": 0.2399745211005211, "support_post_tia": 0.2421814277768135, "full_task": 0.07009998243302107, "self_feature": 0.5248016566038132, "feature": 0.6993255615234375, "loss_actionness": 0.12296340614557266, "loss_transition": 0.6642073690891266, "loss_boundary": 3.085244679823518e-05, "cost": 1.6545000076293945}, "peak_gib": 18.345673084259033}
validation subset: 211 videos, truncated as 792 windows.
09/14 18:36:48 - mmengine - WARNING - "FileClient" will be deprecated in future. Please use io functions in https://mmengine.readthedocs.io/en/latest/api/fileio.html#file-io
09/14 18:36:48 - mmengine - WARNING - "FileClient" will be deprecated in future. Please use io functions in https://mmengine.readthedocs.io/en/latest/api/fileio.html#file-io
09/14 18:36:48 - mmengine - WARNING - "HardDiskBackend" is the alias of "LocalBackend" and the former will be deprecated in future.
09/14 18:36:48 - mmengine - WARNING - "HardDiskBackend" is the alias of "LocalBackend" and the former will be deprecated in future.
review5485_full_v2_b_seed42 60: 1/792
review5485_full_v2_b_seed42 60: 101/792
review5485_full_v2_b_seed42 60: 201/792
review5485_full_v2_b_seed42 60: 301/792
review5485_full_v2_b_seed42 60: 401/792
review5485_full_v2_b_seed42 60: 501/792
review5485_full_v2_b_seed42 60: 601/792
review5485_full_v2_b_seed42 60: 701/792
{'average_mAP': 0.6774266811464235, 'mAP@0.3': 0.8323495072194426, 'mAP@0.4': 0.7876849539839298, 'mAP@0.5': 0.7052022722434337, 'mAP@0.6': 0.5947982470692965, 'mAP@0.7': 0.46709842521601486}
09/14 18:58:18 - mmengine - WARNING - "FileClient" will be deprecated in future. Please use io functions in https://mmengine.readthedocs.io/en/latest/api/fileio.html#file-io
09/14 18:58:18 - mmengine - WARNING - "FileClient" will be deprecated in future. Please use io functions in https://mmengine.readthedocs.io/en/latest/api/fileio.html#file-io
09/14 18:58:18 - mmengine - WARNING - "HardDiskBackend" is the alias of "LocalBackend" and the former will be deprecated in future.
09/14 18:58:18 - mmengine - WARNING - "HardDiskBackend" is the alias of "LocalBackend" and the former will be deprecated in future.
{"epoch": 61, "successful_updates": 6020, "losses": {"task": 0.6204882860183716, "support_attention": 0.2128690406680107, "support_pre_tia": 0.22978420555591583, "support_post_tia": 0.23234319686889648, "full_task": 0.5803489089012146, "self_feature": 1.145757257938385, "feature": 1.3144564628601074, "loss_actionness": 0.12405991554260254, "loss_transition": 0.6589386165142059, "loss_boundary": 0.0026673043612390757, "cost": 3.0033798217773438}, "peak_gib": 18.00177001953125}
{"epoch": 61, "successful_updates": 6040, "losses": {"task": 0.24706320278346539, "support_attention": 0.10091636329889297, "support_pre_tia": 0.10978670418262482, "support_post_tia": 0.11199171096086502, "full_task": 0.2725199833512306, "self_feature": 0.7688726186752319, "feature": 0.950781524181366, "loss_actionness": 0.19787150621414185, "loss_transition": 0.6646966338157654, "loss_boundary": 0.0032208029879257083, "cost": 2.21973979473114}, "peak_gib": 18.341654777526855}
{"epoch": 61, "successful_updates": 6060, "losses": {"task": 0.3610111176967621, "support_attention": 0.21125821769237518, "support_pre_tia": 0.232099711894989, "support_post_tia": 0.23436395823955536, "full_task": 0.33781859278678894, "self_feature": 0.4580277353525162, "feature": 0.6691993474960327, "loss_actionness": 0.12795016914606094, "loss_transition": 0.6362685263156891, "loss_boundary": 3.085244861722458e-05, "cost": 1.9480405449867249}, "peak_gib": 18.341654777526855}
{"epoch": 61, "successful_updates": 6080, "losses": {"task": 0.10335943289101124, "support_attention": 0.19932029396295547, "support_pre_tia": 0.20403406023979187, "support_post_tia": 0.2062562331557274, "full_task": 0.10418231785297394, "self_feature": 0.871419757604599, "feature": 0.9976451694965363, "loss_actionness": 0.17263523489236832, "loss_transition": 0.652256578207016, "loss_boundary": 0.0022482636268250644, "cost": 2.0618467330932617}, "peak_gib": 18.341654777526855}
{"epoch": 61, "successful_updates": 6100, "losses": {"task": 0.3259218782186508, "support_attention": 0.11079917103052139, "support_pre_tia": 0.12098053842782974, "support_post_tia": 0.12297037243843079, "full_task": 0.3198029100894928, "self_feature": 0.9988867938518524, "feature": 1.148234486579895, "loss_actionness": 0.12379995733499527, "loss_transition": 0.65814009308815, "loss_boundary": 0.002480132970958948, "cost": 2.4506136178970337}, "peak_gib": 18.3420352935791}
09/14 19:05:00 - mmengine - WARNING - "FileClient" will be deprecated in future. Please use io functions in https://mmengine.readthedocs.io/en/latest/api/fileio.html#file-io
09/14 19:05:00 - mmengine - WARNING - "FileClient" will be deprecated in future. Please use io functions in https://mmengine.readthedocs.io/en/latest/api/fileio.html#file-io
09/14 19:05:00 - mmengine - WARNING - "HardDiskBackend" is the alias of "LocalBackend" and the former will be deprecated in future.
09/14 19:05:00 - mmengine - WARNING - "HardDiskBackend" is the alias of "LocalBackend" and the former will be deprecated in future.
{"epoch": 62, "successful_updates": 6120, "losses": {"task": 1.0953225493431091, "support_attention": 0.18863709270954132, "support_pre_tia": 0.20376969128847122, "support_post_tia": 0.20622126013040543, "full_task": 1.1104305982589722, "self_feature": 0.38855457305908203, "feature": 0.608774334192276, "loss_actionness": 0.16797412186861038, "loss_transition": 0.6642225384712219, "loss_boundary": 3.0852450436213985e-05, "cost": 2.8732869625091553}, "peak_gib": 18.3420352935791}
{"epoch": 62, "successful_updates": 6140, "losses": {"task": 0.2379717081785202, "support_attention": 0.2088780552148819, "support_pre_tia": 0.22601772844791412, "support_post_tia": 0.22828952968120575, "full_task": 0.20613224431872368, "self_feature": 0.7192305624485016, "feature": 0.8434201776981354, "loss_actionness": 0.1822855919599533, "loss_transition": 0.6398665010929108, "loss_boundary": 0.0016676015438861214, "cost": 2.0513830184936523}, "peak_gib": 18.3420352935791}
{"epoch": 62, "successful_updates": 6160, "losses": {"task": 0.4322968143969774, "support_attention": 0.10723106190562248, "support_pre_tia": 0.11717808619141579, "support_post_tia": 0.11935795098543167, "full_task": 0.43091127648949623, "self_feature": 0.8599888980388641, "feature": 1.0172506868839264, "loss_actionness": 0.12113454937934875, "loss_transition": 0.6689927577972412, "loss_boundary": 0.003340194816701114, "cost": 2.44856858253479}, "peak_gib": 18.3420352935791}
{"epoch": 62, "successful_updates": 6180, "losses": {"task": 0.44843607395887375, "support_attention": 0.18821977078914642, "support_pre_tia": 0.20428399741649628, "support_post_tia": 0.20674332976341248, "full_task": 0.4714243561029434, "self_feature": 0.4673934429883957, "feature": 0.6472165286540985, "loss_actionness": 0.12384994328022003, "loss_transition": 0.6116972863674164, "loss_boundary": 5.398617031460162e-05, "cost": 2.0164005160331726}, "peak_gib": 18.342257022857666}
{"epoch": 62, "successful_updates": 6200, "losses": {"task": 0.1881360411643982, "support_attention": 0.24014105647802353, "support_pre_tia": 0.2561942934989929, "support_post_tia": 0.258445680141449, "full_task": 0.19787807762622833, "self_feature": 1.0569506585597992, "feature": 1.157441794872284, "loss_actionness": 0.1628394052386284, "loss_transition": 0.6627824902534485, "loss_boundary": 0.0028571734437718987, "cost": 2.354953646659851}, "peak_gib": 18.342257022857666}
09/14 19:11:46 - mmengine - WARNING - "FileClient" will be deprecated in future. Please use io functions in https://mmengine.readthedocs.io/en/latest/api/fileio.html#file-io
09/14 19:11:46 - mmengine - WARNING - "FileClient" will be deprecated in future. Please use io functions in https://mmengine.readthedocs.io/en/latest/api/fileio.html#file-io
09/14 19:11:46 - mmengine - WARNING - "HardDiskBackend" is the alias of "LocalBackend" and the former will be deprecated in future.
09/14 19:11:46 - mmengine - WARNING - "HardDiskBackend" is the alias of "LocalBackend" and the former will be deprecated in future.
{"epoch": 63, "successful_updates": 6220, "losses": {"task": 0.33518099784851074, "support_attention": 0.11109396070241928, "support_pre_tia": 0.12390698119997978, "support_post_tia": 0.12597719579935074, "full_task": 0.24989206343889236, "self_feature": 0.9457252323627472, "feature": 1.1431583762168884, "loss_actionness": 0.11132622882723808, "loss_transition": 0.6549449563026428, "loss_boundary": 0.002003436617087573, "cost": 2.4161537885665894}, "peak_gib": 18.342257022857666}
{"epoch": 63, "successful_updates": 6240, "losses": {"task": 0.24598030373454094, "support_attention": 0.21409543603658676, "support_pre_tia": 0.23201660066843033, "support_post_tia": 0.23414107412099838, "full_task": 0.24145299941301346, "self_feature": 0.5422216057777405, "feature": 0.6782783567905426, "loss_actionness": 0.10680501535534859, "loss_transition": 0.6450377404689789, "loss_boundary": 3.085244861722458e-05, "cost": 1.8140255808830261}, "peak_gib": 18.345111846923828}
{"epoch": 63, "successful_updates": 6260, "losses": {"task": 0.3069393187761307, "support_attention": 0.20986085385084152, "support_pre_tia": 0.2260318398475647, "support_post_tia": 0.22815071791410446, "full_task": 0.2856473848223686, "self_feature": 0.8179426789283752, "feature": 0.8900173902511597, "loss_actionness": 0.15309270471334457, "loss_transition": 0.6609658896923065, "loss_boundary": 0.00294146582018584, "cost": 2.1898720264434814}, "peak_gib": 18.345111846923828}
{"epoch": 63, "successful_updates": 6280, "losses": {"task": 0.3232811987400055, "support_attention": 0.10101695731282234, "support_pre_tia": 0.1086019016802311, "support_post_tia": 0.11071358248591423, "full_task": 0.31656353175640106, "self_feature": 0.64380744099617, "feature": 0.8236298263072968, "loss_actionness": 0.13774558156728745, "loss_transition": 0.6650170385837555, "loss_boundary": 0.003168205264955759, "cost": 2.107329249382019}, "peak_gib": 18.345111846923828}
{"epoch": 63, "successful_updates": 6300, "losses": {"task": 0.4121934026479721, "support_attention": 0.19997557252645493, "support_pre_tia": 0.20885486900806427, "support_post_tia": 0.2110280841588974, "full_task": 0.39396944642066956, "self_feature": 0.47340038418769836, "feature": 0.6369675695896149, "loss_actionness": 0.2108619660139084, "loss_transition": 0.6641373336315155, "loss_boundary": 3.085245225520339e-05, "cost": 2.0910176038742065}, "peak_gib": 18.345111846923828}
09/14 19:18:32 - mmengine - WARNING - "FileClient" will be deprecated in future. Please use io functions in https://mmengine.readthedocs.io/en/latest/api/fileio.html#file-io
09/14 19:18:32 - mmengine - WARNING - "FileClient" will be deprecated in future. Please use io functions in https://mmengine.readthedocs.io/en/latest/api/fileio.html#file-io
09/14 19:18:32 - mmengine - WARNING - "HardDiskBackend" is the alias of "LocalBackend" and the former will be deprecated in future.
09/14 19:18:32 - mmengine - WARNING - "HardDiskBackend" is the alias of "LocalBackend" and the former will be deprecated in future.
{"epoch": 64, "successful_updates": 6320, "losses": {"task": 0.1317423665896058, "support_attention": 0.2303553968667984, "support_pre_tia": 0.24883945286273956, "support_post_tia": 0.25067877769470215, "full_task": 0.09929629042744637, "self_feature": 0.9728376567363739, "feature": 1.0741286873817444, "loss_actionness": 0.12818700820207596, "loss_transition": 0.637972354888916, "loss_boundary": 0.0017091612389776856, "cost": 2.1208232045173645}, "peak_gib": 18.345111846923828}
{"epoch": 64, "successful_updates": 6340, "losses": {"task": 0.2451111190021038, "support_attention": 0.1078336350619793, "support_pre_tia": 0.11403358727693558, "support_post_tia": 0.1163107380270958, "full_task": 0.29129048250615597, "self_feature": 0.7541173100471497, "feature": 0.8587872087955475, "loss_actionness": 0.14770329743623734, "loss_transition": 0.6665373742580414, "loss_boundary": 0.0032704751938581467, "cost": 2.0811610221862793}, "peak_gib": 18.345111846923828}
{"epoch": 64, "successful_updates": 6360, "losses": {"task": 0.19886904396116734, "support_attention": 0.21955647319555283, "support_pre_tia": 0.2392813265323639, "support_post_tia": 0.24159780889749527, "full_task": 0.22409428283572197, "self_feature": 0.4876001924276352, "feature": 0.5776453465223312, "loss_actionness": 0.14515288174152374, "loss_transition": 0.6104152500629425, "loss_boundary": 3.0852450436213985e-05, "cost": 1.660940945148468}, "peak_gib": 18.345111846923828}
{"epoch": 64, "successful_updates": 6380, "losses": {"task": 0.23391305282711983, "support_attention": 0.2203940972685814, "support_pre_tia": 0.24308721721172333, "support_post_tia": 0.24488943815231323, "full_task": 0.21126525104045868, "self_feature": 1.0106083750724792, "feature": 1.1453587412834167, "loss_actionness": 0.1219521127641201, "loss_transition": 0.6605554521083832, "loss_boundary": 0.0030129250371828675, "cost": 2.343068242073059}, "peak_gib": 18.345111846923828}
{"epoch": 64, "successful_updates": 6400, "losses": {"task": 0.3452073559165001, "support_attention": 0.10677262023091316, "support_pre_tia": 0.11573834717273712, "support_post_tia": 0.11777003854513168, "full_task": 0.35566358268260956, "self_feature": 0.7721798717975616, "feature": 0.8924934566020966, "loss_actionness": 0.154616080224514, "loss_transition": 0.6645025610923767, "loss_boundary": 0.0031521640485152602, "cost": 2.2377809286117554}, "peak_gib": 18.345111846923828}
09/14 19:25:13 - mmengine - WARNING - "FileClient" will be deprecated in future. Please use io functions in https://mmengine.readthedocs.io/en/latest/api/fileio.html#file-io
09/14 19:25:13 - mmengine - WARNING - "FileClient" will be deprecated in future. Please use io functions in https://mmengine.readthedocs.io/en/latest/api/fileio.html#file-io
09/14 19:25:13 - mmengine - WARNING - "HardDiskBackend" is the alias of "LocalBackend" and the former will be deprecated in future.
09/14 19:25:13 - mmengine - WARNING - "HardDiskBackend" is the alias of "LocalBackend" and the former will be deprecated in future.
{"epoch": 65, "successful_updates": 6420, "losses": {"task": 0.21022917330265045, "support_attention": 0.21350760012865067, "support_pre_tia": 0.22319839149713516, "support_post_tia": 0.22544746100902557, "full_task": 0.16169636696577072, "self_feature": 0.4748726636171341, "feature": 0.7234910428524017, "loss_actionness": 0.13208145275712013, "loss_transition": 0.5768325477838516, "loss_boundary": 3.0852450436213985e-05, "cost": 1.7530087232589722}, "peak_gib": 18.345111846923828}
{"epoch": 65, "successful_updates": 6440, "losses": {"task": 0.07688939571380615, "support_attention": 0.22514839470386505, "support_pre_tia": 0.2502574548125267, "support_post_tia": 0.25226153433322906, "full_task": 0.08086590096354485, "self_feature": 0.7405085563659668, "feature": 0.8613187968730927, "loss_actionness": 0.12710490450263023, "loss_transition": 0.6103249788284302, "loss_boundary": 0.0015169385897024767, "cost": 1.796548306941986}, "peak_gib": 18.345111846923828}
{"epoch": 65, "successful_updates": 6460, "losses": {"task": 0.3766913563013077, "support_attention": 0.10698512941598892, "support_pre_tia": 0.1189592145383358, "support_post_tia": 0.12137114629149437, "full_task": 0.3447866514325142, "self_feature": 0.34656233340501785, "feature": 0.5203132480382919, "loss_actionness": 0.14886944741010666, "loss_transition": 0.6112536191940308, "loss_boundary": 0.0015992729786376003, "cost": 1.7915963530540466}, "peak_gib": 18.345111846923828}
{"epoch": 65, "successful_updates": 6480, "losses": {"task": 0.10094718635082245, "support_attention": 0.19781900942325592, "support_pre_tia": 0.21510659903287888, "support_post_tia": 0.21720927208662033, "full_task": 0.1031559519469738, "self_feature": 0.5256980657577515, "feature": 0.6987359672784805, "loss_actionness": 0.12790453433990479, "loss_transition": 0.48636676371097565, "loss_boundary": 3.0852450436213985e-05, "cost": 1.5139598846435547}, "peak_gib": 18.345111846923828}
{"epoch": 65, "successful_updates": 6500, "losses": {"task": 0.13459618389606476, "support_attention": 0.20610485970973969, "support_pre_tia": 0.22233401238918304, "support_post_tia": 0.22463629394769669, "full_task": 0.1173095777630806, "self_feature": 0.5905923843383789, "feature": 0.7313549816608429, "loss_actionness": 0.1395467147231102, "loss_transition": 0.5737699568271637, "loss_boundary": 5.4844536862219684e-05, "cost": 1.6900578737258911}, "peak_gib": 18.345111846923828}
09/14 19:32:00 - mmengine - WARNING - "FileClient" will be deprecated in future. Please use io functions in https://mmengine.readthedocs.io/en/latest/api/fileio.html#file-io
09/14 19:32:00 - mmengine - WARNING - "HardDiskBackend" is the alias of "LocalBackend" and the former will be deprecated in future.
09/14 19:32:00 - mmengine - WARNING - "FileClient" will be deprecated in future. Please use io functions in https://mmengine.readthedocs.io/en/latest/api/fileio.html#file-io
09/14 19:32:00 - mmengine - WARNING - "HardDiskBackend" is the alias of "LocalBackend" and the former will be deprecated in future.
{"epoch": 66, "successful_updates": 6520, "losses": {"task": 0.6290979087352753, "support_attention": 0.10853230953216553, "support_pre_tia": 0.12103116512298584, "support_post_tia": 0.12310183048248291, "full_task": 0.5569236278533936, "self_feature": 0.845716804265976, "feature": 1.0160740315914154, "loss_actionness": 0.1080113872885704, "loss_transition": 0.6599513292312622, "loss_boundary": 0.002908827387727797, "cost": 2.652052640914917}, "peak_gib": 18.345111846923828}
{"epoch": 66, "successful_updates": 6540, "losses": {"task": 0.22763974592089653, "support_attention": 0.20392156392335892, "support_pre_tia": 0.22582361847162247, "support_post_tia": 0.2275635153055191, "full_task": 0.20640774071216583, "self_feature": 0.47495532035827637, "feature": 0.6280014216899872, "loss_actionness": 0.11408012360334396, "loss_transition": 0.6547648012638092, "loss_boundary": 0.0001262670884898398, "cost": 1.7463791370391846}, "peak_gib": 18.346198081970215}
{"epoch": 66, "successful_updates": 6560, "losses": {"task": 0.20200400054454803, "support_attention": 0.21926919370889664, "support_pre_tia": 0.24292917549610138, "support_post_tia": 0.2450265809893608, "full_task": 0.19218210875988007, "self_feature": 0.9384341537952423, "feature": 1.0820306837558746, "loss_actionness": 0.14168087393045425, "loss_transition": 0.6606152653694153, "loss_boundary": 0.002729148371145129, "cost": 2.255346655845642}, "peak_gib": 18.346198081970215}
{"epoch": 66, "successful_updates": 6580, "losses": {"task": 0.17835655808448792, "support_attention": 0.11041321605443954, "support_pre_tia": 0.12195694446563721, "support_post_tia": 0.1241433247923851, "full_task": 0.17750262469053268, "self_feature": 0.394247367978096, "feature": 0.7030763924121857, "loss_actionness": 0.09796620905399323, "loss_transition": 0.5397021025419235, "loss_boundary": 0.0014319008059828775, "cost": 1.6166385412216187}, "peak_gib": 18.346198081970215}
{"epoch": 66, "successful_updates": 6600, "losses": {"task": 0.9122956842184067, "support_attention": 0.19421909749507904, "support_pre_tia": 0.20848727226257324, "support_post_tia": 0.21112270653247833, "full_task": 0.8496965616941452, "self_feature": 0.4350166767835617, "feature": 0.6447311341762543, "loss_actionness": 0.19449657946825027, "loss_transition": 0.65586718916893, "loss_boundary": 3.085244861722458e-05, "cost": 2.6843276023864746}, "peak_gib": 18.346198081970215}
09/14 19:38:47 - mmengine - WARNING - "FileClient" will be deprecated in future. Please use io functions in https://mmengine.readthedocs.io/en/latest/api/fileio.html#file-io
09/14 19:38:47 - mmengine - WARNING - "FileClient" will be deprecated in future. Please use io functions in https://mmengine.readthedocs.io/en/latest/api/fileio.html#file-io
09/14 19:38:47 - mmengine - WARNING - "HardDiskBackend" is the alias of "LocalBackend" and the former will be deprecated in future.
09/14 19:38:47 - mmengine - WARNING - "HardDiskBackend" is the alias of "LocalBackend" and the former will be deprecated in future.
{"epoch": 67, "successful_updates": 6620, "losses": {"task": 0.31586886942386627, "support_attention": 0.21804023534059525, "support_pre_tia": 0.22330976277589798, "support_post_tia": 0.22513075172901154, "full_task": 0.27677813172340393, "self_feature": 1.0740785598754883, "feature": 1.1546038389205933, "loss_actionness": 0.21962689608335495, "loss_transition": 0.6629616320133209, "loss_boundary": 0.00306234962772578, "cost": 2.5551480054855347}, "peak_gib": 18.346198081970215}
{"epoch": 67, "successful_updates": 6640, "losses": {"task": 0.08447946421802044, "support_attention": 0.11537617817521095, "support_pre_tia": 0.1257317066192627, "support_post_tia": 0.12799986824393272, "full_task": 0.08086905535310507, "self_feature": 0.5594145655632019, "feature": 0.7769334316253662, "loss_actionness": 0.11869939789175987, "loss_transition": 0.6165986359119415, "loss_boundary": 0.0014608337387471693, "cost": 1.687017023563385}, "peak_gib": 18.346198081970215}
{"epoch": 67, "successful_updates": 6660, "losses": {"task": 0.6384237408638, "support_attention": 0.2132321521639824, "support_pre_tia": 0.23592661321163177, "support_post_tia": 0.23820168524980545, "full_task": 0.6267314851284027, "self_feature": 0.5128095597028732, "feature": 0.7009835839271545, "loss_actionness": 0.17017176374793053, "loss_transition": 0.6589712500572205, "loss_boundary": 3.520141399349086e-05, "cost": 2.400255799293518}, "peak_gib": 18.346198081970215}
{"epoch": 67, "successful_updates": 6680, "losses": {"task": 0.05048935301601887, "support_attention": 0.21346890181303024, "support_pre_tia": 0.22521503269672394, "support_post_tia": 0.2271803915500641, "full_task": 0.04007960297167301, "self_feature": 0.6374709010124207, "feature": 0.7575598061084747, "loss_actionness": 0.14142049849033356, "loss_transition": 0.5736797451972961, "loss_boundary": 7.719985296716914e-05, "cost": 1.6196133494377136}, "peak_gib": 18.346198081970215}
{"epoch": 67, "successful_updates": 6700, "losses": {"task": 0.060441531240940094, "support_attention": 0.10721412673592567, "support_pre_tia": 0.10874365270137787, "support_post_tia": 0.11105899512767792, "full_task": 0.062492236495018005, "self_feature": 0.2081751674413681, "feature": 0.4129333794116974, "loss_actionness": 0.19399990141391754, "loss_transition": 0.6069357395172119, "loss_boundary": 0.001868004008429125, "cost": 1.3236092329025269}, "peak_gib": 18.346198081970215}
09/14 19:45:33 - mmengine - WARNING - "FileClient" will be deprecated in future. Please use io functions in https://mmengine.readthedocs.io/en/latest/api/fileio.html#file-io
09/14 19:45:33 - mmengine - WARNING - "FileClient" will be deprecated in future. Please use io functions in https://mmengine.readthedocs.io/en/latest/api/fileio.html#file-io
09/14 19:45:33 - mmengine - WARNING - "HardDiskBackend" is the alias of "LocalBackend" and the former will be deprecated in future.
09/14 19:45:33 - mmengine - WARNING - "HardDiskBackend" is the alias of "LocalBackend" and the former will be deprecated in future.
{"epoch": 68, "successful_updates": 6720, "losses": {"task": 1.0420274585485458, "support_attention": 0.1952032670378685, "support_pre_tia": 0.1971345841884613, "support_post_tia": 0.19900347292423248, "full_task": 0.9827752113342285, "self_feature": 0.5510499775409698, "feature": 0.7106994986534119, "loss_actionness": 0.21987658739089966, "loss_transition": 0.6258331835269928, "loss_boundary": 3.373681283846963e-05, "cost": 2.919076383113861}, "peak_gib": 18.346198081970215}
{"epoch": 68, "successful_updates": 6740, "losses": {"task": 0.23297584801912308, "support_attention": 0.2079201191663742, "support_pre_tia": 0.22447048872709274, "support_post_tia": 0.2267010733485222, "full_task": 0.22278400510549545, "self_feature": 0.8647283613681793, "feature": 0.9784400761127472, "loss_actionness": 0.12377101182937622, "loss_transition": 0.658228188753128, "loss_boundary": 0.0027211891720071435, "cost": 2.160863697528839}, "peak_gib": 18.346198081970215}
{"epoch": 68, "successful_updates": 6760, "losses": {"task": 0.29940589517354965, "support_attention": 0.10225410014390945, "support_pre_tia": 0.11054451391100883, "support_post_tia": 0.11286809295415878, "full_task": 0.3248925805091858, "self_feature": 0.7130648493766785, "feature": 0.8162520527839661, "loss_actionness": 0.1823723241686821, "loss_transition": 0.6597491502761841, "loss_boundary": 0.0026433358434587717, "cost": 2.1241230964660645}, "peak_gib": 18.346198081970215}
{"epoch": 68, "successful_updates": 6780, "losses": {"task": 0.5686606131494045, "support_attention": 0.20055492967367172, "support_pre_tia": 0.21393484622240067, "support_post_tia": 0.21592789143323898, "full_task": 0.5471551232039928, "self_feature": 0.4445274919271469, "feature": 0.639277845621109, "loss_actionness": 0.14938978478312492, "loss_transition": 0.666089653968811, "loss_boundary": 3.38839745381847e-05, "cost": 2.2261863946914673}, "peak_gib": 18.346198081970215}
{"epoch": 68, "successful_updates": 6800, "losses": {"task": 0.0550705511122942, "support_attention": 0.22293488681316376, "support_pre_tia": 0.2394459769129753, "support_post_tia": 0.24163639545440674, "full_task": 0.05333042237907648, "self_feature": 0.7235563695430756, "feature": 0.9146448075771332, "loss_actionness": 0.15100189298391342, "loss_transition": 0.584202378988266, "loss_boundary": 0.0012972725417057518, "cost": 1.8159592747688293}, "peak_gib": 18.346198081970215}
09/14 19:52:20 - mmengine - WARNING - "FileClient" will be deprecated in future. Please use io functions in https://mmengine.readthedocs.io/en/latest/api/fileio.html#file-io
09/14 19:52:20 - mmengine - WARNING - "FileClient" will be deprecated in future. Please use io functions in https://mmengine.readthedocs.io/en/latest/api/fileio.html#file-io
09/14 19:52:20 - mmengine - WARNING - "HardDiskBackend" is the alias of "LocalBackend" and the former will be deprecated in future.
09/14 19:52:20 - mmengine - WARNING - "HardDiskBackend" is the alias of "LocalBackend" and the former will be deprecated in future.
{"epoch": 69, "successful_updates": 6820, "losses": {"task": 0.41267941892147064, "support_attention": 0.11599963530898094, "support_pre_tia": 0.125164195895195, "support_post_tia": 0.12728799879550934, "full_task": 0.371309831738472, "self_feature": 1.0328018069267273, "feature": 1.2056711316108704, "loss_actionness": 0.18026947230100632, "loss_transition": 0.6633183360099792, "loss_boundary": 0.0030549524817615747, "cost": 2.673723578453064}, "peak_gib": 18.346198081970215}
{"epoch": 69, "successful_updates": 6840, "losses": {"task": 0.08718481566756964, "support_attention": 0.20973704755306244, "support_pre_tia": 0.2328750118613243, "support_post_tia": 0.23515518009662628, "full_task": 0.08303340803831816, "self_feature": 0.37858425080776215, "feature": 0.5127855092287064, "loss_actionness": 0.12484144791960716, "loss_transition": 0.6641404628753662, "loss_boundary": 3.085244679823518e-05, "cost": 1.471001386642456}, "peak_gib": 18.346198081970215}
{"epoch": 69, "successful_updates": 6860, "losses": {"task": 0.4402042180299759, "support_attention": 0.2151884064078331, "support_pre_tia": 0.2277565822005272, "support_post_tia": 0.23027628660202026, "full_task": 0.39606212824583054, "self_feature": 0.8961472809314728, "feature": 1.0215410888195038, "loss_actionness": 0.13130644708871841, "loss_transition": 0.6550500392913818, "loss_boundary": 0.0025847943034023046, "cost": 2.4622185230255127}, "peak_gib": 18.346198081970215}
{"epoch": 69, "successful_updates": 6880, "losses": {"task": 0.7395070642232895, "support_attention": 0.11016423255205154, "support_pre_tia": 0.12015774101018906, "support_post_tia": 0.12238432466983795, "full_task": 0.6622128821909428, "self_feature": 1.04806849360466, "feature": 1.23036390542984, "loss_actionness": 0.1206684559583664, "loss_transition": 0.6569937467575073, "loss_boundary": 0.002872035722248256, "cost": 3.03289258480072}, "peak_gib": 18.346198081970215}
{"epoch": 69, "successful_updates": 6900, "losses": {"task": 0.9173800610005856, "support_attention": 0.21200433373451233, "support_pre_tia": 0.24072685837745667, "support_post_tia": 0.24304679781198502, "full_task": 0.9125317744910717, "self_feature": 0.47479647397994995, "feature": 0.6884474754333496, "loss_actionness": 0.1634451150894165, "loss_transition": 0.6726758182048798, "loss_boundary": 3.19360970024718e-05, "cost": 2.741781532764435}, "peak_gib": 18.346198081970215}
09/14 19:59:14 - mmengine - WARNING - "FileClient" will be deprecated in future. Please use io functions in https://mmengine.readthedocs.io/en/latest/api/fileio.html#file-io
09/14 19:59:14 - mmengine - WARNING - "FileClient" will be deprecated in future. Please use io functions in https://mmengine.readthedocs.io/en/latest/api/fileio.html#file-io
09/14 19:59:14 - mmengine - WARNING - "HardDiskBackend" is the alias of "LocalBackend" and the former will be deprecated in future.
09/14 19:59:14 - mmengine - WARNING - "HardDiskBackend" is the alias of "LocalBackend" and the former will be deprecated in future.
{"epoch": 70, "successful_updates": 6920, "losses": {"task": 0.18786324560642242, "support_attention": 0.20029573142528534, "support_pre_tia": 0.20825743675231934, "support_post_tia": 0.2103298306465149, "full_task": 0.1602470725774765, "self_feature": 0.7971325814723969, "feature": 0.9201114177703857, "loss_actionness": 0.17475533112883568, "loss_transition": 0.6622501015663147, "loss_boundary": 0.0031066349474713206, "cost": 2.0887911319732666}, "peak_gib": 18.346198081970215}
{"epoch": 70, "successful_updates": 6940, "losses": {"task": 0.6710088551044464, "support_attention": 0.09916363656520844, "support_pre_tia": 0.10834353789687157, "support_post_tia": 0.11034929752349854, "full_task": 0.5782177150249481, "self_feature": 0.5762574374675751, "feature": 0.7118789553642273, "loss_actionness": 0.15266456082463264, "loss_transition": 0.6568953990936279, "loss_boundary": 0.002361819031648338, "cost": 2.4079244136810303}, "peak_gib": 18.346198081970215}
{"epoch": 70, "successful_updates": 6960, "losses": {"task": 0.026377146132290363, "support_attention": 0.21933872997760773, "support_pre_tia": 0.23947463929653168, "support_post_tia": 0.2414943054318428, "full_task": 0.022665231488645077, "self_feature": 0.5560286343097687, "feature": 0.7466477155685425, "loss_actionness": 0.11008287966251373, "loss_transition": 0.6445659399032593, "loss_boundary": 3.085244679823518e-05, "cost": 1.6130221486091614}, "peak_gib": 18.346198081970215}
{"epoch": 70, "successful_updates": 6980, "losses": {"task": 0.4063033163547516, "support_attention": 0.20990748703479767, "support_pre_tia": 0.2350594475865364, "support_post_tia": 0.23719297349452972, "full_task": 0.3524974435567856, "self_feature": 0.8178848326206207, "feature": 1.0124507248401642, "loss_actionness": 0.12827466055750847, "loss_transition": 0.6322565078735352, "loss_boundary": 0.0016380938213842455, "cost": 2.3744486570358276}, "peak_gib": 18.346198081970215}
{"epoch": 70, "successful_updates": 7000, "losses": {"task": 0.518268246203661, "support_attention": 0.1076897569000721, "support_pre_tia": 0.12033335492014885, "support_post_tia": 0.12268289178609848, "full_task": 0.49504433013498783, "self_feature": 0.9676693081855774, "feature": 1.16327965259552, "loss_actionness": 0.10659580677747726, "loss_transition": 0.6591754853725433, "loss_boundary": 0.002686361549422145, "cost": 2.6826844215393066}, "peak_gib": 18.346198081970215}
09/14 20:05:59 - mmengine - WARNING - "FileClient" will be deprecated in future. Please use io functions in https://mmengine.readthedocs.io/en/latest/api/fileio.html#file-io
09/14 20:05:59 - mmengine - WARNING - "FileClient" will be deprecated in future. Please use io functions in https://mmengine.readthedocs.io/en/latest/api/fileio.html#file-io
09/14 20:05:59 - mmengine - WARNING - "HardDiskBackend" is the alias of "LocalBackend" and the former will be deprecated in future.
09/14 20:05:59 - mmengine - WARNING - "HardDiskBackend" is the alias of "LocalBackend" and the former will be deprecated in future.
{"epoch": 71, "successful_updates": 7020, "losses": {"task": 0.06722038984298706, "support_attention": 0.20983053743839264, "support_pre_tia": 0.2232719510793686, "support_post_tia": 0.225818932056427, "full_task": 0.06309594586491585, "self_feature": 0.447294220328331, "feature": 0.6325407028198242, "loss_actionness": 0.1351717710494995, "loss_transition": 0.635461837053299, "loss_boundary": 3.085244861722458e-05, "cost": 1.5533835291862488}, "peak_gib": 18.346198081970215}
{"epoch": 71, "successful_updates": 7040, "losses": {"task": 0.25995126366615295, "support_attention": 0.2099403589963913, "support_pre_tia": 0.2351708561182022, "support_post_tia": 0.23710787296295166, "full_task": 0.25854240730404854, "self_feature": 0.7847254574298859, "feature": 0.9508311152458191, "loss_actionness": 0.11553014814853668, "loss_transition": 0.6425537168979645, "loss_boundary": 0.001928442365169758, "cost": 2.137516736984253}, "peak_gib": 18.346198081970215}
{"epoch": 71, "successful_updates": 7060, "losses": {"task": 0.3093681260943413, "support_attention": 0.10923952981829643, "support_pre_tia": 0.12175360321998596, "support_post_tia": 0.12387198582291603, "full_task": 0.2862737253308296, "self_feature": 0.8454962968826294, "feature": 1.0041700899600983, "loss_actionness": 0.15502779185771942, "loss_transition": 0.6585188508033752, "loss_boundary": 0.002777504618279636, "cost": 2.2982617020606995}, "peak_gib": 18.346198081970215}
{"epoch": 71, "successful_updates": 7080, "losses": {"task": 0.10702221840620041, "support_attention": 0.21362894773483276, "support_pre_tia": 0.23555776476860046, "support_post_tia": 0.23762129247188568, "full_task": 0.11154169775545597, "self_feature": 0.5269751995801926, "feature": 0.6733753085136414, "loss_actionness": 0.10522115603089333, "loss_transition": 0.6457137167453766, "loss_boundary": 3.085244861722458e-05, "cost": 1.6356052160263062}, "peak_gib": 18.346198081970215}
{"epoch": 71, "successful_updates": 7100, "losses": {"task": 0.16456939280033112, "support_attention": 0.2144881784915924, "support_pre_tia": 0.2376442551612854, "support_post_tia": 0.23953832685947418, "full_task": 0.1661694198846817, "self_feature": 0.9180091023445129, "feature": 1.0730538666248322, "loss_actionness": 0.1708832122385502, "loss_transition": 0.6515679359436035, "loss_boundary": 0.002021237858571112, "cost": 2.2192980647087097}, "peak_gib": 18.346198081970215}
09/14 20:12:38 - mmengine - WARNING - "FileClient" will be deprecated in future. Please use io functions in https://mmengine.readthedocs.io/en/latest/api/fileio.html#file-io
09/14 20:12:38 - mmengine - WARNING - "FileClient" will be deprecated in future. Please use io functions in https://mmengine.readthedocs.io/en/latest/api/fileio.html#file-io
09/14 20:12:38 - mmengine - WARNING - "HardDiskBackend" is the alias of "LocalBackend" and the former will be deprecated in future.
09/14 20:12:38 - mmengine - WARNING - "HardDiskBackend" is the alias of "LocalBackend" and the former will be deprecated in future.
{"epoch": 72, "successful_updates": 7120, "losses": {"task": 0.35383153334259987, "support_attention": 0.11553114652633667, "support_pre_tia": 0.12678292393684387, "support_post_tia": 0.12896975874900818, "full_task": 0.3285741675645113, "self_feature": 0.8605605363845825, "feature": 1.0171242654323578, "loss_actionness": 0.11973653361201286, "loss_transition": 0.6624060571193695, "loss_boundary": 0.0029933523619547486, "cost": 2.337078869342804}, "peak_gib": 18.346198081970215}
{"epoch": 72, "successful_updates": 7140, "losses": {"task": 0.4091209378093481, "support_attention": 0.19544629007577896, "support_pre_tia": 0.20687483251094818, "support_post_tia": 0.209057979285717, "full_task": 0.3923123925924301, "self_feature": 0.44438597559928894, "feature": 0.5898999273777008, "loss_actionness": 0.10073944181203842, "loss_transition": 0.6638222336769104, "loss_boundary": 3.120872315776069e-05, "cost": 1.9269270300865173}, "peak_gib": 18.346198081970215}
{"epoch": 72, "successful_updates": 7160, "losses": {"task": 0.17882844060659409, "support_attention": 0.22591162472963333, "support_pre_tia": 0.2549310773611069, "support_post_tia": 0.2569176107645035, "full_task": 0.13103078305721283, "self_feature": 0.8379963338375092, "feature": 1.0164912045001984, "loss_actionness": 0.11134879291057587, "loss_transition": 0.6097670495510101, "loss_boundary": 0.0013726386532653123, "cost": 2.0599578619003296}, "peak_gib": 18.346198081970215}
{"epoch": 72, "successful_updates": 7180, "losses": {"task": 0.06006593443453312, "support_attention": 0.11274989321827888, "support_pre_tia": 0.12349257990717888, "support_post_tia": 0.12565064430236816, "full_task": 0.062481461092829704, "self_feature": 0.8508352935314178, "feature": 1.013105571269989, "loss_actionness": 0.12407126277685165, "loss_transition": 0.6673885583877563, "loss_boundary": 0.0032496160129085183, "cost": 1.981041967868805}, "peak_gib": 18.346198081970215}
{"epoch": 72, "successful_updates": 7200, "losses": {"task": 0.3239676132798195, "support_attention": 0.1916535273194313, "support_pre_tia": 0.2013942375779152, "support_post_tia": 0.2039128541946411, "full_task": 0.3203033059835434, "self_feature": 0.4042830318212509, "feature": 0.6013009548187256, "loss_actionness": 0.16661588847637177, "loss_transition": 0.6565099060535431, "loss_boundary": 3.085244679823518e-05, "cost": 1.8891946077346802}, "peak_gib": 18.346198081970215}
09/14 20:19:20 - mmengine - WARNING - "FileClient" will be deprecated in future. Please use io functions in https://mmengine.readthedocs.io/en/latest/api/fileio.html#file-io
09/14 20:19:20 - mmengine - WARNING - "HardDiskBackend" is the alias of "LocalBackend" and the former will be deprecated in future.
09/14 20:19:20 - mmengine - WARNING - "FileClient" will be deprecated in future. Please use io functions in https://mmengine.readthedocs.io/en/latest/api/fileio.html#file-io
09/14 20:19:20 - mmengine - WARNING - "HardDiskBackend" is the alias of "LocalBackend" and the former will be deprecated in future.
{"epoch": 73, "successful_updates": 7220, "losses": {"task": 0.4993267245590687, "support_attention": 0.2137870341539383, "support_pre_tia": 0.2300848737359047, "support_post_tia": 0.2326471507549286, "full_task": 0.5281355287879705, "self_feature": 0.67728391289711, "feature": 0.8428040444850922, "loss_actionness": 0.13643690198659897, "loss_transition": 0.5786595940589905, "loss_boundary": 0.0017748918926372426, "cost": 2.2819008827209473}, "peak_gib": 18.346198081970215}
{"epoch": 73, "successful_updates": 7240, "losses": {"task": 0.7423335909843445, "support_attention": 0.10480079054832458, "support_pre_tia": 0.11129232123494148, "support_post_tia": 0.11369812488555908, "full_task": 0.7552524507045746, "self_feature": 0.47911734133958817, "feature": 0.8002916276454926, "loss_actionness": 0.20329080522060394, "loss_transition": 0.6288536489009857, "loss_boundary": 0.0015674219757784158, "cost": 2.624311327934265}, "peak_gib": 18.346198081970215}
{"epoch": 73, "successful_updates": 7260, "losses": {"task": 0.4181443452835083, "support_attention": 0.22017884254455566, "support_pre_tia": 0.24075712263584137, "support_post_tia": 0.243098646402359, "full_task": 0.42192260921001434, "self_feature": 0.5095401853322983, "feature": 0.7114279270172119, "loss_actionness": 0.13501451164484024, "loss_transition": 0.661958634853363, "loss_boundary": 3.928574005840346e-05, "cost": 2.10721218585968}, "peak_gib": 18.346198081970215}
{"epoch": 73, "successful_updates": 7280, "losses": {"task": 0.09014013782143593, "support_attention": 0.22090715914964676, "support_pre_tia": 0.2420249730348587, "support_post_tia": 0.24412914365530014, "full_task": 0.0804324634373188, "self_feature": 0.7198251038789749, "feature": 0.8877145946025848, "loss_actionness": 0.11908591538667679, "loss_transition": 0.5775166749954224, "loss_boundary": 0.001107531163142994, "cost": 1.7919632196426392}, "peak_gib": 18.346198081970215}
{"epoch": 73, "successful_updates": 7300, "losses": {"task": 0.21342866867780685, "support_attention": 0.10338159650564194, "support_pre_tia": 0.11426850035786629, "support_post_tia": 0.11630617082118988, "full_task": 0.1768363043665886, "self_feature": 0.7398557662963867, "feature": 0.8989035785198212, "loss_actionness": 0.14918550848960876, "loss_transition": 0.6600326001644135, "loss_boundary": 0.0026378235779702663, "cost": 2.053911507129669}, "peak_gib": 18.346198081970215}
09/14 20:26:01 - mmengine - WARNING - "FileClient" will be deprecated in future. Please use io functions in https://mmengine.readthedocs.io/en/latest/api/fileio.html#file-io
09/14 20:26:01 - mmengine - WARNING - "FileClient" will be deprecated in future. Please use io functions in https://mmengine.readthedocs.io/en/latest/api/fileio.html#file-io
09/14 20:26:01 - mmengine - WARNING - "HardDiskBackend" is the alias of "LocalBackend" and the former will be deprecated in future.
09/14 20:26:01 - mmengine - WARNING - "HardDiskBackend" is the alias of "LocalBackend" and the former will be deprecated in future.
{"epoch": 74, "successful_updates": 7320, "losses": {"task": 0.3457924872636795, "support_attention": 0.2220085710287094, "support_pre_tia": 0.23866210877895355, "support_post_tia": 0.24075999110937119, "full_task": 0.3309350162744522, "self_feature": 0.5532838106155396, "feature": 0.7581867575645447, "loss_actionness": 0.15378623828291893, "loss_transition": 0.6623959541320801, "loss_boundary": 3.085244861722458e-05, "cost": 2.082225501537323}, "peak_gib": 18.346198081970215}
{"epoch": 74, "successful_updates": 7340, "losses": {"task": 0.30029577389359474, "support_attention": 0.21228952705860138, "support_pre_tia": 0.22886139899492264, "support_post_tia": 0.23119746148586273, "full_task": 0.255701320245862, "self_feature": 0.7515475451946259, "feature": 0.9718066453933716, "loss_actionness": 0.1561608873307705, "loss_transition": 0.5929444134235382, "loss_boundary": 0.0018959970075229649, "cost": 2.1851866841316223}, "peak_gib": 18.346198081970215}
{"epoch": 74, "successful_updates": 7360, "losses": {"task": 0.06157907471060753, "support_attention": 0.10676947608590126, "support_pre_tia": 0.1140563003718853, "support_post_tia": 0.11627035215497017, "full_task": 0.06647952273488045, "self_feature": 0.6729147732257843, "feature": 0.8208465278148651, "loss_actionness": 0.10099095478653908, "loss_transition": 0.654780924320221, "loss_boundary": 0.0027881653513759375, "cost": 1.7364133596420288}, "peak_gib": 18.346198081970215}
{"epoch": 74, "successful_updates": 7380, "losses": {"task": 0.2593347951769829, "support_attention": 0.2156333103775978, "support_pre_tia": 0.23439929634332657, "support_post_tia": 0.2367125228047371, "full_task": 0.2635662481188774, "self_feature": 0.5032576620578766, "feature": 0.6841563880443573, "loss_actionness": 0.1921304687857628, "loss_transition": 0.6608750224113464, "loss_boundary": 3.085244861722458e-05, "cost": 1.9363004565238953}, "peak_gib": 18.346198081970215}
{"epoch": 74, "successful_updates": 7400, "losses": {"task": 1.3678180575370789, "support_attention": 0.19989609718322754, "support_pre_tia": 0.21959979087114334, "support_post_tia": 0.22179971635341644, "full_task": 1.2574336528778076, "self_feature": 0.9525856971740723, "feature": 1.1301789283752441, "loss_actionness": 0.1907319277524948, "loss_transition": 0.6641504466533661, "loss_boundary": 0.00309923873282969, "cost": 3.7876654863357544}, "peak_gib": 18.346198081970215}
09/14 20:32:50 - mmengine - WARNING - "FileClient" will be deprecated in future. Please use io functions in https://mmengine.readthedocs.io/en/latest/api/fileio.html#file-io
09/14 20:32:50 - mmengine - WARNING - "FileClient" will be deprecated in future. Please use io functions in https://mmengine.readthedocs.io/en/latest/api/fileio.html#file-io
09/14 20:32:50 - mmengine - WARNING - "HardDiskBackend" is the alias of "LocalBackend" and the former will be deprecated in future.
09/14 20:32:50 - mmengine - WARNING - "HardDiskBackend" is the alias of "LocalBackend" and the former will be deprecated in future.
{"epoch": 75, "successful_updates": 7420, "losses": {"task": 1.237060934305191, "support_attention": 0.10352525487542152, "support_pre_tia": 0.11040821298956871, "support_post_tia": 0.11245163157582283, "full_task": 1.171843558549881, "self_feature": 0.8172574639320374, "feature": 1.019976943731308, "loss_actionness": 0.16597908735275269, "loss_transition": 0.6656244397163391, "loss_boundary": 0.003072808962315321, "cost": 3.4775437116622925}, "peak_gib": 18.346198081970215}
{"epoch": 75, "successful_updates": 7440, "losses": {"task": 0.4945423752069473, "support_attention": 0.2109675034880638, "support_pre_tia": 0.23328115791082382, "support_post_tia": 0.23512864112854004, "full_task": 0.4945993795990944, "self_feature": 0.6027774810791016, "feature": 0.8681418001651764, "loss_actionness": 0.1009855568408966, "loss_transition": 0.6558912396430969, "loss_boundary": 3.085244861722458e-05, "cost": 2.3269400000572205}, "peak_gib": 18.346198081970215}
{"epoch": 75, "successful_updates": 7460, "losses": {"task": 0.21898804605007172, "support_attention": 0.22368501871824265, "support_pre_tia": 0.23842312395572662, "support_post_tia": 0.24062946438789368, "full_task": 0.2340240329504013, "self_feature": 1.0030007660388947, "feature": 1.1373414993286133, "loss_actionness": 0.21436665207147598, "loss_transition": 0.6643399596214294, "loss_boundary": 0.003178125829435885, "cost": 2.4209729433059692}, "peak_gib": 18.346198081970215}
{"epoch": 75, "successful_updates": 7480, "losses": {"task": 0.18780992180109024, "support_attention": 0.11013008281588554, "support_pre_tia": 0.11895281448960304, "support_post_tia": 0.12100137770175934, "full_task": 0.1654144674539566, "self_feature": 0.8626389503479004, "feature": 1.0144745707511902, "loss_actionness": 0.17819196730852127, "loss_transition": 0.6674169898033142, "loss_boundary": 0.003589019877836108, "cost": 2.1910977363586426}, "peak_gib": 18.346198081970215}
{"epoch": 75, "successful_updates": 7500, "losses": {"task": 0.4945557117462158, "support_attention": 0.2015729323029518, "support_pre_tia": 0.2126554623246193, "support_post_tia": 0.21509487181901932, "full_task": 0.478492870926857, "self_feature": 0.4822697043418884, "feature": 0.6936579048633575, "loss_actionness": 0.19718416780233383, "loss_transition": 0.6302671730518341, "loss_boundary": 3.0934585083741695e-05, "cost": 2.204933524131775}, "peak_gib": 18.346198081970215}
09/14 20:39:35 - mmengine - WARNING - "FileClient" will be deprecated in future. Please use io functions in https://mmengine.readthedocs.io/en/latest/api/fileio.html#file-io
09/14 20:39:35 - mmengine - WARNING - "FileClient" will be deprecated in future. Please use io functions in https://mmengine.readthedocs.io/en/latest/api/fileio.html#file-io
09/14 20:39:35 - mmengine - WARNING - "HardDiskBackend" is the alias of "LocalBackend" and the former will be deprecated in future.
09/14 20:39:35 - mmengine - WARNING - "HardDiskBackend" is the alias of "LocalBackend" and the former will be deprecated in future.
{"epoch": 76, "successful_updates": 7520, "losses": {"task": 0.6214473992586136, "support_attention": 0.22954358905553818, "support_pre_tia": 0.24986092746257782, "support_post_tia": 0.25224828720092773, "full_task": 0.5420404076576233, "self_feature": 0.909205973148346, "feature": 1.0560982823371887, "loss_actionness": 0.13697747886180878, "loss_transition": 0.6401716470718384, "loss_boundary": 0.0018828281099558808, "cost": 2.708113670349121}, "peak_gib": 18.346198081970215}
{"epoch": 76, "successful_updates": 7540, "losses": {"task": 0.5417338237166405, "support_attention": 0.10528023168444633, "support_pre_tia": 0.1155586801469326, "support_post_tia": 0.11773714423179626, "full_task": 0.6745988577604294, "self_feature": 0.7710379958152771, "feature": 0.8830929100513458, "loss_actionness": 0.1528467759490013, "loss_transition": 0.6686984896659851, "loss_boundary": 0.003276288975030184, "cost": 2.5070666074752808}, "peak_gib": 18.346198081970215}
{"epoch": 76, "successful_updates": 7560, "losses": {"task": 0.30678318440914154, "support_attention": 0.20965863019227982, "support_pre_tia": 0.2187422662973404, "support_post_tia": 0.2207082137465477, "full_task": 0.31155306100845337, "self_feature": 0.5047412663698196, "feature": 0.7458910942077637, "loss_actionness": 0.17692605406045914, "loss_transition": 0.6664319932460785, "loss_boundary": 3.3281305150012486e-05, "cost": 2.046400487422943}, "peak_gib": 18.346198081970215}
