training subset: 200 videos
ViT's param: 86227200, Adapter's params: 4004364, ratio: 4.6%
Warning: no pretrain path is provided, the backbone will be randomly initialized, unless you have initialized the weights in the model.py.
freeze_backbone: False, norm_eval: False
ViT's param: 86227200, Adapter's params: 4004364, ratio: 4.6%
Warning: no pretrain path is provided, the backbone will be randomly initialized, unless you have initialized the weights in the model.py.
freeze_backbone: False, norm_eval: False
09/14 11:02:40 - mmengine - WARNING - "FileClient" will be deprecated in future. Please use io functions in https://mmengine.readthedocs.io/en/latest/api/fileio.html#file-io
09/14 11:02:40 - mmengine - WARNING - "FileClient" will be deprecated in future. Please use io functions in https://mmengine.readthedocs.io/en/latest/api/fileio.html#file-io
09/14 11:02:40 - mmengine - WARNING - "HardDiskBackend" is the alias of "LocalBackend" and the former will be deprecated in future.
09/14 11:02:40 - mmengine - WARNING - "HardDiskBackend" is the alias of "LocalBackend" and the former will be deprecated in future.
/data/run01/sczc063/yuzibo/conda_envs/opentad/lib/python3.10/site-packages/torch/nn/modules/conv.py:459: UserWarning: Applied workaround for CuDNN issue, install nvrtc.so (Triggered internally at /opt/conda/conda-bld/pytorch_1682343995026/work/aten/src/ATen/native/cudnn/Conv_v8.cpp:80.)
  return F.conv2d(input, weight, bias, self.stride,
09/14 11:02:56 - mmengine - WARNING - "FileClient" will be deprecated in future. Please use io functions in https://mmengine.readthedocs.io/en/latest/api/fileio.html#file-io
09/14 11:02:56 - mmengine - WARNING - "FileClient" will be deprecated in future. Please use io functions in https://mmengine.readthedocs.io/en/latest/api/fileio.html#file-io
09/14 11:02:56 - mmengine - WARNING - "HardDiskBackend" is the alias of "LocalBackend" and the former will be deprecated in future.
09/14 11:02:56 - mmengine - WARNING - "HardDiskBackend" is the alias of "LocalBackend" and the former will be deprecated in future.
training subset: 200 videos
ViT's param: 86227200, Adapter's params: 4004364, ratio: 4.6%
Warning: no pretrain path is provided, the backbone will be randomly initialized, unless you have initialized the weights in the model.py.
freeze_backbone: False, norm_eval: False
ViT's param: 86227200, Adapter's params: 4004364, ratio: 4.6%
Warning: no pretrain path is provided, the backbone will be randomly initialized, unless you have initialized the weights in the model.py.
freeze_backbone: False, norm_eval: False
09/14 11:03:37 - mmengine - WARNING - "FileClient" will be deprecated in future. Please use io functions in https://mmengine.readthedocs.io/en/latest/api/fileio.html#file-io
09/14 11:03:37 - mmengine - WARNING - "FileClient" will be deprecated in future. Please use io functions in https://mmengine.readthedocs.io/en/latest/api/fileio.html#file-io
09/14 11:03:37 - mmengine - WARNING - "HardDiskBackend" is the alias of "LocalBackend" and the former will be deprecated in future.
09/14 11:03:37 - mmengine - WARNING - "HardDiskBackend" is the alias of "LocalBackend" and the former will be deprecated in future.
/data/run01/sczc063/yuzibo/conda_envs/opentad/lib/python3.10/site-packages/torch/nn/modules/conv.py:459: UserWarning: Applied workaround for CuDNN issue, install nvrtc.so (Triggered internally at /opt/conda/conda-bld/pytorch_1682343995026/work/aten/src/ATen/native/cudnn/Conv_v8.cpp:80.)
  return F.conv2d(input, weight, bias, self.stride,
09/14 11:03:54 - mmengine - WARNING - "FileClient" will be deprecated in future. Please use io functions in https://mmengine.readthedocs.io/en/latest/api/fileio.html#file-io
09/14 11:03:54 - mmengine - WARNING - "FileClient" will be deprecated in future. Please use io functions in https://mmengine.readthedocs.io/en/latest/api/fileio.html#file-io
09/14 11:03:54 - mmengine - WARNING - "HardDiskBackend" is the alias of "LocalBackend" and the former will be deprecated in future.
09/14 11:03:54 - mmengine - WARNING - "HardDiskBackend" is the alias of "LocalBackend" and the former will be deprecated in future.
{"epoch": 1, "successful_updates": 20, "losses": {"task": 0.5690575987100601, "full_task": 0.43115556240081787, "self_feature": 1.7002556324005127, "feature": 1.8868216276168823, "loss_actionness": 0.11156393960118294, "loss_transition": 0.6525800228118896, "loss_boundary": 0.0018273124005645514, "cost": 3.4996652603149414}, "peak_gib": 14.426687717437744}
{"epoch": 1, "successful_updates": 40, "losses": {"task": 0.3117866963148117, "full_task": 0.30745986104011536, "self_feature": 0.9699895977973938, "feature": 1.0989782810211182, "loss_actionness": 0.19426289200782776, "loss_transition": 0.6581372618675232, "loss_boundary": 0.003140618442557752, "cost": 2.4401695728302}, "peak_gib": 14.426687717437744}
{"epoch": 1, "successful_updates": 60, "losses": {"task": 0.42503581941127777, "full_task": 0.3698418289422989, "self_feature": 1.1627467274665833, "feature": 1.4118991494178772, "loss_actionness": 0.1325117126107216, "loss_transition": 0.6655004620552063, "loss_boundary": 5.075455010228325e-05, "cost": 2.843733072280884}, "peak_gib": 14.426687717437744}
{"epoch": 1, "successful_updates": 80, "losses": {"task": 0.09749235771596432, "full_task": 0.06759258359670639, "self_feature": 1.3209693431854248, "feature": 1.4986017942428589, "loss_actionness": 0.11791528761386871, "loss_transition": 0.6325047314167023, "loss_boundary": 0.0016407082875957713, "cost": 2.49714994430542}, "peak_gib": 14.426687717437744}
{"epoch": 1, "successful_updates": 100, "losses": {"task": 0.4157877340912819, "full_task": 0.45086222887039185, "self_feature": 0.6299649626016617, "feature": 1.0115533471107483, "loss_actionness": 0.19849951192736626, "loss_transition": 0.6288458704948425, "loss_boundary": 0.0016155865596374497, "cost": 2.432013988494873}, "peak_gib": 14.426687717437744}
09/14 11:10:52 - mmengine - WARNING - "FileClient" will be deprecated in future. Please use io functions in https://mmengine.readthedocs.io/en/latest/api/fileio.html#file-io
09/14 11:10:52 - mmengine - WARNING - "FileClient" will be deprecated in future. Please use io functions in https://mmengine.readthedocs.io/en/latest/api/fileio.html#file-io
09/14 11:10:52 - mmengine - WARNING - "HardDiskBackend" is the alias of "LocalBackend" and the former will be deprecated in future.
09/14 11:10:52 - mmengine - WARNING - "HardDiskBackend" is the alias of "LocalBackend" and the former will be deprecated in future.
{"epoch": 2, "successful_updates": 120, "losses": {"task": 0.13413333520293236, "full_task": 0.10525710135698318, "self_feature": 1.2702164053916931, "feature": 1.5759143233299255, "loss_actionness": 0.1415214240550995, "loss_transition": 0.6620831787586212, "loss_boundary": 4.097239980183076e-05, "cost": 2.6670292615890503}, "peak_gib": 14.426687717437744}
{"epoch": 2, "successful_updates": 140, "losses": {"task": 0.1340128444135189, "full_task": 0.09670082107186317, "self_feature": 0.9543245136737823, "feature": 1.240138828754425, "loss_actionness": 0.12118964269757271, "loss_transition": 0.5694950222969055, "loss_boundary": 0.0002277516196045326, "cost": 2.184671640396118}, "peak_gib": 14.426687717437744}
{"epoch": 2, "successful_updates": 160, "losses": {"task": 0.5115171335637569, "full_task": 0.5349704958498478, "self_feature": 0.7259422242641449, "feature": 1.042903482913971, "loss_actionness": 0.1579318605363369, "loss_transition": 0.6043502986431122, "loss_boundary": 0.0016625833304715343, "cost": 2.524702250957489}, "peak_gib": 14.426687717437744}
{"epoch": 2, "successful_updates": 180, "losses": {"task": 0.1737161986529827, "full_task": 0.12653671950101852, "self_feature": 0.9012829065322876, "feature": 1.1347829103469849, "loss_actionness": 0.13181423395872116, "loss_transition": 0.6431132256984711, "loss_boundary": 3.0852450436213985e-05, "cost": 2.2052197456359863}, "peak_gib": 14.426687717437744}
{"epoch": 2, "successful_updates": 200, "losses": {"task": 0.7420145869255066, "full_task": 0.5152608305215836, "self_feature": 1.079163908958435, "feature": 1.3494044542312622, "loss_actionness": 0.15967074409127235, "loss_transition": 0.660456508398056, "loss_boundary": 0.0031584304524585605, "cost": 3.1514363288879395}, "peak_gib": 14.714762687683105}
09/14 11:17:47 - mmengine - WARNING - "FileClient" will be deprecated in future. Please use io functions in https://mmengine.readthedocs.io/en/latest/api/fileio.html#file-io
09/14 11:17:47 - mmengine - WARNING - "FileClient" will be deprecated in future. Please use io functions in https://mmengine.readthedocs.io/en/latest/api/fileio.html#file-io
09/14 11:17:47 - mmengine - WARNING - "HardDiskBackend" is the alias of "LocalBackend" and the former will be deprecated in future.
09/14 11:17:47 - mmengine - WARNING - "HardDiskBackend" is the alias of "LocalBackend" and the former will be deprecated in future.
{"epoch": 3, "successful_updates": 220, "losses": {"task": 0.19156992807984352, "full_task": 0.18342750519514084, "self_feature": 0.6244637668132782, "feature": 1.0330283343791962, "loss_actionness": 0.1943501979112625, "loss_transition": 0.5843193829059601, "loss_boundary": 0.0015825574828340905, "cost": 2.113153636455536}, "peak_gib": 14.714762687683105}
{"epoch": 3, "successful_updates": 240, "losses": {"task": 0.10451687499880791, "full_task": 0.06019916385412216, "self_feature": 1.038873553276062, "feature": 1.2823484539985657, "loss_actionness": 0.10556050390005112, "loss_transition": 0.5740628093481064, "loss_boundary": 3.085244861722458e-05, "cost": 2.185456395149231}, "peak_gib": 14.714762687683105}
{"epoch": 3, "successful_updates": 260, "losses": {"task": 0.7446717023849487, "full_task": 0.5795004814863205, "self_feature": 1.0432535111904144, "feature": 1.2822948694229126, "loss_actionness": 0.16617199033498764, "loss_transition": 0.638987272977829, "loss_boundary": 0.0016682738641975448, "cost": 3.0829944610595703}, "peak_gib": 14.714762687683105}
{"epoch": 3, "successful_updates": 280, "losses": {"task": 1.0517026036977768, "full_task": 0.9614357054233551, "self_feature": 0.7774493992328644, "feature": 0.9915747344493866, "loss_actionness": 0.16234010457992554, "loss_transition": 0.6630218327045441, "loss_boundary": 0.0031608804129064083, "cost": 3.1899038553237915}, "peak_gib": 14.714762687683105}
{"epoch": 3, "successful_updates": 300, "losses": {"task": 0.12891051173210144, "full_task": 0.14006318524479866, "self_feature": 1.097655862569809, "feature": 1.3649328351020813, "loss_actionness": 0.10675428062677383, "loss_transition": 0.5924832224845886, "loss_boundary": 3.085244861722458e-05, "cost": 2.337893009185791}, "peak_gib": 14.714762687683105}
09/14 11:24:52 - mmengine - WARNING - "FileClient" will be deprecated in future. Please use io functions in https://mmengine.readthedocs.io/en/latest/api/fileio.html#file-io
09/14 11:24:52 - mmengine - WARNING - "FileClient" will be deprecated in future. Please use io functions in https://mmengine.readthedocs.io/en/latest/api/fileio.html#file-io
09/14 11:24:52 - mmengine - WARNING - "HardDiskBackend" is the alias of "LocalBackend" and the former will be deprecated in future.
09/14 11:24:52 - mmengine - WARNING - "HardDiskBackend" is the alias of "LocalBackend" and the former will be deprecated in future.
{"epoch": 4, "successful_updates": 320, "losses": {"task": 0.518127828836441, "full_task": 0.45000095665454865, "self_feature": 1.0238459706306458, "feature": 1.1622671484947205, "loss_actionness": 0.2070591077208519, "loss_transition": 0.6621174514293671, "loss_boundary": 0.0031306373421102762, "cost": 2.767586827278137}, "peak_gib": 14.714762687683105}
{"epoch": 4, "successful_updates": 340, "losses": {"task": 1.3038827180862427, "full_task": 1.2048016637563705, "self_feature": 0.8970751762390137, "feature": 1.1822875142097473, "loss_actionness": 0.17259350419044495, "loss_transition": 0.6588631570339203, "loss_boundary": 0.0036444857250899076, "cost": 3.71217942237854}, "peak_gib": 14.714762687683105}
{"epoch": 4, "successful_updates": 360, "losses": {"task": 0.6969315782189369, "full_task": 0.6431626603007317, "self_feature": 0.8255400657653809, "feature": 1.0531847774982452, "loss_actionness": 0.13097631186246872, "loss_transition": 0.6568869650363922, "loss_boundary": 3.085244679823518e-05, "cost": 2.781355082988739}, "peak_gib": 14.714762687683105}
{"epoch": 4, "successful_updates": 380, "losses": {"task": 0.916171669960022, "full_task": 0.7685598284006119, "self_feature": 1.219320297241211, "feature": 1.4333733320236206, "loss_actionness": 0.18147782981395721, "loss_transition": 0.6659016311168671, "loss_boundary": 0.003157768282108009, "cost": 3.514154076576233}, "peak_gib": 14.714762687683105}
{"epoch": 4, "successful_updates": 400, "losses": {"task": 0.49706925451755524, "full_task": 0.4186457023024559, "self_feature": 0.6929293572902679, "feature": 0.9598443508148193, "loss_actionness": 0.17875078320503235, "loss_transition": 0.6408166587352753, "loss_boundary": 0.0017031061870511621, "cost": 2.452138662338257}, "peak_gib": 14.714762687683105}
09/14 11:31:51 - mmengine - WARNING - "FileClient" will be deprecated in future. Please use io functions in https://mmengine.readthedocs.io/en/latest/api/fileio.html#file-io
09/14 11:31:51 - mmengine - WARNING - "FileClient" will be deprecated in future. Please use io functions in https://mmengine.readthedocs.io/en/latest/api/fileio.html#file-io
09/14 11:31:51 - mmengine - WARNING - "HardDiskBackend" is the alias of "LocalBackend" and the former will be deprecated in future.
09/14 11:31:51 - mmengine - WARNING - "HardDiskBackend" is the alias of "LocalBackend" and the former will be deprecated in future.
{"epoch": 5, "successful_updates": 420, "losses": {"task": 0.14497226104140282, "full_task": 0.11816009134054184, "self_feature": 1.0250308513641357, "feature": 1.2813948392868042, "loss_actionness": 0.16902834177017212, "loss_transition": 0.6408830285072327, "loss_boundary": 3.0852450436213985e-05, "cost": 2.3683522939682007}, "peak_gib": 14.714762687683105}
{"epoch": 5, "successful_updates": 440, "losses": {"task": 0.2729320377111435, "full_task": 0.2123364955186844, "self_feature": 1.1584963202476501, "feature": 1.363510012626648, "loss_actionness": 0.14039845019578934, "loss_transition": 0.6588578820228577, "loss_boundary": 0.0031324864830821753, "cost": 2.6077646017074585}, "peak_gib": 14.714762687683105}
{"epoch": 5, "successful_updates": 460, "losses": {"task": 0.03808234166353941, "full_task": 0.038815923035144806, "self_feature": 0.5168219655752182, "feature": 0.8540555834770203, "loss_actionness": 0.10237894579768181, "loss_transition": 0.5747552216053009, "loss_boundary": 0.0015774787480040686, "cost": 1.632235825061798}, "peak_gib": 14.714762687683105}
{"epoch": 5, "successful_updates": 480, "losses": {"task": 0.15893397480249405, "full_task": 0.1472182236611843, "self_feature": 0.85350701212883, "feature": 1.1244288682937622, "loss_actionness": 0.15745434910058975, "loss_transition": 0.6250840723514557, "loss_boundary": 3.085244679823518e-05, "cost": 2.1880873441696167}, "peak_gib": 14.714762687683105}
{"epoch": 5, "successful_updates": 500, "losses": {"task": 1.3194756209850311, "full_task": 0.983318030834198, "self_feature": 1.2052783370018005, "feature": 1.4535583853721619, "loss_actionness": 0.12548545747995377, "loss_transition": 0.6628774404525757, "loss_boundary": 0.0031319502741098404, "cost": 3.9308862686157227}, "peak_gib": 14.714762687683105}
09/14 11:38:55 - mmengine - WARNING - "FileClient" will be deprecated in future. Please use io functions in https://mmengine.readthedocs.io/en/latest/api/fileio.html#file-io
09/14 11:38:55 - mmengine - WARNING - "FileClient" will be deprecated in future. Please use io functions in https://mmengine.readthedocs.io/en/latest/api/fileio.html#file-io
09/14 11:38:55 - mmengine - WARNING - "HardDiskBackend" is the alias of "LocalBackend" and the former will be deprecated in future.
09/14 11:38:55 - mmengine - WARNING - "HardDiskBackend" is the alias of "LocalBackend" and the former will be deprecated in future.
{"epoch": 6, "successful_updates": 520, "losses": {"task": 0.22697864472866058, "full_task": 0.2468314915895462, "self_feature": 0.9993592500686646, "feature": 1.25876122713089, "loss_actionness": 0.156321719288826, "loss_transition": 0.6438476145267487, "loss_boundary": 0.0018111165263690054, "cost": 2.4493643045425415}, "peak_gib": 14.714762687683105}
{"epoch": 6, "successful_updates": 540, "losses": {"task": 1.2951439023017883, "full_task": 1.187502533197403, "self_feature": 0.9283224642276764, "feature": 1.3041571378707886, "loss_actionness": 0.15759053826332092, "loss_transition": 0.6632224321365356, "loss_boundary": 3.356559682288207e-05, "cost": 3.8098554611206055}, "peak_gib": 14.714762687683105}
{"epoch": 6, "successful_updates": 560, "losses": {"task": 0.543557345867157, "full_task": 0.4071063995361328, "self_feature": 1.031602382659912, "feature": 1.195747196674347, "loss_actionness": 0.20610903203487396, "loss_transition": 0.6244706809520721, "loss_boundary": 0.0016134407160279807, "cost": 2.7764344811439514}, "peak_gib": 14.720011711120605}
{"epoch": 6, "successful_updates": 580, "losses": {"task": 0.47140374779701233, "full_task": 0.5312047898769379, "self_feature": 0.7738809287548065, "feature": 1.0494598150253296, "loss_actionness": 0.17907417193055153, "loss_transition": 0.6324490010738373, "loss_boundary": 0.0016885137956705876, "cost": 2.544264495372772}, "peak_gib": 14.720011711120605}
{"epoch": 6, "successful_updates": 600, "losses": {"task": 0.19361604750156403, "full_task": 0.1861039325594902, "self_feature": 0.6446942389011383, "feature": 0.8028376400470734, "loss_actionness": 0.16411666572093964, "loss_transition": 0.6737165153026581, "loss_boundary": 3.0852450436213985e-05, "cost": 1.9453130960464478}, "peak_gib": 14.720011711120605}
09/14 11:45:51 - mmengine - WARNING - "FileClient" will be deprecated in future. Please use io functions in https://mmengine.readthedocs.io/en/latest/api/fileio.html#file-io
09/14 11:45:51 - mmengine - WARNING - "FileClient" will be deprecated in future. Please use io functions in https://mmengine.readthedocs.io/en/latest/api/fileio.html#file-io
09/14 11:45:51 - mmengine - WARNING - "HardDiskBackend" is the alias of "LocalBackend" and the former will be deprecated in future.
09/14 11:45:51 - mmengine - WARNING - "HardDiskBackend" is the alias of "LocalBackend" and the former will be deprecated in future.
{"epoch": 7, "successful_updates": 620, "losses": {"task": 0.18797963857650757, "full_task": 0.17107227444648743, "self_feature": 1.041321873664856, "feature": 1.2489597797393799, "loss_actionness": 0.11988960951566696, "loss_transition": 0.6610120534896851, "loss_boundary": 0.0031289071775972843, "cost": 2.3678702116012573}, "peak_gib": 14.720011711120605}
{"epoch": 7, "successful_updates": 640, "losses": {"task": 0.48401452600955963, "full_task": 0.40242110192775726, "self_feature": 0.9626790285110474, "feature": 1.2446640133857727, "loss_actionness": 0.12298373132944107, "loss_transition": 0.6579367816448212, "loss_boundary": 0.0031317914836108685, "cost": 2.709604024887085}, "peak_gib": 14.720011711120605}
{"epoch": 7, "successful_updates": 660, "losses": {"task": 0.2891809940338135, "full_task": 0.23069120943546295, "self_feature": 0.9078161418437958, "feature": 1.1594989895820618, "loss_actionness": 0.15281817317008972, "loss_transition": 0.6610792279243469, "loss_boundary": 4.065933171659708e-05, "cost": 2.4110723733901978}, "peak_gib": 14.720011711120605}
{"epoch": 7, "successful_updates": 680, "losses": {"task": 0.5424855649471283, "full_task": 0.3405877724289894, "self_feature": 1.1546847820281982, "feature": 1.4444968700408936, "loss_actionness": 0.11710919439792633, "loss_transition": 0.6620559990406036, "loss_boundary": 0.0032478300854563713, "cost": 2.970010995864868}, "peak_gib": 14.720011711120605}
{"epoch": 7, "successful_updates": 700, "losses": {"task": 0.2696244865655899, "full_task": 0.26167650520801544, "self_feature": 0.5546934008598328, "feature": 0.8146025240421295, "loss_actionness": 0.12524018436670303, "loss_transition": 0.606890469789505, "loss_boundary": 0.0015883484429650707, "cost": 1.9388344287872314}, "peak_gib": 14.720011711120605}
09/14 11:52:52 - mmengine - WARNING - "FileClient" will be deprecated in future. Please use io functions in https://mmengine.readthedocs.io/en/latest/api/fileio.html#file-io
09/14 11:52:52 - mmengine - WARNING - "FileClient" will be deprecated in future. Please use io functions in https://mmengine.readthedocs.io/en/latest/api/fileio.html#file-io
09/14 11:52:52 - mmengine - WARNING - "HardDiskBackend" is the alias of "LocalBackend" and the former will be deprecated in future.
09/14 11:52:52 - mmengine - WARNING - "HardDiskBackend" is the alias of "LocalBackend" and the former will be deprecated in future.
{"epoch": 8, "successful_updates": 720, "losses": {"task": 0.5834197103977203, "full_task": 0.4626905769109726, "self_feature": 0.823887288570404, "feature": 1.0692418217658997, "loss_actionness": 0.14406482875347137, "loss_transition": 0.6658245325088501, "loss_boundary": 5.7689698223839514e-05, "cost": 2.660670042037964}, "peak_gib": 14.720011711120605}
{"epoch": 8, "successful_updates": 740, "losses": {"task": 0.11821725219488144, "full_task": 0.09227054193615913, "self_feature": 0.8954140543937683, "feature": 1.0768881738185883, "loss_actionness": 0.21043430268764496, "loss_transition": 0.6618289649486542, "loss_boundary": 0.0031367866322398186, "cost": 2.1831146478652954}, "peak_gib": 14.720011711120605}
{"epoch": 8, "successful_updates": 760, "losses": {"task": 0.8797029033303261, "full_task": 0.7076887562870979, "self_feature": 1.069382131099701, "feature": 1.3030308485031128, "loss_actionness": 0.13921618461608887, "loss_transition": 0.6662912666797638, "loss_boundary": 0.003150867880322039, "cost": 3.2752525806427}, "peak_gib": 14.720011711120605}
{"epoch": 8, "successful_updates": 780, "losses": {"task": 0.5659337565302849, "full_task": 0.4136848449707031, "self_feature": 0.8689367473125458, "feature": 1.204578697681427, "loss_actionness": 0.27190592885017395, "loss_transition": 0.6620818674564362, "loss_boundary": 3.0852450436213985e-05, "cost": 2.894845962524414}, "peak_gib": 14.720011711120605}
{"epoch": 8, "successful_updates": 800, "losses": {"task": 0.4926586151123047, "full_task": 0.42648477852344513, "self_feature": 0.8964109420776367, "feature": 1.0945613384246826, "loss_actionness": 0.126663476228714, "loss_transition": 0.6677260994911194, "loss_boundary": 0.0031738688703626394, "cost": 2.581045627593994}, "peak_gib": 14.720011711120605}
09/14 11:59:50 - mmengine - WARNING - "FileClient" will be deprecated in future. Please use io functions in https://mmengine.readthedocs.io/en/latest/api/fileio.html#file-io
09/14 11:59:50 - mmengine - WARNING - "FileClient" will be deprecated in future. Please use io functions in https://mmengine.readthedocs.io/en/latest/api/fileio.html#file-io
09/14 11:59:50 - mmengine - WARNING - "HardDiskBackend" is the alias of "LocalBackend" and the former will be deprecated in future.
09/14 11:59:50 - mmengine - WARNING - "HardDiskBackend" is the alias of "LocalBackend" and the former will be deprecated in future.
{"epoch": 9, "successful_updates": 820, "losses": {"task": 0.1749574914574623, "full_task": 0.15615273267030716, "self_feature": 0.815201997756958, "feature": 1.072346419095993, "loss_actionness": 0.21817079931497574, "loss_transition": 0.6099520623683929, "loss_boundary": 0.0016670672994223423, "cost": 2.197652280330658}, "peak_gib": 14.720011711120605}
{"epoch": 9, "successful_updates": 840, "losses": {"task": 0.5387210994958878, "full_task": 0.4929647743701935, "self_feature": 0.897344172000885, "feature": 1.2181308269500732, "loss_actionness": 0.15525536984205246, "loss_transition": 0.6647457778453827, "loss_boundary": 3.085245225520339e-05, "cost": 2.7898595333099365}, "peak_gib": 14.720011711120605}
{"epoch": 9, "successful_updates": 860, "losses": {"task": 0.38894879817962646, "full_task": 0.36868828162550926, "self_feature": 0.7707383632659912, "feature": 0.9566882252693176, "loss_actionness": 0.14655548334121704, "loss_transition": 0.6658172905445099, "loss_boundary": 0.0031302195275202394, "cost": 2.33038592338562}, "peak_gib": 14.720011711120605}
{"epoch": 9, "successful_updates": 880, "losses": {"task": 0.2628912106156349, "full_task": 0.26575684547424316, "self_feature": 0.5716271251440048, "feature": 0.8569222986698151, "loss_actionness": 0.1336241289973259, "loss_transition": 0.617702454328537, "loss_boundary": 0.0015818914689589292, "cost": 1.9963238835334778}, "peak_gib": 14.720011711120605}
{"epoch": 9, "successful_updates": 900, "losses": {"task": 0.280831053853035, "full_task": 0.30178704857826233, "self_feature": 0.6987437307834625, "feature": 0.8949398696422577, "loss_actionness": 0.1237686425447464, "loss_transition": 0.6513838768005371, "loss_boundary": 3.085245225520339e-05, "cost": 2.0962753295898438}, "peak_gib": 14.720011711120605}
09/14 12:06:57 - mmengine - WARNING - "FileClient" will be deprecated in future. Please use io functions in https://mmengine.readthedocs.io/en/latest/api/fileio.html#file-io
09/14 12:06:57 - mmengine - WARNING - "FileClient" will be deprecated in future. Please use io functions in https://mmengine.readthedocs.io/en/latest/api/fileio.html#file-io
09/14 12:06:57 - mmengine - WARNING - "HardDiskBackend" is the alias of "LocalBackend" and the former will be deprecated in future.
09/14 12:06:57 - mmengine - WARNING - "HardDiskBackend" is the alias of "LocalBackend" and the former will be deprecated in future.
{"epoch": 10, "successful_updates": 920, "losses": {"task": 0.06888505443930626, "full_task": 0.056627542711794376, "self_feature": 0.911671370267868, "feature": 1.1276586055755615, "loss_actionness": 0.1774853691458702, "loss_transition": 0.5405945777893066, "loss_boundary": 3.0852450436213985e-05, "cost": 2.0199784636497498}, "peak_gib": 14.720011711120605}
{"epoch": 10, "successful_updates": 940, "losses": {"task": 0.32255495712161064, "full_task": 0.31872841715812683, "self_feature": 0.7957223355770111, "feature": 1.0400716066360474, "loss_actionness": 0.15304888039827347, "loss_transition": 0.6611360013484955, "loss_boundary": 0.003152287332341075, "cost": 2.3392180800437927}, "peak_gib": 14.720011711120605}
{"epoch": 10, "successful_updates": 960, "losses": {"task": 0.3411764148622751, "full_task": 0.3396657514385879, "self_feature": 0.8523242175579071, "feature": 1.1246330738067627, "loss_actionness": 0.1031554788351059, "loss_transition": 0.6318980157375336, "loss_boundary": 3.085245225520339e-05, "cost": 2.371042788028717}, "peak_gib": 14.720011711120605}
{"epoch": 10, "successful_updates": 980, "losses": {"task": 0.3543423116207123, "full_task": 0.2694556415081024, "self_feature": 0.9916546940803528, "feature": 1.225983202457428, "loss_actionness": 0.1581680253148079, "loss_transition": 0.5839438736438751, "loss_boundary": 5.641286952595692e-05, "cost": 2.4890233278274536}, "peak_gib": 14.720011711120605}
{"epoch": 10, "successful_updates": 1000, "losses": {"task": 0.1907986905425787, "full_task": 0.1889786273241043, "self_feature": 0.6016721874475479, "feature": 0.9513745307922363, "loss_actionness": 0.13428225740790367, "loss_transition": 0.5949598550796509, "loss_boundary": 0.0017270607349928468, "cost": 1.9805542826652527}, "peak_gib": 14.720011711120605}
validation subset: 211 videos, truncated as 792 windows.
09/14 12:13:54 - mmengine - WARNING - "FileClient" will be deprecated in future. Please use io functions in https://mmengine.readthedocs.io/en/latest/api/fileio.html#file-io
09/14 12:13:54 - mmengine - WARNING - "FileClient" will be deprecated in future. Please use io functions in https://mmengine.readthedocs.io/en/latest/api/fileio.html#file-io
09/14 12:13:54 - mmengine - WARNING - "HardDiskBackend" is the alias of "LocalBackend" and the former will be deprecated in future.
09/14 12:13:54 - mmengine - WARNING - "HardDiskBackend" is the alias of "LocalBackend" and the former will be deprecated in future.
thumos_b_point_uniform_seed42 10: 1/792
thumos_b_point_uniform_seed42 10: 101/792
thumos_b_point_uniform_seed42 10: 201/792
thumos_b_point_uniform_seed42 10: 301/792
thumos_b_point_uniform_seed42 10: 401/792
thumos_b_point_uniform_seed42 10: 501/792
thumos_b_point_uniform_seed42 10: 601/792
thumos_b_point_uniform_seed42 10: 701/792
{'average_mAP': 0.683322095649746, 'mAP@0.3': 0.8359311893103424, 'mAP@0.4': 0.7972975254178396, 'mAP@0.5': 0.7127804598867821, 'mAP@0.6': 0.6066789461881326, 'mAP@0.7': 0.4639223574456334}
09/14 12:36:13 - mmengine - WARNING - "FileClient" will be deprecated in future. Please use io functions in https://mmengine.readthedocs.io/en/latest/api/fileio.html#file-io
09/14 12:36:13 - mmengine - WARNING - "FileClient" will be deprecated in future. Please use io functions in https://mmengine.readthedocs.io/en/latest/api/fileio.html#file-io
09/14 12:36:13 - mmengine - WARNING - "HardDiskBackend" is the alias of "LocalBackend" and the former will be deprecated in future.
09/14 12:36:13 - mmengine - WARNING - "HardDiskBackend" is the alias of "LocalBackend" and the former will be deprecated in future.
{"epoch": 11, "successful_updates": 1020, "losses": {"task": 0.09351062402129173, "full_task": 0.08958697505295277, "self_feature": 0.8561206758022308, "feature": 1.0855770409107208, "loss_actionness": 0.17496258020401, "loss_transition": 0.6463964879512787, "loss_boundary": 3.085244861722458e-05, "cost": 2.1084864139556885}, "peak_gib": 14.427842140197754}
{"epoch": 11, "successful_updates": 1040, "losses": {"task": 0.26685062050819397, "full_task": 0.23767917975783348, "self_feature": 1.1581957340240479, "feature": 1.3700025081634521, "loss_actionness": 0.13502104580402374, "loss_transition": 0.6618010401725769, "loss_boundary": 0.0032354516442865133, "cost": 2.6121500730514526}, "peak_gib": 14.427842140197754}
{"epoch": 11, "successful_updates": 1060, "losses": {"task": 1.118097573518753, "full_task": 1.1073976308107376, "self_feature": 0.9594475626945496, "feature": 1.2506152987480164, "loss_actionness": 0.12491755187511444, "loss_transition": 0.6615467965602875, "loss_boundary": 0.003143843961879611, "cost": 3.531115174293518}, "peak_gib": 14.427842140197754}
{"epoch": 11, "successful_updates": 1080, "losses": {"task": 0.44399677962064743, "full_task": 0.3461947590112686, "self_feature": 0.8191218972206116, "feature": 1.0917808413505554, "loss_actionness": 0.1198294460773468, "loss_transition": 0.664118766784668, "loss_boundary": 3.088654193561524e-05, "cost": 2.4882176518440247}, "peak_gib": 14.42798137664795}
{"epoch": 11, "successful_updates": 1100, "losses": {"task": 0.2951029259711504, "full_task": 0.25538230314850807, "self_feature": 0.9365167319774628, "feature": 1.095538318157196, "loss_actionness": 0.1672501266002655, "loss_transition": 0.6657632887363434, "loss_boundary": 0.003134861239232123, "cost": 2.3842867016792297}, "peak_gib": 14.42798137664795}
09/14 12:43:11 - mmengine - WARNING - "FileClient" will be deprecated in future. Please use io functions in https://mmengine.readthedocs.io/en/latest/api/fileio.html#file-io
09/14 12:43:11 - mmengine - WARNING - "FileClient" will be deprecated in future. Please use io functions in https://mmengine.readthedocs.io/en/latest/api/fileio.html#file-io
09/14 12:43:11 - mmengine - WARNING - "HardDiskBackend" is the alias of "LocalBackend" and the former will be deprecated in future.
09/14 12:43:11 - mmengine - WARNING - "HardDiskBackend" is the alias of "LocalBackend" and the former will be deprecated in future.
{"epoch": 12, "successful_updates": 1120, "losses": {"task": 0.18230461329221725, "full_task": 0.15742897242307663, "self_feature": 0.9186039566993713, "feature": 1.2227196097373962, "loss_actionness": 0.12639222294092178, "loss_transition": 0.6405338048934937, "loss_boundary": 0.0016542397352168337, "cost": 2.3048222064971924}, "peak_gib": 14.42798137664795}
{"epoch": 12, "successful_updates": 1140, "losses": {"task": 0.2038557380437851, "full_task": 0.19529825448989868, "self_feature": 0.814964771270752, "feature": 1.0827166438102722, "loss_actionness": 0.2320328950881958, "loss_transition": 0.6543110907077789, "loss_boundary": 8.37295319797704e-05, "cost": 2.303321123123169}, "peak_gib": 14.42798137664795}
{"epoch": 12, "successful_updates": 1160, "losses": {"task": 0.14244738593697548, "full_task": 0.10054041258990765, "self_feature": 1.1451209485530853, "feature": 1.3532525897026062, "loss_actionness": 0.15213895589113235, "loss_transition": 0.583196759223938, "loss_boundary": 0.0015783002909302013, "cost": 2.3722612261772156}, "peak_gib": 14.42798137664795}
{"epoch": 12, "successful_updates": 1180, "losses": {"task": 0.3059501051902771, "full_task": 0.24331417679786682, "self_feature": 0.7749735713005066, "feature": 1.0054188072681427, "loss_actionness": 0.19552423804998398, "loss_transition": 0.6654365956783295, "loss_boundary": 0.003139658598229289, "cost": 2.313795328140259}, "peak_gib": 14.66320514678955}
{"epoch": 12, "successful_updates": 1200, "losses": {"task": 0.265153169631958, "full_task": 0.2501022070646286, "self_feature": 0.7488000392913818, "feature": 1.027266025543213, "loss_actionness": 0.13016518577933311, "loss_transition": 0.6684763133525848, "loss_boundary": 3.085244861722458e-05, "cost": 2.2284969091415405}, "peak_gib": 14.711827278137207}
09/14 12:50:06 - mmengine - WARNING - "FileClient" will be deprecated in future. Please use io functions in https://mmengine.readthedocs.io/en/latest/api/fileio.html#file-io
09/14 12:50:06 - mmengine - WARNING - "FileClient" will be deprecated in future. Please use io functions in https://mmengine.readthedocs.io/en/latest/api/fileio.html#file-io
09/14 12:50:06 - mmengine - WARNING - "HardDiskBackend" is the alias of "LocalBackend" and the former will be deprecated in future.
09/14 12:50:06 - mmengine - WARNING - "HardDiskBackend" is the alias of "LocalBackend" and the former will be deprecated in future.
{"epoch": 13, "successful_updates": 1220, "losses": {"task": 0.4700606167316437, "full_task": 0.3518044501543045, "self_feature": 1.0587486028671265, "feature": 1.202044129371643, "loss_actionness": 0.19123796373605728, "loss_transition": 0.6661994159221649, "loss_boundary": 0.003191910102032125, "cost": 2.7265599966049194}, "peak_gib": 14.711827278137207}
{"epoch": 13, "successful_updates": 1240, "losses": {"task": 0.3928983062505722, "full_task": 0.40459106862545013, "self_feature": 0.7906313836574554, "feature": 1.0126130878925323, "loss_actionness": 0.15073463320732117, "loss_transition": 0.6639420390129089, "loss_boundary": 0.003204303327947855, "cost": 2.4036033749580383}, "peak_gib": 14.711827278137207}
{"epoch": 13, "successful_updates": 1260, "losses": {"task": 0.09944529086351395, "full_task": 0.0967517551034689, "self_feature": 0.8646530508995056, "feature": 1.1712624430656433, "loss_actionness": 0.127593532204628, "loss_transition": 0.6342408359050751, "loss_boundary": 3.0852450436213985e-05, "cost": 2.143226146697998}, "peak_gib": 14.711827278137207}
{"epoch": 13, "successful_updates": 1280, "losses": {"task": 0.7133263945579529, "full_task": 0.4919450134038925, "self_feature": 1.174456238746643, "feature": 1.429382562637329, "loss_actionness": 0.1555921733379364, "loss_transition": 0.6601292788982391, "loss_boundary": 0.0023027363349683583, "cost": 3.2011650800704956}, "peak_gib": 14.711827278137207}
{"epoch": 13, "successful_updates": 1300, "losses": {"task": 0.2556600272655487, "full_task": 0.2654150426387787, "self_feature": 0.628994882106781, "feature": 0.8257788121700287, "loss_actionness": 0.11654788628220558, "loss_transition": 0.6629381477832794, "loss_boundary": 0.0031349000055342913, "cost": 1.9933130741119385}, "peak_gib": 14.711827278137207}
09/14 12:57:19 - mmengine - WARNING - "FileClient" will be deprecated in future. Please use io functions in https://mmengine.readthedocs.io/en/latest/api/fileio.html#file-io
09/14 12:57:19 - mmengine - WARNING - "FileClient" will be deprecated in future. Please use io functions in https://mmengine.readthedocs.io/en/latest/api/fileio.html#file-io
09/14 12:57:19 - mmengine - WARNING - "HardDiskBackend" is the alias of "LocalBackend" and the former will be deprecated in future.
09/14 12:57:19 - mmengine - WARNING - "HardDiskBackend" is the alias of "LocalBackend" and the former will be deprecated in future.
{"epoch": 14, "successful_updates": 1320, "losses": {"task": 0.47197405993938446, "full_task": 0.44597187638282776, "self_feature": 0.9470219016075134, "feature": 1.3019101023674011, "loss_actionness": 0.11463649198412895, "loss_transition": 0.6635178327560425, "loss_boundary": 3.085245225520339e-05, "cost": 2.7582645416259766}, "peak_gib": 14.711827278137207}
{"epoch": 14, "successful_updates": 1340, "losses": {"task": 0.20214051753282547, "full_task": 0.14048805087804794, "self_feature": 0.802478164434433, "feature": 0.9706285893917084, "loss_actionness": 0.16861890256404877, "loss_transition": 0.6355527639389038, "loss_boundary": 0.0017752997009665705, "cost": 2.094085991382599}, "peak_gib": 14.711827278137207}
{"epoch": 14, "successful_updates": 1360, "losses": {"task": 0.3125587925314903, "full_task": 0.3033016547560692, "self_feature": 0.7058682441711426, "feature": 0.9306980669498444, "loss_actionness": 0.19057980179786682, "loss_transition": 0.6432934999465942, "loss_boundary": 0.0016810605811770074, "cost": 2.2252235412597656}, "peak_gib": 14.711827278137207}
{"epoch": 14, "successful_updates": 1380, "losses": {"task": 0.28543397784233093, "full_task": 0.2380603477358818, "self_feature": 0.6822588443756104, "feature": 0.9204558730125427, "loss_actionness": 0.18716855719685555, "loss_transition": 0.6477738916873932, "loss_boundary": 3.688320066430606e-05, "cost": 2.168610155582428}, "peak_gib": 14.711827278137207}
{"epoch": 14, "successful_updates": 1400, "losses": {"task": 1.0845821350812912, "full_task": 0.9821656607091427, "self_feature": 0.9164196848869324, "feature": 1.0941027402877808, "loss_actionness": 0.1946301907300949, "loss_transition": 0.6101117134094238, "loss_boundary": 0.00158964333604672, "cost": 3.322200119495392}, "peak_gib": 14.711827278137207}
09/14 13:04:23 - mmengine - WARNING - "FileClient" will be deprecated in future. Please use io functions in https://mmengine.readthedocs.io/en/latest/api/fileio.html#file-io
09/14 13:04:23 - mmengine - WARNING - "FileClient" will be deprecated in future. Please use io functions in https://mmengine.readthedocs.io/en/latest/api/fileio.html#file-io
09/14 13:04:23 - mmengine - WARNING - "HardDiskBackend" is the alias of "LocalBackend" and the former will be deprecated in future.
09/14 13:04:23 - mmengine - WARNING - "HardDiskBackend" is the alias of "LocalBackend" and the former will be deprecated in future.
{"epoch": 15, "successful_updates": 1420, "losses": {"task": 0.30351370573043823, "full_task": 0.297911673784256, "self_feature": 0.5774238854646683, "feature": 0.885902613401413, "loss_actionness": 0.1427750438451767, "loss_transition": 0.6253393590450287, "loss_boundary": 0.0015908566128928214, "cost": 2.0913419127464294}, "peak_gib": 14.711827278137207}
{"epoch": 15, "successful_updates": 1440, "losses": {"task": 0.1543523371219635, "full_task": 0.1407838761806488, "self_feature": 0.7698254287242889, "feature": 0.9464661180973053, "loss_actionness": 0.12871046364307404, "loss_transition": 0.5813937485218048, "loss_boundary": 3.085244861722458e-05, "cost": 1.9231320023536682}, "peak_gib": 14.711827278137207}
{"epoch": 15, "successful_updates": 1460, "losses": {"task": 0.31468793749809265, "full_task": 0.22866228595376015, "self_feature": 1.1955523490905762, "feature": 1.3938037157058716, "loss_actionness": 0.1122341975569725, "loss_transition": 0.6529710292816162, "loss_boundary": 0.0031384757021442056, "cost": 2.653556227684021}, "peak_gib": 14.711827278137207}
{"epoch": 15, "successful_updates": 1480, "losses": {"task": 0.8122571706771851, "full_task": 0.8221671879291534, "self_feature": 0.7369725555181503, "feature": 1.0324111878871918, "loss_actionness": 0.13121119141578674, "loss_transition": 0.6066092550754547, "loss_boundary": 0.0015789148455951363, "cost": 2.863306701183319}, "peak_gib": 14.711827278137207}
{"epoch": 15, "successful_updates": 1500, "losses": {"task": 1.126958403736353, "full_task": 1.100990355014801, "self_feature": 0.7739897668361664, "feature": 1.081177830696106, "loss_actionness": 0.167693629860878, "loss_transition": 0.6658718883991241, "loss_boundary": 3.245417792641092e-05, "cost": 3.3943806886672974}, "peak_gib": 14.711827278137207}
09/14 13:11:19 - mmengine - WARNING - "FileClient" will be deprecated in future. Please use io functions in https://mmengine.readthedocs.io/en/latest/api/fileio.html#file-io
09/14 13:11:19 - mmengine - WARNING - "FileClient" will be deprecated in future. Please use io functions in https://mmengine.readthedocs.io/en/latest/api/fileio.html#file-io
09/14 13:11:19 - mmengine - WARNING - "HardDiskBackend" is the alias of "LocalBackend" and the former will be deprecated in future.
09/14 13:11:19 - mmengine - WARNING - "HardDiskBackend" is the alias of "LocalBackend" and the former will be deprecated in future.
{"epoch": 16, "successful_updates": 1520, "losses": {"task": 1.5010200701653957, "full_task": 1.0104878395795822, "self_feature": 1.2455907464027405, "feature": 1.4949238300323486, "loss_actionness": 0.14371304959058762, "loss_transition": 0.6593590080738068, "loss_boundary": 0.0031339575070887804, "cost": 4.179331183433533}, "peak_gib": 14.7244234085083}
{"epoch": 16, "successful_updates": 1540, "losses": {"task": 0.08215781860053539, "full_task": 0.0793974855914712, "self_feature": 0.24982701987028122, "feature": 0.5431901216506958, "loss_actionness": 0.15769260749220848, "loss_transition": 0.521688848733902, "loss_boundary": 3.085244861722458e-05, "cost": 1.3495923280715942}, "peak_gib": 14.7244234085083}
{"epoch": 16, "successful_updates": 1560, "losses": {"task": 0.20206833258271217, "full_task": 0.16341248713433743, "self_feature": 0.9135068655014038, "feature": 1.1596907377243042, "loss_actionness": 0.11933264881372452, "loss_transition": 0.5905568599700928, "loss_boundary": 3.085244861722458e-05, "cost": 2.2038832306861877}, "peak_gib": 14.7244234085083}
{"epoch": 16, "successful_updates": 1580, "losses": {"task": 1.4688854813575745, "full_task": 1.1931096315383911, "self_feature": 1.056496500968933, "feature": 1.3053976893424988, "loss_actionness": 0.21836695075035095, "loss_transition": 0.6661693155765533, "loss_boundary": 0.0031867341604083776, "cost": 4.065933346748352}, "peak_gib": 14.7244234085083}
{"epoch": 16, "successful_updates": 1600, "losses": {"task": 0.25153961032629013, "full_task": 0.24769145715981722, "self_feature": 0.9218995571136475, "feature": 1.1469282507896423, "loss_actionness": 0.14498808979988098, "loss_transition": 0.6677432358264923, "loss_boundary": 0.0033283045049756765, "cost": 2.368640422821045}, "peak_gib": 14.7244234085083}
09/14 13:18:18 - mmengine - WARNING - "FileClient" will be deprecated in future. Please use io functions in https://mmengine.readthedocs.io/en/latest/api/fileio.html#file-io
09/14 13:18:18 - mmengine - WARNING - "FileClient" will be deprecated in future. Please use io functions in https://mmengine.readthedocs.io/en/latest/api/fileio.html#file-io
09/14 13:18:18 - mmengine - WARNING - "HardDiskBackend" is the alias of "LocalBackend" and the former will be deprecated in future.
09/14 13:18:18 - mmengine - WARNING - "HardDiskBackend" is the alias of "LocalBackend" and the former will be deprecated in future.
{"epoch": 17, "successful_updates": 1620, "losses": {"task": 0.1614718921482563, "full_task": 0.11920987814664841, "self_feature": 0.826198935508728, "feature": 1.134368658065796, "loss_actionness": 0.133590716868639, "loss_transition": 0.6312132477760315, "loss_boundary": 3.0852450436213985e-05, "cost": 2.1730977296829224}, "peak_gib": 14.7244234085083}
{"epoch": 17, "successful_updates": 1640, "losses": {"task": 1.3302238881587982, "full_task": 1.1445371508598328, "self_feature": 1.0131965577602386, "feature": 1.2630535960197449, "loss_actionness": 0.15453969687223434, "loss_transition": 0.660695344209671, "loss_boundary": 0.002566255978308618, "cost": 3.798532724380493}, "peak_gib": 14.7244234085083}
{"epoch": 17, "successful_updates": 1660, "losses": {"task": 0.5973668098449707, "full_task": 0.6351167559623718, "self_feature": 0.6525041460990906, "feature": 0.9153728783130646, "loss_actionness": 0.14180531352758408, "loss_transition": 0.6250971257686615, "loss_boundary": 0.0015992574990377761, "cost": 2.5052711963653564}, "peak_gib": 14.7244234085083}
{"epoch": 17, "successful_updates": 1680, "losses": {"task": 0.12860011402517557, "full_task": 0.09763050265610218, "self_feature": 1.0280851125717163, "feature": 1.3228022456169128, "loss_actionness": 0.10794102028012276, "loss_transition": 0.6629470884799957, "loss_boundary": 3.0852450436213985e-05, "cost": 2.3495373725891113}, "peak_gib": 14.7244234085083}
{"epoch": 17, "successful_updates": 1700, "losses": {"task": 0.25115999579429626, "full_task": 0.15258555859327316, "self_feature": 0.9403047263622284, "feature": 1.1068255305290222, "loss_actionness": 0.17197094857692719, "loss_transition": 0.66389399766922, "loss_boundary": 0.003132210811600089, "cost": 2.3291594982147217}, "peak_gib": 14.7244234085083}
09/14 13:25:26 - mmengine - WARNING - "FileClient" will be deprecated in future. Please use io functions in https://mmengine.readthedocs.io/en/latest/api/fileio.html#file-io
09/14 13:25:26 - mmengine - WARNING - "FileClient" will be deprecated in future. Please use io functions in https://mmengine.readthedocs.io/en/latest/api/fileio.html#file-io
09/14 13:25:26 - mmengine - WARNING - "HardDiskBackend" is the alias of "LocalBackend" and the former will be deprecated in future.
09/14 13:25:26 - mmengine - WARNING - "HardDiskBackend" is the alias of "LocalBackend" and the former will be deprecated in future.
{"epoch": 18, "successful_updates": 1720, "losses": {"task": 0.9561251699924469, "full_task": 0.9512465000152588, "self_feature": 0.8448807299137115, "feature": 1.046887218952179, "loss_actionness": 0.16457339376211166, "loss_transition": 0.6692114174365997, "loss_boundary": 0.0031559683848172426, "cost": 3.1622527837753296}, "peak_gib": 14.7244234085083}
{"epoch": 18, "successful_updates": 1740, "losses": {"task": 0.09169365093111992, "full_task": 0.08648606762290001, "self_feature": 0.9069947600364685, "feature": 1.1307263374328613, "loss_actionness": 0.11318494752049446, "loss_transition": 0.5344147682189941, "loss_boundary": 3.0852450436213985e-05, "cost": 1.9823716878890991}, "peak_gib": 14.7244234085083}
{"epoch": 18, "successful_updates": 1760, "losses": {"task": 0.6632713219150901, "full_task": 0.6066300622187555, "self_feature": 0.8826698958873749, "feature": 1.0627153515815735, "loss_actionness": 0.14846163243055344, "loss_transition": 0.5813123285770416, "loss_boundary": 0.001618704905922641, "cost": 2.697303831577301}, "peak_gib": 14.7244234085083}
{"epoch": 18, "successful_updates": 1780, "losses": {"task": 0.4800036996603012, "full_task": 0.39890816807746887, "self_feature": 0.8984567821025848, "feature": 1.1900684833526611, "loss_actionness": 0.11933427304029465, "loss_transition": 0.6613942384719849, "loss_boundary": 0.003128686104901135, "cost": 2.643502116203308}, "peak_gib": 14.7244234085083}
{"epoch": 18, "successful_updates": 1800, "losses": {"task": 0.9037919491529465, "full_task": 0.8471781611442566, "self_feature": 0.7554440796375275, "feature": 1.0605835914611816, "loss_actionness": 0.14132331684231758, "loss_transition": 0.6555684506893158, "loss_boundary": 6.873614620417356e-05, "cost": 3.0486749410629272}, "peak_gib": 14.7244234085083}
09/14 13:32:32 - mmengine - WARNING - "FileClient" will be deprecated in future. Please use io functions in https://mmengine.readthedocs.io/en/latest/api/fileio.html#file-io
09/14 13:32:32 - mmengine - WARNING - "FileClient" will be deprecated in future. Please use io functions in https://mmengine.readthedocs.io/en/latest/api/fileio.html#file-io
09/14 13:32:32 - mmengine - WARNING - "HardDiskBackend" is the alias of "LocalBackend" and the former will be deprecated in future.
09/14 13:32:32 - mmengine - WARNING - "HardDiskBackend" is the alias of "LocalBackend" and the former will be deprecated in future.
{"epoch": 19, "successful_updates": 1820, "losses": {"task": 0.29189130663871765, "full_task": 0.2517275810241699, "self_feature": 1.3681001663208008, "feature": 1.6245957016944885, "loss_actionness": 0.1547076813876629, "loss_transition": 0.6672002375125885, "loss_boundary": 0.0031285309232771397, "cost": 2.941265344619751}, "peak_gib": 14.7244234085083}
{"epoch": 19, "successful_updates": 1840, "losses": {"task": 0.20985975861549377, "full_task": 0.23597542196512222, "self_feature": 0.7026547789573669, "feature": 0.9130205810070038, "loss_actionness": 0.13521404936909676, "loss_transition": 0.6367712318897247, "loss_boundary": 0.0016434888384537771, "cost": 2.025768518447876}, "peak_gib": 14.7244234085083}
{"epoch": 19, "successful_updates": 1860, "losses": {"task": 0.4202306419610977, "full_task": 0.3547554761171341, "self_feature": 0.8481384515762329, "feature": 1.163778841495514, "loss_actionness": 0.1449800282716751, "loss_transition": 0.6534566581249237, "loss_boundary": 3.197432306478731e-05, "cost": 2.5559808015823364}, "peak_gib": 14.7244234085083}
{"epoch": 19, "successful_updates": 1880, "losses": {"task": 0.06056170538067818, "full_task": 0.03739029914140701, "self_feature": 0.7430932819843292, "feature": 0.9693613350391388, "loss_actionness": 0.14461304992437363, "loss_transition": 0.585801750421524, "loss_boundary": 3.085244861722458e-05, "cost": 1.8440256714820862}, "peak_gib": 14.7244234085083}
{"epoch": 19, "successful_updates": 1900, "losses": {"task": 0.9237093329429626, "full_task": 0.882649838924408, "self_feature": 0.7980561852455139, "feature": 1.042713850736618, "loss_actionness": 0.17541787773370743, "loss_transition": 0.6692262291908264, "loss_boundary": 0.003247226821258664, "cost": 3.1147825717926025}, "peak_gib": 14.7244234085083}
09/14 13:39:33 - mmengine - WARNING - "FileClient" will be deprecated in future. Please use io functions in https://mmengine.readthedocs.io/en/latest/api/fileio.html#file-io
09/14 13:39:33 - mmengine - WARNING - "FileClient" will be deprecated in future. Please use io functions in https://mmengine.readthedocs.io/en/latest/api/fileio.html#file-io
09/14 13:39:33 - mmengine - WARNING - "HardDiskBackend" is the alias of "LocalBackend" and the former will be deprecated in future.
09/14 13:39:33 - mmengine - WARNING - "HardDiskBackend" is the alias of "LocalBackend" and the former will be deprecated in future.
{"epoch": 20, "successful_updates": 1920, "losses": {"task": 0.23943014442920685, "full_task": 0.1962338611483574, "self_feature": 0.9916144609451294, "feature": 1.2930452227592468, "loss_actionness": 0.121405690908432, "loss_transition": 0.6102932095527649, "loss_boundary": 3.085245225520339e-05, "cost": 2.412424921989441}, "peak_gib": 14.7244234085083}
{"epoch": 20, "successful_updates": 1940, "losses": {"task": 0.2956938371062279, "full_task": 0.16482575237751007, "self_feature": 1.1126032769680023, "feature": 1.3556549549102783, "loss_actionness": 0.13099392503499985, "loss_transition": 0.6501339673995972, "loss_boundary": 0.003133256803266704, "cost": 2.588076591491699}, "peak_gib": 14.7244234085083}
{"epoch": 20, "successful_updates": 1960, "losses": {"task": 0.15251246839761734, "full_task": 0.14063825830817223, "self_feature": 0.4521390274167061, "feature": 0.7132001221179962, "loss_actionness": 0.2213287279009819, "loss_transition": 0.5999037325382233, "loss_boundary": 0.0007901347998995334, "cost": 1.7681086659431458}, "peak_gib": 14.7244234085083}
{"epoch": 20, "successful_updates": 1980, "losses": {"task": 0.6035647466778755, "full_task": 0.5169777497649193, "self_feature": 0.9756362438201904, "feature": 1.282070815563202, "loss_actionness": 0.19749752432107925, "loss_transition": 0.6647940874099731, "loss_boundary": 3.085244679823518e-05, "cost": 2.9747660160064697}, "peak_gib": 14.7244234085083}
{"epoch": 20, "successful_updates": 2000, "losses": {"task": 0.38428299129009247, "full_task": 0.29129546135663986, "self_feature": 1.0989969372749329, "feature": 1.3073908686637878, "loss_actionness": 0.13164176046848297, "loss_transition": 0.6608192026615143, "loss_boundary": 0.003132970305159688, "cost": 2.6699914932250977}, "peak_gib": 14.7244234085083}
validation subset: 211 videos, truncated as 792 windows.
09/14 13:46:34 - mmengine - WARNING - "FileClient" will be deprecated in future. Please use io functions in https://mmengine.readthedocs.io/en/latest/api/fileio.html#file-io
09/14 13:46:34 - mmengine - WARNING - "HardDiskBackend" is the alias of "LocalBackend" and the former will be deprecated in future.
09/14 13:46:34 - mmengine - WARNING - "FileClient" will be deprecated in future. Please use io functions in https://mmengine.readthedocs.io/en/latest/api/fileio.html#file-io
09/14 13:46:34 - mmengine - WARNING - "HardDiskBackend" is the alias of "LocalBackend" and the former will be deprecated in future.
thumos_b_point_uniform_seed42 20: 1/792
thumos_b_point_uniform_seed42 20: 101/792
thumos_b_point_uniform_seed42 20: 201/792
thumos_b_point_uniform_seed42 20: 301/792
thumos_b_point_uniform_seed42 20: 401/792
thumos_b_point_uniform_seed42 20: 501/792
thumos_b_point_uniform_seed42 20: 601/792
thumos_b_point_uniform_seed42 20: 701/792
{'average_mAP': 0.6807314851511166, 'mAP@0.3': 0.8333921057221303, 'mAP@0.4': 0.7896370591702508, 'mAP@0.5': 0.7112376401683029, 'mAP@0.6': 0.604983643741555, 'mAP@0.7': 0.464406976953344}
09/14 14:08:50 - mmengine - WARNING - "FileClient" will be deprecated in future. Please use io functions in https://mmengine.readthedocs.io/en/latest/api/fileio.html#file-io
09/14 14:08:50 - mmengine - WARNING - "FileClient" will be deprecated in future. Please use io functions in https://mmengine.readthedocs.io/en/latest/api/fileio.html#file-io
09/14 14:08:50 - mmengine - WARNING - "HardDiskBackend" is the alias of "LocalBackend" and the former will be deprecated in future.
09/14 14:08:50 - mmengine - WARNING - "HardDiskBackend" is the alias of "LocalBackend" and the former will be deprecated in future.
{"epoch": 21, "successful_updates": 2020, "losses": {"task": 0.10270335152745247, "full_task": 0.09824921563267708, "self_feature": 0.8847094476222992, "feature": 1.1118822991847992, "loss_actionness": 0.18117734044790268, "loss_transition": 0.6669459640979767, "loss_boundary": 0.0031573401065543294, "cost": 2.1788995265960693}, "peak_gib": 14.425493240356445}
{"epoch": 21, "successful_updates": 2040, "losses": {"task": 0.13618969172239304, "full_task": 0.11985954642295837, "self_feature": 0.7645784020423889, "feature": 1.0156031548976898, "loss_actionness": 0.13824183493852615, "loss_transition": 0.662210613489151, "loss_boundary": 3.085245225520339e-05, "cost": 2.058698832988739}, "peak_gib": 14.425493240356445}
{"epoch": 21, "successful_updates": 2060, "losses": {"task": 0.1926668882369995, "full_task": 0.14135634899139404, "self_feature": 0.9518171846866608, "feature": 1.188670039176941, "loss_actionness": 0.19279441237449646, "loss_transition": 0.586328387260437, "loss_boundary": 0.001794956191588426, "cost": 2.292775511741638}, "peak_gib": 14.425493240356445}
{"epoch": 21, "successful_updates": 2080, "losses": {"task": 0.14094352535903454, "full_task": 0.1325554996728897, "self_feature": 0.9186788499355316, "feature": 1.1551730036735535, "loss_actionness": 0.13311483711004257, "loss_transition": 0.6649927496910095, "loss_boundary": 0.0032226962503045797, "cost": 2.2224535942077637}, "peak_gib": 14.427909851074219}
{"epoch": 21, "successful_updates": 2100, "losses": {"task": 1.0448231268674135, "full_task": 0.9011220531538129, "self_feature": 0.7502106726169586, "feature": 1.0352821946144104, "loss_actionness": 0.13938459753990173, "loss_transition": 0.6581027209758759, "loss_boundary": 3.470725459919777e-05, "cost": 3.1779289841651917}, "peak_gib": 14.427909851074219}
09/14 14:15:48 - mmengine - WARNING - "FileClient" will be deprecated in future. Please use io functions in https://mmengine.readthedocs.io/en/latest/api/fileio.html#file-io
09/14 14:15:48 - mmengine - WARNING - "FileClient" will be deprecated in future. Please use io functions in https://mmengine.readthedocs.io/en/latest/api/fileio.html#file-io
09/14 14:15:48 - mmengine - WARNING - "HardDiskBackend" is the alias of "LocalBackend" and the former will be deprecated in future.
09/14 14:15:48 - mmengine - WARNING - "HardDiskBackend" is the alias of "LocalBackend" and the former will be deprecated in future.
{"epoch": 22, "successful_updates": 2120, "losses": {"task": 0.40278511494398117, "full_task": 0.3528991788625717, "self_feature": 1.1207731366157532, "feature": 1.3439376950263977, "loss_actionness": 0.13570766896009445, "loss_transition": 0.6644032299518585, "loss_boundary": 0.0031315948581323028, "cost": 2.750267505645752}, "peak_gib": 14.427909851074219}
{"epoch": 22, "successful_updates": 2140, "losses": {"task": 0.5959944687783718, "full_task": 0.5849557407200336, "self_feature": 0.9087982773780823, "feature": 1.136164903640747, "loss_actionness": 0.11042719706892967, "loss_transition": 0.6620323061943054, "loss_boundary": 0.00313109892886132, "cost": 2.7448686361312866}, "peak_gib": 14.663207054138184}
{"epoch": 22, "successful_updates": 2160, "losses": {"task": 0.8842629343271255, "full_task": 0.7956842482089996, "self_feature": 0.7255818843841553, "feature": 1.0022466778755188, "loss_actionness": 0.21342840790748596, "loss_transition": 0.6145265698432922, "loss_boundary": 6.349115392367821e-05, "cost": 2.9860072135925293}, "peak_gib": 14.663207054138184}
{"epoch": 22, "successful_updates": 2180, "losses": {"task": 0.7549672424793243, "full_task": 0.5086213499307632, "self_feature": 0.9350720942020416, "feature": 1.1978972554206848, "loss_actionness": 0.19446895271539688, "loss_transition": 0.6621771454811096, "loss_boundary": 0.0031961839413270354, "cost": 3.0333691835403442}, "peak_gib": 14.663207054138184}
{"epoch": 22, "successful_updates": 2200, "losses": {"task": 0.5529576689004898, "full_task": 0.5039226114749908, "self_feature": 0.7915548384189606, "feature": 1.0154409110546112, "loss_actionness": 0.19212547689676285, "loss_transition": 0.6609993577003479, "loss_boundary": 0.0031432751566171646, "cost": 2.6298028230667114}, "peak_gib": 14.663207054138184}
09/14 14:22:54 - mmengine - WARNING - "FileClient" will be deprecated in future. Please use io functions in https://mmengine.readthedocs.io/en/latest/api/fileio.html#file-io
09/14 14:22:54 - mmengine - WARNING - "FileClient" will be deprecated in future. Please use io functions in https://mmengine.readthedocs.io/en/latest/api/fileio.html#file-io
09/14 14:22:54 - mmengine - WARNING - "HardDiskBackend" is the alias of "LocalBackend" and the former will be deprecated in future.
09/14 14:22:54 - mmengine - WARNING - "HardDiskBackend" is the alias of "LocalBackend" and the former will be deprecated in future.
{"epoch": 23, "successful_updates": 2220, "losses": {"task": 0.10161369852721691, "full_task": 0.09180868789553642, "self_feature": 0.8509548008441925, "feature": 1.122117280960083, "loss_actionness": 0.18216653913259506, "loss_transition": 0.6454458832740784, "loss_boundary": 3.085245225520339e-05, "cost": 2.159421682357788}, "peak_gib": 14.663207054138184}
{"epoch": 23, "successful_updates": 2240, "losses": {"task": 0.2835543155670166, "full_task": 0.24267636239528656, "self_feature": 0.882237583398819, "feature": 1.0596573054790497, "loss_actionness": 0.16286564618349075, "loss_transition": 0.5949831604957581, "loss_boundary": 0.0003318147428217344, "cost": 2.2502851486206055}, "peak_gib": 14.719520092010498}
{"epoch": 23, "successful_updates": 2260, "losses": {"task": 0.3272223398089409, "full_task": 0.3210010454058647, "self_feature": 0.6163124740123749, "feature": 0.849689245223999, "loss_actionness": 0.1423565149307251, "loss_transition": 0.6434168517589569, "loss_boundary": 0.0018952165846712887, "cost": 2.106461822986603}, "peak_gib": 14.719520092010498}
{"epoch": 23, "successful_updates": 2280, "losses": {"task": 0.9626089334487915, "full_task": 0.885109543800354, "self_feature": 0.6633250415325165, "feature": 0.8517973721027374, "loss_actionness": 0.13682297617197037, "loss_transition": 0.6645237803459167, "loss_boundary": 5.8072477258974686e-05, "cost": 2.903420925140381}, "peak_gib": 14.719520092010498}
{"epoch": 23, "successful_updates": 2300, "losses": {"task": 0.2959579527378082, "full_task": 0.2502218373119831, "self_feature": 1.1494578123092651, "feature": 1.397299885749817, "loss_actionness": 0.13654671609401703, "loss_transition": 0.633050411939621, "loss_boundary": 0.0016953532758634537, "cost": 2.6420514583587646}, "peak_gib": 14.719520092010498}
09/14 14:29:50 - mmengine - WARNING - "FileClient" will be deprecated in future. Please use io functions in https://mmengine.readthedocs.io/en/latest/api/fileio.html#file-io
09/14 14:29:50 - mmengine - WARNING - "FileClient" will be deprecated in future. Please use io functions in https://mmengine.readthedocs.io/en/latest/api/fileio.html#file-io
09/14 14:29:50 - mmengine - WARNING - "HardDiskBackend" is the alias of "LocalBackend" and the former will be deprecated in future.
09/14 14:29:50 - mmengine - WARNING - "HardDiskBackend" is the alias of "LocalBackend" and the former will be deprecated in future.
{"epoch": 24, "successful_updates": 2320, "losses": {"task": 0.8721983171999454, "full_task": 0.9258573288097978, "self_feature": 0.44681787490844727, "feature": 0.5835144221782684, "loss_actionness": 0.11712350323796272, "loss_transition": 0.6608182191848755, "loss_boundary": 0.002459046896547079, "cost": 2.512259781360626}, "peak_gib": 14.719520092010498}
{"epoch": 24, "successful_updates": 2340, "losses": {"task": 0.05154138430953026, "full_task": 0.045230304822325706, "self_feature": 0.8336178362369537, "feature": 1.063983827829361, "loss_actionness": 0.14490948989987373, "loss_transition": 0.558422714471817, "loss_boundary": 3.085245225520339e-05, "cost": 1.9135576486587524}, "peak_gib": 14.719520092010498}
{"epoch": 24, "successful_updates": 2360, "losses": {"task": 0.4778370335698128, "full_task": 0.37381869554519653, "self_feature": 0.9123264849185944, "feature": 1.1519147753715515, "loss_actionness": 0.17193645983934402, "loss_transition": 0.5391096770763397, "loss_boundary": 0.001578944184075226, "cost": 2.527064263820648}, "peak_gib": 14.719520092010498}
{"epoch": 24, "successful_updates": 2380, "losses": {"task": 0.4686221033334732, "full_task": 0.43898266553878784, "self_feature": 0.7898542582988739, "feature": 0.996248722076416, "loss_actionness": 0.1237250380218029, "loss_transition": 0.6690755784511566, "loss_boundary": 0.0032917181961238384, "cost": 2.4496942162513733}, "peak_gib": 14.719520092010498}
{"epoch": 24, "successful_updates": 2400, "losses": {"task": 0.44236674904823303, "full_task": 0.36668843030929565, "self_feature": 0.6974247097969055, "feature": 0.8732998669147491, "loss_actionness": 0.21114003658294678, "loss_transition": 0.6609682738780975, "loss_boundary": 3.0852450436213985e-05, "cost": 2.3492202758789062}, "peak_gib": 14.719520092010498}
09/14 14:36:56 - mmengine - WARNING - "FileClient" will be deprecated in future. Please use io functions in https://mmengine.readthedocs.io/en/latest/api/fileio.html#file-io
09/14 14:36:56 - mmengine - WARNING - "FileClient" will be deprecated in future. Please use io functions in https://mmengine.readthedocs.io/en/latest/api/fileio.html#file-io
09/14 14:36:56 - mmengine - WARNING - "HardDiskBackend" is the alias of "LocalBackend" and the former will be deprecated in future.
09/14 14:36:56 - mmengine - WARNING - "HardDiskBackend" is the alias of "LocalBackend" and the former will be deprecated in future.
{"epoch": 25, "successful_updates": 2420, "losses": {"task": 0.83000648021698, "full_task": 0.6556362807750702, "self_feature": 1.2718900442123413, "feature": 1.5630829334259033, "loss_actionness": 0.1882149502635002, "loss_transition": 0.664689689874649, "loss_boundary": 0.003140299580991268, "cost": 3.5402321815490723}, "peak_gib": 14.719520092010498}
{"epoch": 25, "successful_updates": 2440, "losses": {"task": 0.23169685155153275, "full_task": 0.2352660782635212, "self_feature": 0.8347102105617523, "feature": 1.0642237663269043, "loss_actionness": 0.13357283920049667, "loss_transition": 0.6554410457611084, "loss_boundary": 0.0021092845126986504, "cost": 2.2293312549591064}, "peak_gib": 14.719520092010498}
{"epoch": 25, "successful_updates": 2460, "losses": {"task": 0.1636683102697134, "full_task": 0.14360013231635094, "self_feature": 0.6856869459152222, "feature": 0.9409122467041016, "loss_actionness": 0.1324639618396759, "loss_transition": 0.6671682596206665, "loss_boundary": 3.085244861722458e-05, "cost": 2.0087122321128845}, "peak_gib": 14.719520092010498}
{"epoch": 25, "successful_updates": 2480, "losses": {"task": 0.15359029173851013, "full_task": 0.15502682328224182, "self_feature": 0.9282669425010681, "feature": 1.1355611085891724, "loss_actionness": 0.15530000627040863, "loss_transition": 0.6224751770496368, "loss_boundary": 0.0008603059395682067, "cost": 2.1993703842163086}, "peak_gib": 14.724687576293945}
{"epoch": 25, "successful_updates": 2500, "losses": {"task": 0.4059339091181755, "full_task": 0.39952149987220764, "self_feature": 0.7073257267475128, "feature": 0.8976801633834839, "loss_actionness": 0.12164438888430595, "loss_transition": 0.6630448400974274, "loss_boundary": 0.0032512154430150986, "cost": 2.2621673941612244}, "peak_gib": 14.724687576293945}
09/14 14:43:57 - mmengine - WARNING - "FileClient" will be deprecated in future. Please use io functions in https://mmengine.readthedocs.io/en/latest/api/fileio.html#file-io
09/14 14:43:57 - mmengine - WARNING - "FileClient" will be deprecated in future. Please use io functions in https://mmengine.readthedocs.io/en/latest/api/fileio.html#file-io
09/14 14:43:57 - mmengine - WARNING - "HardDiskBackend" is the alias of "LocalBackend" and the former will be deprecated in future.
09/14 14:43:57 - mmengine - WARNING - "HardDiskBackend" is the alias of "LocalBackend" and the former will be deprecated in future.
{"epoch": 26, "successful_updates": 2520, "losses": {"task": 0.36737871170043945, "full_task": 0.3262730538845062, "self_feature": 0.8914527595043182, "feature": 1.1330304145812988, "loss_actionness": 0.18373926728963852, "loss_transition": 0.6270385682582855, "loss_boundary": 3.309033672849182e-05, "cost": 2.48193359375}, "peak_gib": 14.724687576293945}
{"epoch": 26, "successful_updates": 2540, "losses": {"task": 0.264305979013443, "full_task": 0.2023838609457016, "self_feature": 0.878521203994751, "feature": 1.0288022756576538, "loss_actionness": 0.15596970170736313, "loss_transition": 0.644406259059906, "loss_boundary": 0.0017513192869955674, "cost": 2.2336835861206055}, "peak_gib": 14.724687576293945}
{"epoch": 26, "successful_updates": 2560, "losses": {"task": 0.5266205556690693, "full_task": 0.4989907816052437, "self_feature": 0.7656534612178802, "feature": 0.9471613466739655, "loss_actionness": 0.09216023981571198, "loss_transition": 0.6547716856002808, "loss_boundary": 0.0034390600631013513, "cost": 2.4254660606384277}, "peak_gib": 14.724687576293945}
{"epoch": 26, "successful_updates": 2580, "losses": {"task": 0.16763415187597275, "full_task": 0.14730874449014664, "self_feature": 1.1132992506027222, "feature": 1.2769832015037537, "loss_actionness": 0.16516069695353508, "loss_transition": 0.5154677629470825, "loss_boundary": 3.0852450436213985e-05, "cost": 2.2734336853027344}, "peak_gib": 14.724687576293945}
{"epoch": 26, "successful_updates": 2600, "losses": {"task": 0.12013900279998779, "full_task": 0.09639747440814972, "self_feature": 1.0456102788448334, "feature": 1.2334774136543274, "loss_actionness": 0.12642470002174377, "loss_transition": 0.654371440410614, "loss_boundary": 0.0031330303754657507, "cost": 2.266205906867981}, "peak_gib": 14.724687576293945}
09/14 14:50:59 - mmengine - WARNING - "FileClient" will be deprecated in future. Please use io functions in https://mmengine.readthedocs.io/en/latest/api/fileio.html#file-io
09/14 14:50:59 - mmengine - WARNING - "FileClient" will be deprecated in future. Please use io functions in https://mmengine.readthedocs.io/en/latest/api/fileio.html#file-io
09/14 14:50:59 - mmengine - WARNING - "HardDiskBackend" is the alias of "LocalBackend" and the former will be deprecated in future.
09/14 14:50:59 - mmengine - WARNING - "HardDiskBackend" is the alias of "LocalBackend" and the former will be deprecated in future.
{"epoch": 27, "successful_updates": 2620, "losses": {"task": 0.5404403507709503, "full_task": 0.4708138555288315, "self_feature": 0.753716766834259, "feature": 0.9786893129348755, "loss_actionness": 0.14962080866098404, "loss_transition": 0.6640065014362335, "loss_boundary": 0.0031487714732065797, "cost": 2.5289809703826904}, "peak_gib": 14.724687576293945}
{"epoch": 27, "successful_updates": 2640, "losses": {"task": 0.28485058061778545, "full_task": 0.2420849734917283, "self_feature": 0.7580251395702362, "feature": 0.8883585929870605, "loss_actionness": 0.13441530615091324, "loss_transition": 0.6786517202854156, "loss_boundary": 3.085244861722458e-05, "cost": 2.1226306557655334}, "peak_gib": 14.724687576293945}
{"epoch": 27, "successful_updates": 2660, "losses": {"task": 1.112343430519104, "full_task": 0.793925017118454, "self_feature": 1.1075395941734314, "feature": 1.3415252566337585, "loss_actionness": 0.20943356305360794, "loss_transition": 0.664534330368042, "loss_boundary": 0.003155019599944353, "cost": 3.640226721763611}, "peak_gib": 14.724687576293945}
{"epoch": 27, "successful_updates": 2680, "losses": {"task": 0.32218585908412933, "full_task": 0.3343907594680786, "self_feature": 0.5105573087930679, "feature": 0.794268012046814, "loss_actionness": 0.17847147583961487, "loss_transition": 0.6159070134162903, "loss_boundary": 0.001580659212777391, "cost": 2.047066330909729}, "peak_gib": 14.724687576293945}
{"epoch": 27, "successful_updates": 2700, "losses": {"task": 0.4676700457930565, "full_task": 0.3749248646199703, "self_feature": 0.709781676530838, "feature": 0.9458003342151642, "loss_actionness": 0.15663908421993256, "loss_transition": 0.6460869610309601, "loss_boundary": 3.0852450436213985e-05, "cost": 2.380936622619629}, "peak_gib": 14.724687576293945}
09/14 14:58:04 - mmengine - WARNING - "FileClient" will be deprecated in future. Please use io functions in https://mmengine.readthedocs.io/en/latest/api/fileio.html#file-io
09/14 14:58:04 - mmengine - WARNING - "FileClient" will be deprecated in future. Please use io functions in https://mmengine.readthedocs.io/en/latest/api/fileio.html#file-io
09/14 14:58:04 - mmengine - WARNING - "HardDiskBackend" is the alias of "LocalBackend" and the former will be deprecated in future.
09/14 14:58:04 - mmengine - WARNING - "HardDiskBackend" is the alias of "LocalBackend" and the former will be deprecated in future.
{"epoch": 28, "successful_updates": 2720, "losses": {"task": 0.5544660985469818, "full_task": 0.5195716172456741, "self_feature": 1.1329404711723328, "feature": 1.3728825449943542, "loss_actionness": 0.165725938975811, "loss_transition": 0.6632092595100403, "loss_boundary": 0.0031997624319046736, "cost": 3.002670407295227}, "peak_gib": 14.724687576293945}
{"epoch": 28, "successful_updates": 2740, "losses": {"task": 0.09127956256270409, "full_task": 0.07635673973709345, "self_feature": 0.6046899557113647, "feature": 0.9459679126739502, "loss_actionness": 0.12660357356071472, "loss_transition": 0.6067735254764557, "loss_boundary": 0.0015863242169871228, "cost": 1.8517691493034363}, "peak_gib": 14.724687576293945}
{"epoch": 28, "successful_updates": 2760, "losses": {"task": 0.16151176020503044, "full_task": 0.16602537408471107, "self_feature": 0.78501096367836, "feature": 1.0989795923233032, "loss_actionness": 0.11957813799381256, "loss_transition": 0.6454432010650635, "loss_boundary": 3.085245225520339e-05, "cost": 2.1455509066581726}, "peak_gib": 14.724687576293945}
{"epoch": 28, "successful_updates": 2780, "losses": {"task": 0.36200937256217003, "full_task": 0.32379028014838696, "self_feature": 0.8028195202350616, "feature": 0.9732725024223328, "loss_actionness": 0.183265782892704, "loss_transition": 0.5921309888362885, "loss_boundary": 0.0015823229077795986, "cost": 2.2734904885292053}, "peak_gib": 14.724687576293945}
{"epoch": 28, "successful_updates": 2800, "losses": {"task": 0.2364118993282318, "full_task": 0.22656969726085663, "self_feature": 0.8286681473255157, "feature": 1.007558137178421, "loss_actionness": 0.15624403953552246, "loss_transition": 0.6623055636882782, "loss_boundary": 0.0031327937031164765, "cost": 2.2051616311073303}, "peak_gib": 14.724687576293945}
09/14 15:05:08 - mmengine - WARNING - "FileClient" will be deprecated in future. Please use io functions in https://mmengine.readthedocs.io/en/latest/api/fileio.html#file-io
09/14 15:05:08 - mmengine - WARNING - "FileClient" will be deprecated in future. Please use io functions in https://mmengine.readthedocs.io/en/latest/api/fileio.html#file-io
09/14 15:05:08 - mmengine - WARNING - "HardDiskBackend" is the alias of "LocalBackend" and the former will be deprecated in future.
09/14 15:05:08 - mmengine - WARNING - "HardDiskBackend" is the alias of "LocalBackend" and the former will be deprecated in future.
{"epoch": 29, "successful_updates": 2820, "losses": {"task": 0.33702150732278824, "full_task": 0.29432719573378563, "self_feature": 0.7618339657783508, "feature": 0.9410043656826019, "loss_actionness": 0.15843258053064346, "loss_transition": 0.638047456741333, "loss_boundary": 3.0852450436213985e-05, "cost": 2.2243019938468933}, "peak_gib": 14.724687576293945}
{"epoch": 29, "successful_updates": 2840, "losses": {"task": 0.2294405847787857, "full_task": 0.19246148131787777, "self_feature": 1.2514913082122803, "feature": 1.4667217135429382, "loss_actionness": 0.1335136666893959, "loss_transition": 0.6409745216369629, "loss_boundary": 0.0017926099826581776, "cost": 2.6457074880599976}, "peak_gib": 14.724687576293945}
{"epoch": 29, "successful_updates": 2860, "losses": {"task": 0.8094362318515778, "full_task": 0.5732708275318146, "self_feature": 0.7998101115226746, "feature": 0.9926000535488129, "loss_actionness": 0.18764814734458923, "loss_transition": 0.665422648191452, "loss_boundary": 0.0033158937003463507, "cost": 2.8817217350006104}, "peak_gib": 14.724687576293945}
{"epoch": 29, "successful_updates": 2880, "losses": {"task": 0.3341121971607208, "full_task": 0.30774420872330666, "self_feature": 0.8471328318119049, "feature": 1.1279264688491821, "loss_actionness": 0.14297909289598465, "loss_transition": 0.6574984192848206, "loss_boundary": 3.108492091996595e-05, "cost": 2.424196481704712}, "peak_gib": 14.724687576293945}
{"epoch": 29, "successful_updates": 2900, "losses": {"task": 1.1112154498696327, "full_task": 1.0113553330302238, "self_feature": 0.9907946884632111, "feature": 1.163900911808014, "loss_actionness": 0.17086013406515121, "loss_transition": 0.6604540646076202, "loss_boundary": 0.003149351687170565, "cost": 3.461498260498047}, "peak_gib": 14.724687576293945}
09/14 15:12:15 - mmengine - WARNING - "FileClient" will be deprecated in future. Please use io functions in https://mmengine.readthedocs.io/en/latest/api/fileio.html#file-io
09/14 15:12:15 - mmengine - WARNING - "FileClient" will be deprecated in future. Please use io functions in https://mmengine.readthedocs.io/en/latest/api/fileio.html#file-io
09/14 15:12:15 - mmengine - WARNING - "HardDiskBackend" is the alias of "LocalBackend" and the former will be deprecated in future.
09/14 15:12:15 - mmengine - WARNING - "HardDiskBackend" is the alias of "LocalBackend" and the former will be deprecated in future.
{"epoch": 30, "successful_updates": 2920, "losses": {"task": 0.18037551641464233, "full_task": 0.15729840099811554, "self_feature": 0.8848587870597839, "feature": 1.083349585533142, "loss_actionness": 0.1652415245771408, "loss_transition": 0.6556053161621094, "loss_boundary": 0.0031341961584985256, "cost": 2.2155165672302246}, "peak_gib": 14.724687576293945}
{"epoch": 30, "successful_updates": 2940, "losses": {"task": 0.29782748222351074, "full_task": 0.30609169602394104, "self_feature": 0.8030425608158112, "feature": 1.0735563039779663, "loss_actionness": 0.11323953792452812, "loss_transition": 0.6560559272766113, "loss_boundary": 5.603097997664008e-05, "cost": 2.2975624799728394}, "peak_gib": 14.724687576293945}
{"epoch": 30, "successful_updates": 2960, "losses": {"task": 0.41822852194309235, "full_task": 0.39989597350358963, "self_feature": 1.1137796640396118, "feature": 1.3455244302749634, "loss_actionness": 0.16730142757296562, "loss_transition": 0.655317485332489, "loss_boundary": 0.0031818492570891976, "cost": 2.800905704498291}, "peak_gib": 14.724687576293945}
{"epoch": 30, "successful_updates": 2980, "losses": {"task": 0.1672741249203682, "full_task": 0.17884454131126404, "self_feature": 0.7295748293399811, "feature": 0.9282711446285248, "loss_actionness": 0.15497476607561111, "loss_transition": 0.6457738876342773, "loss_boundary": 0.0016607905563432723, "cost": 2.0156232714653015}, "peak_gib": 14.724687576293945}
{"epoch": 30, "successful_updates": 3000, "losses": {"task": 0.41130175068974495, "full_task": 0.4158729836344719, "self_feature": 0.6945675313472748, "feature": 0.9677313566207886, "loss_actionness": 0.12131302058696747, "loss_transition": 0.6000477075576782, "loss_boundary": 8.750413144298363e-05, "cost": 2.2739062905311584}, "peak_gib": 14.724687576293945}
09/14 15:19:30 - mmengine - WARNING - "FileClient" will be deprecated in future. Please use io functions in https://mmengine.readthedocs.io/en/latest/api/fileio.html#file-io
09/14 15:19:30 - mmengine - WARNING - "FileClient" will be deprecated in future. Please use io functions in https://mmengine.readthedocs.io/en/latest/api/fileio.html#file-io
09/14 15:19:30 - mmengine - WARNING - "HardDiskBackend" is the alias of "LocalBackend" and the former will be deprecated in future.
09/14 15:19:30 - mmengine - WARNING - "HardDiskBackend" is the alias of "LocalBackend" and the former will be deprecated in future.
{"epoch": 31, "successful_updates": 3020, "losses": {"task": 0.6928481161594391, "full_task": 0.46567609906196594, "self_feature": 0.7849943339824677, "feature": 0.9550468325614929, "loss_actionness": 0.1065562292933464, "loss_transition": 0.6742192208766937, "loss_boundary": 0.0031365796457976103, "cost": 2.626725196838379}, "peak_gib": 14.724687576293945}
{"epoch": 31, "successful_updates": 3040, "losses": {"task": 0.2959565073251724, "full_task": 0.30099377036094666, "self_feature": 0.5804231092333794, "feature": 0.8925952911376953, "loss_actionness": 0.1398281529545784, "loss_transition": 0.6108922958374023, "loss_boundary": 0.0015833622601348907, "cost": 2.0741464495658875}, "peak_gib": 14.724687576293945}
{"epoch": 31, "successful_updates": 3060, "losses": {"task": 0.374541774392128, "full_task": 0.3433099389076233, "self_feature": 0.7758424580097198, "feature": 1.0731220841407776, "loss_actionness": 0.14366267621517181, "loss_transition": 0.661845862865448, "loss_boundary": 3.0852450436213985e-05, "cost": 2.4166150093078613}, "peak_gib": 14.724687576293945}
{"epoch": 31, "successful_updates": 3080, "losses": {"task": 0.18875489383935928, "full_task": 0.11364847235381603, "self_feature": 1.0567436218261719, "feature": 1.2783607840538025, "loss_actionness": 0.15174872428178787, "loss_transition": 0.6687747538089752, "loss_boundary": 0.00312660273630172, "cost": 2.4248522520065308}, "peak_gib": 14.724687576293945}
{"epoch": 31, "successful_updates": 3100, "losses": {"task": 0.1445651352405548, "full_task": 0.1411871463060379, "self_feature": 0.2577958106994629, "feature": 0.6147245019674301, "loss_actionness": 0.13717051222920418, "loss_transition": 0.4880625009536743, "loss_boundary": 3.0852450436213985e-05, "cost": 1.4456299543380737}, "peak_gib": 14.724687576293945}
09/14 15:26:47 - mmengine - WARNING - "FileClient" will be deprecated in future. Please use io functions in https://mmengine.readthedocs.io/en/latest/api/fileio.html#file-io
09/14 15:26:47 - mmengine - WARNING - "FileClient" will be deprecated in future. Please use io functions in https://mmengine.readthedocs.io/en/latest/api/fileio.html#file-io
09/14 15:26:47 - mmengine - WARNING - "HardDiskBackend" is the alias of "LocalBackend" and the former will be deprecated in future.
09/14 15:26:47 - mmengine - WARNING - "HardDiskBackend" is the alias of "LocalBackend" and the former will be deprecated in future.
{"epoch": 32, "successful_updates": 3120, "losses": {"task": 0.10722192004323006, "full_task": 0.07776249572634697, "self_feature": 0.8419941365718842, "feature": 1.1509069800376892, "loss_actionness": 0.1158502846956253, "loss_transition": 0.639647513628006, "loss_boundary": 3.085244861722458e-05, "cost": 2.1172974705696106}, "peak_gib": 14.724687576293945}
{"epoch": 32, "successful_updates": 3140, "losses": {"task": 0.15539394691586494, "full_task": 0.14081417582929134, "self_feature": 1.009191632270813, "feature": 1.1937990188598633, "loss_actionness": 0.13184626400470734, "loss_transition": 0.6461874842643738, "loss_boundary": 0.001889459090307355, "cost": 2.265238881111145}, "peak_gib": 14.724687576293945}
{"epoch": 32, "successful_updates": 3160, "losses": {"task": 0.1565413884818554, "full_task": 0.13035208731889725, "self_feature": 0.4883289784193039, "feature": 0.7455918192863464, "loss_actionness": 0.1196354366838932, "loss_transition": 0.6148287653923035, "loss_boundary": 0.0015819414129509823, "cost": 1.719600260257721}, "peak_gib": 14.724687576293945}
{"epoch": 32, "successful_updates": 3180, "losses": {"task": 0.2693280726671219, "full_task": 0.267123244702816, "self_feature": 0.8465095162391663, "feature": 1.030182957649231, "loss_actionness": 0.1752449944615364, "loss_transition": 0.5375297367572784, "loss_boundary": 3.0852450436213985e-05, "cost": 2.163748264312744}, "peak_gib": 14.724687576293945}
{"epoch": 32, "successful_updates": 3200, "losses": {"task": 0.19988054037094116, "full_task": 0.20034807175397873, "self_feature": 1.0896475911140442, "feature": 1.3140142560005188, "loss_actionness": 0.12306814640760422, "loss_transition": 0.6604464650154114, "loss_boundary": 0.0031319601694121957, "cost": 2.459593176841736}, "peak_gib": 14.724687576293945}
09/14 15:33:59 - mmengine - WARNING - "FileClient" will be deprecated in future. Please use io functions in https://mmengine.readthedocs.io/en/latest/api/fileio.html#file-io
09/14 15:33:59 - mmengine - WARNING - "FileClient" will be deprecated in future. Please use io functions in https://mmengine.readthedocs.io/en/latest/api/fileio.html#file-io
09/14 15:33:59 - mmengine - WARNING - "HardDiskBackend" is the alias of "LocalBackend" and the former will be deprecated in future.
09/14 15:33:59 - mmengine - WARNING - "HardDiskBackend" is the alias of "LocalBackend" and the former will be deprecated in future.
{"epoch": 33, "successful_updates": 3220, "losses": {"task": 0.16993311420083046, "full_task": 0.15532560646533966, "self_feature": 0.5132101327180862, "feature": 0.7252276390790939, "loss_actionness": 0.15015357732772827, "loss_transition": 0.5853374898433685, "loss_boundary": 0.0016550424334127456, "cost": 1.7224592566490173}, "peak_gib": 14.724687576293945}
{"epoch": 33, "successful_updates": 3240, "losses": {"task": 0.0395639818161726, "full_task": 0.03610340133309364, "self_feature": 0.7051569819450378, "feature": 0.965630978345871, "loss_actionness": 0.13018140941858292, "loss_transition": 0.657855212688446, "loss_boundary": 3.085244679823518e-05, "cost": 1.872804045677185}, "peak_gib": 14.724687576293945}
{"epoch": 33, "successful_updates": 3260, "losses": {"task": 0.1011885516345501, "full_task": 0.07769331615418196, "self_feature": 0.8226141333580017, "feature": 0.97323277592659, "loss_actionness": 0.13815037161111832, "loss_transition": 0.6655405163764954, "loss_boundary": 0.003037284594029188, "cost": 1.9828341603279114}, "peak_gib": 14.724687576293945}
{"epoch": 33, "successful_updates": 3280, "losses": {"task": 0.1578473150730133, "full_task": 0.15448489412665367, "self_feature": 0.3922208100557327, "feature": 0.6515192985534668, "loss_actionness": 0.14977096021175385, "loss_transition": 0.6307982206344604, "loss_boundary": 0.0015797165979165584, "cost": 1.6693587899208069}, "peak_gib": 14.724687576293945}
{"epoch": 33, "successful_updates": 3300, "losses": {"task": 0.49444691836833954, "full_task": 0.4518391340970993, "self_feature": 0.7343364059925079, "feature": 1.018713116645813, "loss_actionness": 0.15134835243225098, "loss_transition": 0.6641363799571991, "loss_boundary": 3.085245407419279e-05, "cost": 2.5150688886642456}, "peak_gib": 14.724687576293945}
09/14 15:41:07 - mmengine - WARNING - "FileClient" will be deprecated in future. Please use io functions in https://mmengine.readthedocs.io/en/latest/api/fileio.html#file-io
09/14 15:41:07 - mmengine - WARNING - "FileClient" will be deprecated in future. Please use io functions in https://mmengine.readthedocs.io/en/latest/api/fileio.html#file-io
09/14 15:41:07 - mmengine - WARNING - "HardDiskBackend" is the alias of "LocalBackend" and the former will be deprecated in future.
09/14 15:41:07 - mmengine - WARNING - "HardDiskBackend" is the alias of "LocalBackend" and the former will be deprecated in future.
{"epoch": 34, "successful_updates": 3320, "losses": {"task": 1.9689275026321411, "full_task": 1.5531703233718872, "self_feature": 1.1848071217536926, "feature": 1.4683605432510376, "loss_actionness": 0.15729611739516258, "loss_transition": 0.6685627400875092, "loss_boundary": 0.0031682441476732492, "cost": 4.773088455200195}, "peak_gib": 14.724687576293945}
{"epoch": 34, "successful_updates": 3340, "losses": {"task": 0.5687655359506607, "full_task": 0.5053267031908035, "self_feature": 0.774867445230484, "feature": 0.9636238515377045, "loss_actionness": 0.13808999955654144, "loss_transition": 0.6663015186786652, "loss_boundary": 0.0031326347962021828, "cost": 2.5437320470809937}, "peak_gib": 14.724687576293945}
{"epoch": 34, "successful_updates": 3360, "losses": {"task": 0.16629624366760254, "full_task": 0.12050791084766388, "self_feature": 0.719777375459671, "feature": 0.9895318746566772, "loss_actionness": 0.12707830220460892, "loss_transition": 0.6102730333805084, "loss_boundary": 7.168249067035504e-05, "cost": 1.9953558444976807}, "peak_gib": 14.724687576293945}
{"epoch": 34, "successful_updates": 3380, "losses": {"task": 0.12110893055796623, "full_task": 0.07601124234497547, "self_feature": 0.7609332501888275, "feature": 0.9945518970489502, "loss_actionness": 0.20576567202806473, "loss_transition": 0.5275780856609344, "loss_boundary": 3.085245225520339e-05, "cost": 1.9441314339637756}, "peak_gib": 14.724687576293945}
{"epoch": 34, "successful_updates": 3400, "losses": {"task": 0.4434867799282074, "full_task": 0.43525347113609314, "self_feature": 0.7120548784732819, "feature": 0.9211528897285461, "loss_actionness": 0.11220475658774376, "loss_transition": 0.6461589932441711, "loss_boundary": 0.0023519681999459863, "cost": 2.3053741455078125}, "peak_gib": 14.724687576293945}
09/14 15:48:16 - mmengine - WARNING - "FileClient" will be deprecated in future. Please use io functions in https://mmengine.readthedocs.io/en/latest/api/fileio.html#file-io
09/14 15:48:16 - mmengine - WARNING - "FileClient" will be deprecated in future. Please use io functions in https://mmengine.readthedocs.io/en/latest/api/fileio.html#file-io
09/14 15:48:16 - mmengine - WARNING - "HardDiskBackend" is the alias of "LocalBackend" and the former will be deprecated in future.
09/14 15:48:16 - mmengine - WARNING - "HardDiskBackend" is the alias of "LocalBackend" and the former will be deprecated in future.
{"epoch": 35, "successful_updates": 3420, "losses": {"task": 0.3876410126686096, "full_task": 0.30234725773334503, "self_feature": 0.7694523334503174, "feature": 1.0205948054790497, "loss_actionness": 0.19935708492994308, "loss_transition": 0.6183255016803741, "loss_boundary": 4.163392986811232e-05, "cost": 2.3784921169281006}, "peak_gib": 14.724687576293945}
{"epoch": 35, "successful_updates": 3440, "losses": {"task": 0.055320657789707184, "full_task": 0.07552202418446541, "self_feature": 0.8457819223403931, "feature": 1.0244183242321014, "loss_actionness": 0.12222161516547203, "loss_transition": 0.599996030330658, "loss_boundary": 0.0015812754008948104, "cost": 1.9069965481758118}, "peak_gib": 14.724687576293945}
{"epoch": 35, "successful_updates": 3460, "losses": {"task": 0.3054932951927185, "full_task": 0.29442447051405907, "self_feature": 0.4391443431377411, "feature": 0.5824481546878815, "loss_actionness": 0.22544445097446442, "loss_transition": 0.6614950895309448, "loss_boundary": 0.003134728642180562, "cost": 1.8955362439155579}, "peak_gib": 14.724687576293945}
{"epoch": 35, "successful_updates": 3480, "losses": {"task": 0.68872313760221, "full_task": 0.6257075648754835, "self_feature": 0.791557639837265, "feature": 0.9980034530162811, "loss_actionness": 0.23007794469594955, "loss_transition": 0.6264339089393616, "loss_boundary": 0.00016140725529112387, "cost": 2.77898246049881}, "peak_gib": 14.724687576293945}
{"epoch": 35, "successful_updates": 3500, "losses": {"task": 0.7458091378211975, "full_task": 0.5918359160423279, "self_feature": 0.8894434869289398, "feature": 1.0930302739143372, "loss_actionness": 0.15292884036898613, "loss_transition": 0.6664633750915527, "loss_boundary": 0.0031386016635224223, "cost": 2.8982735872268677}, "peak_gib": 14.724687576293945}
09/14 15:55:31 - mmengine - WARNING - "FileClient" will be deprecated in future. Please use io functions in https://mmengine.readthedocs.io/en/latest/api/fileio.html#file-io
09/14 15:55:31 - mmengine - WARNING - "FileClient" will be deprecated in future. Please use io functions in https://mmengine.readthedocs.io/en/latest/api/fileio.html#file-io
09/14 15:55:31 - mmengine - WARNING - "HardDiskBackend" is the alias of "LocalBackend" and the former will be deprecated in future.
09/14 15:55:31 - mmengine - WARNING - "HardDiskBackend" is the alias of "LocalBackend" and the former will be deprecated in future.
{"epoch": 36, "successful_updates": 3520, "losses": {"task": 0.5132197141647339, "full_task": 0.4524866044521332, "self_feature": 0.7712175250053406, "feature": 0.985695481300354, "loss_actionness": 0.14686337113380432, "loss_transition": 0.6409274041652679, "loss_boundary": 0.0016893041465664282, "cost": 2.478638708591461}, "peak_gib": 14.724687576293945}
{"epoch": 36, "successful_updates": 3540, "losses": {"task": 0.1837243065237999, "full_task": 0.15760526806116104, "self_feature": 0.8056269884109497, "feature": 1.1739692687988281, "loss_actionness": 0.153815858066082, "loss_transition": 0.6707454323768616, "loss_boundary": 3.0852450436213985e-05, "cost": 2.3022496700286865}, "peak_gib": 14.724687576293945}
{"epoch": 36, "successful_updates": 3560, "losses": {"task": 0.10756795853376389, "full_task": 0.10073789954185486, "self_feature": 0.8664329946041107, "feature": 1.0980695486068726, "loss_actionness": 0.11334618180990219, "loss_transition": 0.607233077287674, "loss_boundary": 0.0015774786297697574, "cost": 2.039621889591217}, "peak_gib": 14.724687576293945}
{"epoch": 36, "successful_updates": 3580, "losses": {"task": 0.22068433091044426, "full_task": 0.22443964332342148, "self_feature": 0.7049992680549622, "feature": 0.9469625949859619, "loss_actionness": 0.12162185832858086, "loss_transition": 0.6572113335132599, "loss_boundary": 0.001972045749425888, "cost": 2.0750619769096375}, "peak_gib": 14.724687576293945}
{"epoch": 36, "successful_updates": 3600, "losses": {"task": 0.07283040136098862, "full_task": 0.07475608587265015, "self_feature": 0.7452089190483093, "feature": 1.0045225620269775, "loss_actionness": 0.12325901538133621, "loss_transition": 0.6419208943843842, "loss_boundary": 4.7719033318571746e-05, "cost": 1.9357904195785522}, "peak_gib": 14.724687576293945}
09/14 16:02:32 - mmengine - WARNING - "FileClient" will be deprecated in future. Please use io functions in https://mmengine.readthedocs.io/en/latest/api/fileio.html#file-io
09/14 16:02:32 - mmengine - WARNING - "FileClient" will be deprecated in future. Please use io functions in https://mmengine.readthedocs.io/en/latest/api/fileio.html#file-io
09/14 16:02:32 - mmengine - WARNING - "HardDiskBackend" is the alias of "LocalBackend" and the former will be deprecated in future.
09/14 16:02:32 - mmengine - WARNING - "HardDiskBackend" is the alias of "LocalBackend" and the former will be deprecated in future.
{"epoch": 37, "successful_updates": 3620, "losses": {"task": 0.6072827205061913, "full_task": 0.45511937141418457, "self_feature": 1.013379544019699, "feature": 1.2224741578102112, "loss_actionness": 0.10443054139614105, "loss_transition": 0.5483263432979584, "loss_boundary": 0.001645138750973274, "cost": 2.699276626110077}, "peak_gib": 14.724687576293945}
{"epoch": 37, "successful_updates": 3640, "losses": {"task": 0.08163641020655632, "full_task": 0.08534274622797966, "self_feature": 0.6862528920173645, "feature": 0.8821066915988922, "loss_actionness": 0.13278595358133316, "loss_transition": 0.6489399373531342, "loss_boundary": 0.001934039028128609, "cost": 1.8373640179634094}, "peak_gib": 14.724687576293945}
{"epoch": 37, "successful_updates": 3660, "losses": {"task": 0.10118528455495834, "full_task": 0.0784679651260376, "self_feature": 0.6479129493236542, "feature": 0.9179172813892365, "loss_actionness": 0.09775019064545631, "loss_transition": 0.6503893733024597, "loss_boundary": 3.085244679823518e-05, "cost": 1.8516812920570374}, "peak_gib": 14.724687576293945}
{"epoch": 37, "successful_updates": 3680, "losses": {"task": 0.7014565095305443, "full_task": 0.4600937142968178, "self_feature": 1.0173381865024567, "feature": 1.2362700700759888, "loss_actionness": 0.15036728978157043, "loss_transition": 0.6650626063346863, "loss_boundary": 0.0033738595666363835, "cost": 2.9732874631881714}, "peak_gib": 14.724687576293945}
{"epoch": 37, "successful_updates": 3700, "losses": {"task": 0.2805410474538803, "full_task": 0.21474048495292664, "self_feature": 0.6514847427606583, "feature": 0.8493797183036804, "loss_actionness": 0.12967612594366074, "loss_transition": 0.6601380705833435, "loss_boundary": 0.003129294724203646, "cost": 2.041697919368744}, "peak_gib": 14.724687576293945}
09/14 16:09:40 - mmengine - WARNING - "FileClient" will be deprecated in future. Please use io functions in https://mmengine.readthedocs.io/en/latest/api/fileio.html#file-io
09/14 16:09:40 - mmengine - WARNING - "FileClient" will be deprecated in future. Please use io functions in https://mmengine.readthedocs.io/en/latest/api/fileio.html#file-io
09/14 16:09:40 - mmengine - WARNING - "HardDiskBackend" is the alias of "LocalBackend" and the former will be deprecated in future.
09/14 16:09:40 - mmengine - WARNING - "HardDiskBackend" is the alias of "LocalBackend" and the former will be deprecated in future.
{"epoch": 38, "successful_updates": 3720, "losses": {"task": 0.050117919221520424, "full_task": 0.04566420055925846, "self_feature": 0.6441044211387634, "feature": 0.8820673227310181, "loss_actionness": 0.15153398364782333, "loss_transition": 0.5864313542842865, "loss_boundary": 3.0852450436213985e-05, "cost": 1.746008038520813}, "peak_gib": 14.724687576293945}
{"epoch": 38, "successful_updates": 3740, "losses": {"task": 0.7841091305017471, "full_task": 0.6680901497602463, "self_feature": 0.9507414698600769, "feature": 1.1705953478813171, "loss_actionness": 0.14017079025506973, "loss_transition": 0.6280913650989532, "loss_boundary": 0.0016080409586720634, "cost": 2.9866713285446167}, "peak_gib": 14.724687576293945}
{"epoch": 38, "successful_updates": 3760, "losses": {"task": 0.09969716519117355, "full_task": 0.10871380940079689, "self_feature": 0.7874811589717865, "feature": 0.9582801163196564, "loss_actionness": 0.15326784551143646, "loss_transition": 0.6387928426265717, "loss_boundary": 0.003184939851053059, "cost": 1.9591495394706726}, "peak_gib": 14.724687576293945}
{"epoch": 38, "successful_updates": 3780, "losses": {"task": 0.41726262867450714, "full_task": 0.35957448184490204, "self_feature": 0.6908816993236542, "feature": 0.9236926436424255, "loss_actionness": 0.11994011700153351, "loss_transition": 0.6463515758514404, "loss_boundary": 3.085245225520339e-05, "cost": 2.2662594318389893}, "peak_gib": 14.724687576293945}
{"epoch": 38, "successful_updates": 3800, "losses": {"task": 0.2516874745488167, "full_task": 0.21655870229005814, "self_feature": 0.6808477342128754, "feature": 0.8830331861972809, "loss_actionness": 0.20139893144369125, "loss_transition": 0.6507752537727356, "loss_boundary": 0.00538592366501689, "cost": 2.1145052313804626}, "peak_gib": 14.724687576293945}
09/14 16:16:48 - mmengine - WARNING - "FileClient" will be deprecated in future. Please use io functions in https://mmengine.readthedocs.io/en/latest/api/fileio.html#file-io
09/14 16:16:48 - mmengine - WARNING - "FileClient" will be deprecated in future. Please use io functions in https://mmengine.readthedocs.io/en/latest/api/fileio.html#file-io
09/14 16:16:48 - mmengine - WARNING - "HardDiskBackend" is the alias of "LocalBackend" and the former will be deprecated in future.
09/14 16:16:48 - mmengine - WARNING - "HardDiskBackend" is the alias of "LocalBackend" and the former will be deprecated in future.
{"epoch": 39, "successful_updates": 3820, "losses": {"task": 0.5647936910390854, "full_task": 0.5405231714248657, "self_feature": 0.9548028707504272, "feature": 1.2468839287757874, "loss_actionness": 0.16043313592672348, "loss_transition": 0.6621023714542389, "loss_boundary": 0.0022265989100560546, "cost": 2.8670506477355957}, "peak_gib": 14.724687576293945}
{"epoch": 39, "successful_updates": 3840, "losses": {"task": 0.07191575318574905, "full_task": 0.07297221943736076, "self_feature": 0.6622991859912872, "feature": 0.8230330944061279, "loss_actionness": 0.1385284960269928, "loss_transition": 0.6341958940029144, "loss_boundary": 3.085245407419279e-05, "cost": 1.7521770596504211}, "peak_gib": 14.724687576293945}
{"epoch": 39, "successful_updates": 3860, "losses": {"task": 0.24369703978300095, "full_task": 0.20037005096673965, "self_feature": 0.7827907502651215, "feature": 0.9383809566497803, "loss_actionness": 0.14974014461040497, "loss_transition": 0.6111053228378296, "loss_boundary": 0.00018950062076328322, "cost": 2.071484684944153}, "peak_gib": 14.724687576293945}
{"epoch": 39, "successful_updates": 3880, "losses": {"task": 1.0437229126691818, "full_task": 1.1270610988140106, "self_feature": 0.7081309258937836, "feature": 0.9049850106239319, "loss_actionness": 0.22431741654872894, "loss_transition": 0.6658072173595428, "loss_boundary": 0.0031660672975704074, "cost": 3.1945769786834717}, "peak_gib": 14.724687576293945}
{"epoch": 39, "successful_updates": 3900, "losses": {"task": 0.4953774958848953, "full_task": 0.340037252753973, "self_feature": 0.7707172334194183, "feature": 1.0172391831874847, "loss_actionness": 0.14972860366106033, "loss_transition": 0.6380466520786285, "loss_boundary": 3.0852450436213985e-05, "cost": 2.4625038504600525}, "peak_gib": 14.724687576293945}
09/14 16:23:54 - mmengine - WARNING - "FileClient" will be deprecated in future. Please use io functions in https://mmengine.readthedocs.io/en/latest/api/fileio.html#file-io
09/14 16:23:54 - mmengine - WARNING - "FileClient" will be deprecated in future. Please use io functions in https://mmengine.readthedocs.io/en/latest/api/fileio.html#file-io
09/14 16:23:54 - mmengine - WARNING - "HardDiskBackend" is the alias of "LocalBackend" and the former will be deprecated in future.
09/14 16:23:54 - mmengine - WARNING - "HardDiskBackend" is the alias of "LocalBackend" and the former will be deprecated in future.
{"epoch": 40, "successful_updates": 3920, "losses": {"task": 0.5830196738243103, "full_task": 0.5211077034473419, "self_feature": 1.1361916661262512, "feature": 1.392914593219757, "loss_actionness": 0.18579299747943878, "loss_transition": 0.6544102728366852, "loss_boundary": 0.00319267506711185, "cost": 3.063226342201233}, "peak_gib": 14.724687576293945}
{"epoch": 40, "successful_updates": 3940, "losses": {"task": 0.25990305840969086, "full_task": 0.22909941524267197, "self_feature": 0.9706555902957916, "feature": 1.1870117783546448, "loss_actionness": 0.16603055596351624, "loss_transition": 0.6622612774372101, "loss_boundary": 0.0031291937921196222, "cost": 2.432676315307617}, "peak_gib": 14.724687576293945}
{"epoch": 40, "successful_updates": 3960, "losses": {"task": 0.5498934686183929, "full_task": 0.4442514628171921, "self_feature": 0.7548384368419647, "feature": 1.0471311807632446, "loss_actionness": 0.13690650463104248, "loss_transition": 0.6689121425151825, "loss_boundary": 3.490053677523974e-05, "cost": 2.5894248485565186}, "peak_gib": 14.724687576293945}
{"epoch": 40, "successful_updates": 3980, "losses": {"task": 0.6097347587347031, "full_task": 0.49955083429813385, "self_feature": 1.0119980871677399, "feature": 1.1952985525131226, "loss_actionness": 0.13077563047409058, "loss_transition": 0.6636900901794434, "loss_boundary": 0.0031375971157103777, "cost": 2.8287240266799927}, "peak_gib": 14.724687576293945}
{"epoch": 40, "successful_updates": 4000, "losses": {"task": 0.072808176279068, "full_task": 0.08345329575240612, "self_feature": 0.7913177907466888, "feature": 0.9840733110904694, "loss_actionness": 0.11579316854476929, "loss_transition": 0.6652829647064209, "loss_boundary": 0.0031335963867604733, "cost": 1.941086232662201}, "peak_gib": 14.724687576293945}
validation subset: 211 videos, truncated as 792 windows.
09/14 16:30:56 - mmengine - WARNING - "FileClient" will be deprecated in future. Please use io functions in https://mmengine.readthedocs.io/en/latest/api/fileio.html#file-io
09/14 16:30:56 - mmengine - WARNING - "FileClient" will be deprecated in future. Please use io functions in https://mmengine.readthedocs.io/en/latest/api/fileio.html#file-io
09/14 16:30:56 - mmengine - WARNING - "HardDiskBackend" is the alias of "LocalBackend" and the former will be deprecated in future.
09/14 16:30:56 - mmengine - WARNING - "HardDiskBackend" is the alias of "LocalBackend" and the former will be deprecated in future.
thumos_b_point_uniform_seed42 40: 1/792
thumos_b_point_uniform_seed42 40: 101/792
thumos_b_point_uniform_seed42 40: 201/792
thumos_b_point_uniform_seed42 40: 301/792
thumos_b_point_uniform_seed42 40: 401/792
thumos_b_point_uniform_seed42 40: 501/792
thumos_b_point_uniform_seed42 40: 601/792
thumos_b_point_uniform_seed42 40: 701/792
{'average_mAP': 0.6781894728421829, 'mAP@0.3': 0.8284082494134584, 'mAP@0.4': 0.7859322086974215, 'mAP@0.5': 0.7099612897776711, 'mAP@0.6': 0.6034109571151988, 'mAP@0.7': 0.46323465920716494}
09/14 16:53:30 - mmengine - WARNING - "FileClient" will be deprecated in future. Please use io functions in https://mmengine.readthedocs.io/en/latest/api/fileio.html#file-io
09/14 16:53:30 - mmengine - WARNING - "FileClient" will be deprecated in future. Please use io functions in https://mmengine.readthedocs.io/en/latest/api/fileio.html#file-io
09/14 16:53:30 - mmengine - WARNING - "HardDiskBackend" is the alias of "LocalBackend" and the former will be deprecated in future.
09/14 16:53:30 - mmengine - WARNING - "HardDiskBackend" is the alias of "LocalBackend" and the former will be deprecated in future.
{"epoch": 41, "successful_updates": 4020, "losses": {"task": 0.18868670612573624, "full_task": 0.17578135430812836, "self_feature": 0.7232632040977478, "feature": 0.9683618545532227, "loss_actionness": 0.12275714427232742, "loss_transition": 0.6638138890266418, "loss_boundary": 3.0852450436213985e-05, "cost": 2.0599220395088196}, "peak_gib": 14.42495584487915}
{"epoch": 41, "successful_updates": 4040, "losses": {"task": 0.14531949162483215, "full_task": 0.14801277965307236, "self_feature": 0.7660557180643082, "feature": 0.9402628540992737, "loss_actionness": 0.17549768835306168, "loss_transition": 0.6154069006443024, "loss_boundary": 0.0016279383125947788, "cost": 1.991723656654358}, "peak_gib": 14.424965858459473}
{"epoch": 41, "successful_updates": 4060, "losses": {"task": 0.2584838569164276, "full_task": 0.2503404766321182, "self_feature": 0.6460265666246414, "feature": 0.836982786655426, "loss_actionness": 0.09704574942588806, "loss_transition": 0.6764378845691681, "loss_boundary": 0.003177608596161008, "cost": 1.9993157386779785}, "peak_gib": 14.66185474395752}
{"epoch": 41, "successful_updates": 4080, "losses": {"task": 0.05595576763153076, "full_task": 0.051684316247701645, "self_feature": 0.7072001695632935, "feature": 0.9149391949176788, "loss_actionness": 0.15165113657712936, "loss_transition": 0.6207732558250427, "loss_boundary": 3.085244861722458e-05, "cost": 1.826991319656372}, "peak_gib": 14.66185474395752}
{"epoch": 41, "successful_updates": 4100, "losses": {"task": 0.22865156829357147, "full_task": 0.246286541223526, "self_feature": 0.852193146944046, "feature": 1.0807278752326965, "loss_actionness": 0.13696695491671562, "loss_transition": 0.6077283620834351, "loss_boundary": 0.0015818914689589292, "cost": 2.202447533607483}, "peak_gib": 14.66185474395752}
09/14 17:00:33 - mmengine - WARNING - "FileClient" will be deprecated in future. Please use io functions in https://mmengine.readthedocs.io/en/latest/api/fileio.html#file-io
09/14 17:00:33 - mmengine - WARNING - "FileClient" will be deprecated in future. Please use io functions in https://mmengine.readthedocs.io/en/latest/api/fileio.html#file-io
09/14 17:00:33 - mmengine - WARNING - "HardDiskBackend" is the alias of "LocalBackend" and the former will be deprecated in future.
09/14 17:00:33 - mmengine - WARNING - "HardDiskBackend" is the alias of "LocalBackend" and the former will be deprecated in future.
{"epoch": 42, "successful_updates": 4120, "losses": {"task": 0.6285972520709038, "full_task": 0.6156004145741463, "self_feature": 0.8835543096065521, "feature": 1.1079822182655334, "loss_actionness": 0.12847551703453064, "loss_transition": 0.656772792339325, "loss_boundary": 0.00316326052416116, "cost": 2.7672464847564697}, "peak_gib": 14.66185474395752}
{"epoch": 42, "successful_updates": 4140, "losses": {"task": 0.06880170851945877, "full_task": 0.05013398127630353, "self_feature": 0.8722755908966064, "feature": 1.0070405900478363, "loss_actionness": 0.20496921986341476, "loss_transition": 0.5229135155677795, "loss_boundary": 0.00012876856089860667, "cost": 1.9036149382591248}, "peak_gib": 14.66185474395752}
{"epoch": 42, "successful_updates": 4160, "losses": {"task": 0.2571442425251007, "full_task": 0.23239150643348694, "self_feature": 0.9022760093212128, "feature": 1.128903567790985, "loss_actionness": 0.18327520042657852, "loss_transition": 0.6003116071224213, "loss_boundary": 0.0015879826823947951, "cost": 2.3195481300354004}, "peak_gib": 14.66185474395752}
{"epoch": 42, "successful_updates": 4180, "losses": {"task": 0.302910678088665, "full_task": 0.2809487208724022, "self_feature": 0.507457360625267, "feature": 0.740680381655693, "loss_actionness": 0.14328037202358246, "loss_transition": 0.6135333776473999, "loss_boundary": 0.0015824151068954961, "cost": 1.9229701161384583}, "peak_gib": 14.66185474395752}
{"epoch": 42, "successful_updates": 4200, "losses": {"task": 0.3842664808034897, "full_task": 0.38080231845378876, "self_feature": 0.6486517190933228, "feature": 0.9137561619281769, "loss_actionness": 0.1273418925702572, "loss_transition": 0.6586773693561554, "loss_boundary": 3.0852450436213985e-05, "cost": 2.244138538837433}, "peak_gib": 14.66185474395752}
09/14 17:07:43 - mmengine - WARNING - "FileClient" will be deprecated in future. Please use io functions in https://mmengine.readthedocs.io/en/latest/api/fileio.html#file-io
09/14 17:07:43 - mmengine - WARNING - "FileClient" will be deprecated in future. Please use io functions in https://mmengine.readthedocs.io/en/latest/api/fileio.html#file-io
09/14 17:07:43 - mmengine - WARNING - "HardDiskBackend" is the alias of "LocalBackend" and the former will be deprecated in future.
09/14 17:07:43 - mmengine - WARNING - "HardDiskBackend" is the alias of "LocalBackend" and the former will be deprecated in future.
{"epoch": 43, "successful_updates": 4220, "losses": {"task": 0.3685176521539688, "full_task": 0.3171246349811554, "self_feature": 1.0688069462776184, "feature": 1.274284839630127, "loss_actionness": 0.2111421301960945, "loss_transition": 0.664481908082962, "loss_boundary": 0.0031309372279793024, "cost": 2.707719326019287}, "peak_gib": 14.66185474395752}
{"epoch": 43, "successful_updates": 4240, "losses": {"task": 0.9001278877258301, "full_task": 0.8744016736745834, "self_feature": 0.727411687374115, "feature": 0.8888712525367737, "loss_actionness": 0.16852474212646484, "loss_transition": 0.6698855459690094, "loss_boundary": 0.0031672485638409853, "cost": 2.921918272972107}, "peak_gib": 14.66185474395752}
{"epoch": 43, "successful_updates": 4260, "losses": {"task": 0.14692110754549503, "full_task": 0.1388875562697649, "self_feature": 0.7081494927406311, "feature": 0.8819456994533539, "loss_actionness": 0.18022384867072105, "loss_transition": 0.6368266940116882, "loss_boundary": 3.085244679823518e-05, "cost": 1.9514850974082947}, "peak_gib": 14.66185474395752}
{"epoch": 43, "successful_updates": 4280, "losses": {"task": 0.5662109553813934, "full_task": 0.5056394785642624, "self_feature": 0.8628177046775818, "feature": 1.1445289850234985, "loss_actionness": 0.21121098101139069, "loss_transition": 0.6305828988552094, "loss_boundary": 0.0015815217338968068, "cost": 2.766806960105896}, "peak_gib": 14.66185474395752}
{"epoch": 43, "successful_updates": 4300, "losses": {"task": 1.2170918583869934, "full_task": 1.2024613097310066, "self_feature": 0.703652486205101, "feature": 0.9051776826381683, "loss_actionness": 0.23194722086191177, "loss_transition": 0.6587707996368408, "loss_boundary": 0.0031622902024537325, "cost": 3.387130379676819}, "peak_gib": 14.66185474395752}
09/14 17:14:52 - mmengine - WARNING - "FileClient" will be deprecated in future. Please use io functions in https://mmengine.readthedocs.io/en/latest/api/fileio.html#file-io
09/14 17:14:52 - mmengine - WARNING - "FileClient" will be deprecated in future. Please use io functions in https://mmengine.readthedocs.io/en/latest/api/fileio.html#file-io
09/14 17:14:52 - mmengine - WARNING - "HardDiskBackend" is the alias of "LocalBackend" and the former will be deprecated in future.
09/14 17:14:52 - mmengine - WARNING - "HardDiskBackend" is the alias of "LocalBackend" and the former will be deprecated in future.
{"epoch": 44, "successful_updates": 4320, "losses": {"task": 1.6897382736206055, "full_task": 1.5916260480880737, "self_feature": 0.7586539387702942, "feature": 1.0411062240600586, "loss_actionness": 0.194694422185421, "loss_transition": 0.6703744232654572, "loss_boundary": 3.227578963560518e-05, "cost": 4.069717526435852}, "peak_gib": 14.66185474395752}
{"epoch": 44, "successful_updates": 4340, "losses": {"task": 0.4765891432762146, "full_task": 0.39950452744960785, "self_feature": 0.8844387531280518, "feature": 1.0693663358688354, "loss_actionness": 0.1269099861383438, "loss_transition": 0.6262499392032623, "loss_boundary": 0.0016082882939372212, "cost": 2.4890438318252563}, "peak_gib": 14.66185474395752}
{"epoch": 44, "successful_updates": 4360, "losses": {"task": 0.3102634847164154, "full_task": 0.28841985389590263, "self_feature": 0.5690809786319733, "feature": 0.8460715115070343, "loss_actionness": 0.12264984101057053, "loss_transition": 0.6047685146331787, "loss_boundary": 0.0015786777094035642, "cost": 2.0143452286720276}, "peak_gib": 14.66185474395752}
{"epoch": 44, "successful_updates": 4380, "losses": {"task": 0.2683475762605667, "full_task": 0.20467031747102737, "self_feature": 0.7780770063400269, "feature": 1.0289297699928284, "loss_actionness": 0.14127827435731888, "loss_transition": 0.6208226680755615, "loss_boundary": 3.0852450436213985e-05, "cost": 2.1883842945098877}, "peak_gib": 14.66185474395752}
{"epoch": 44, "successful_updates": 4400, "losses": {"task": 0.08196231164038181, "full_task": 0.07768998853862286, "self_feature": 0.7681755721569061, "feature": 0.9480514824390411, "loss_actionness": 0.10618411004543304, "loss_transition": 0.579915851354599, "loss_boundary": 0.001750847821313073, "cost": 1.8141047358512878}, "peak_gib": 14.719658851623535}
09/14 17:21:51 - mmengine - WARNING - "FileClient" will be deprecated in future. Please use io functions in https://mmengine.readthedocs.io/en/latest/api/fileio.html#file-io
09/14 17:21:51 - mmengine - WARNING - "FileClient" will be deprecated in future. Please use io functions in https://mmengine.readthedocs.io/en/latest/api/fileio.html#file-io
09/14 17:21:51 - mmengine - WARNING - "HardDiskBackend" is the alias of "LocalBackend" and the former will be deprecated in future.
09/14 17:21:51 - mmengine - WARNING - "HardDiskBackend" is the alias of "LocalBackend" and the former will be deprecated in future.
{"epoch": 45, "successful_updates": 4420, "losses": {"task": 0.3740776628255844, "full_task": 0.2644456848502159, "self_feature": 0.7735514938831329, "feature": 1.0318416357040405, "loss_actionness": 0.1337948963046074, "loss_transition": 0.6364419162273407, "loss_boundary": 0.0016235157090704888, "cost": 2.3212461471557617}, "peak_gib": 14.719658851623535}
{"epoch": 45, "successful_updates": 4440, "losses": {"task": 0.17381666228175163, "full_task": 0.167581332847476, "self_feature": 0.7663722038269043, "feature": 0.9634605050086975, "loss_actionness": 0.11990145593881607, "loss_transition": 0.6553740501403809, "loss_boundary": 3.085244861722458e-05, "cost": 2.0311161279678345}, "peak_gib": 14.719658851623535}
{"epoch": 45, "successful_updates": 4460, "losses": {"task": 0.1509939357638359, "full_task": 0.1215863898396492, "self_feature": 1.0342316627502441, "feature": 1.2224129438400269, "loss_actionness": 0.13646552711725235, "loss_transition": 0.6324782967567444, "loss_boundary": 0.0017096201336244121, "cost": 2.277880072593689}, "peak_gib": 14.719658851623535}
{"epoch": 45, "successful_updates": 4480, "losses": {"task": 0.45434490591287613, "full_task": 0.3637315705418587, "self_feature": 0.608755499124527, "feature": 0.8707637786865234, "loss_actionness": 0.11363840475678444, "loss_transition": 0.652296781539917, "loss_boundary": 0.0019101120124105364, "cost": 2.2447624802589417}, "peak_gib": 14.719658851623535}
{"epoch": 45, "successful_updates": 4500, "losses": {"task": 0.4377213269472122, "full_task": 0.396466389298439, "self_feature": 0.5856248438358307, "feature": 0.8611389398574829, "loss_actionness": 0.13774926960468292, "loss_transition": 0.664706289768219, "loss_boundary": 3.085244679823518e-05, "cost": 2.2590256929397583}, "peak_gib": 14.719658851623535}
09/14 17:28:59 - mmengine - WARNING - "FileClient" will be deprecated in future. Please use io functions in https://mmengine.readthedocs.io/en/latest/api/fileio.html#file-io
09/14 17:28:59 - mmengine - WARNING - "FileClient" will be deprecated in future. Please use io functions in https://mmengine.readthedocs.io/en/latest/api/fileio.html#file-io
09/14 17:28:59 - mmengine - WARNING - "HardDiskBackend" is the alias of "LocalBackend" and the former will be deprecated in future.
09/14 17:28:59 - mmengine - WARNING - "HardDiskBackend" is the alias of "LocalBackend" and the former will be deprecated in future.
{"epoch": 46, "successful_updates": 4520, "losses": {"task": 0.178099375218153, "full_task": 0.14912166260182858, "self_feature": 0.8222884833812714, "feature": 0.9866311550140381, "loss_actionness": 0.11823888123035431, "loss_transition": 0.5847056210041046, "loss_boundary": 0.0015833957895665662, "cost": 1.9887677431106567}, "peak_gib": 14.719658851623535}
{"epoch": 46, "successful_updates": 4540, "losses": {"task": 0.06643613427877426, "full_task": 0.06821608915925026, "self_feature": 0.45751507580280304, "feature": 0.616007924079895, "loss_actionness": 0.12943090125918388, "loss_transition": 0.6126416325569153, "loss_boundary": 0.0016331054575857706, "cost": 1.4889551997184753}, "peak_gib": 14.719658851623535}
{"epoch": 46, "successful_updates": 4560, "losses": {"task": 0.12803028151392937, "full_task": 0.07753150910139084, "self_feature": 0.7835958302021027, "feature": 1.0287319719791412, "loss_actionness": 0.13609695434570312, "loss_transition": 0.6502889394760132, "loss_boundary": 3.0852450436213985e-05, "cost": 2.04092139005661}, "peak_gib": 14.719658851623535}
{"epoch": 46, "successful_updates": 4580, "losses": {"task": 0.19813428074121475, "full_task": 0.1982497200369835, "self_feature": 0.8127767145633698, "feature": 1.0065512657165527, "loss_actionness": 0.11091124266386032, "loss_transition": 0.574581190943718, "loss_boundary": 0.0015798100812389748, "cost": 2.022597849369049}, "peak_gib": 14.719658851623535}
{"epoch": 46, "successful_updates": 4600, "losses": {"task": 0.3767158091068268, "full_task": 0.3486792743206024, "self_feature": 0.44178392738103867, "feature": 0.7428604066371918, "loss_actionness": 0.15890948474407196, "loss_transition": 0.5941760540008545, "loss_boundary": 0.00012532690379885025, "cost": 2.0041353702545166}, "peak_gib": 14.719658851623535}
09/14 17:35:53 - mmengine - WARNING - "FileClient" will be deprecated in future. Please use io functions in https://mmengine.readthedocs.io/en/latest/api/fileio.html#file-io
09/14 17:35:53 - mmengine - WARNING - "FileClient" will be deprecated in future. Please use io functions in https://mmengine.readthedocs.io/en/latest/api/fileio.html#file-io
09/14 17:35:53 - mmengine - WARNING - "HardDiskBackend" is the alias of "LocalBackend" and the former will be deprecated in future.
09/14 17:35:53 - mmengine - WARNING - "HardDiskBackend" is the alias of "LocalBackend" and the former will be deprecated in future.
{"epoch": 47, "successful_updates": 4620, "losses": {"task": 0.13495294004678726, "full_task": 0.12804648652672768, "self_feature": 0.7380211651325226, "feature": 1.0043334662914276, "loss_actionness": 0.10172801092267036, "loss_transition": 0.6633926331996918, "loss_boundary": 3.085244679823518e-05, "cost": 2.0102515816688538}, "peak_gib": 14.719658851623535}
{"epoch": 47, "successful_updates": 4640, "losses": {"task": 0.22092412412166595, "full_task": 0.2204633727669716, "self_feature": 0.6779215335845947, "feature": 0.807755172252655, "loss_actionness": 0.2253619283437729, "loss_transition": 0.604866087436676, "loss_boundary": 0.0016133831995830406, "cost": 1.983428716659546}, "peak_gib": 14.719658851623535}
{"epoch": 47, "successful_updates": 4660, "losses": {"task": 0.2385588064789772, "full_task": 0.25983162224292755, "self_feature": 0.9146843254566193, "feature": 1.155079036951065, "loss_actionness": 0.17700358852744102, "loss_transition": 0.6613471508026123, "loss_boundary": 0.0031324243173003197, "cost": 2.391547441482544}, "peak_gib": 14.719658851623535}
{"epoch": 47, "successful_updates": 4680, "losses": {"task": 1.0139078497886658, "full_task": 0.8117628693580627, "self_feature": 0.7281039953231812, "feature": 1.0130342245101929, "loss_actionness": 0.17989220470190048, "loss_transition": 0.6635638475418091, "loss_boundary": 3.1849564038566314e-05, "cost": 3.1461809873580933}, "peak_gib": 14.719658851623535}
{"epoch": 47, "successful_updates": 4700, "losses": {"task": 0.07812047004699707, "full_task": 0.0659242682158947, "self_feature": 0.8042823672294617, "feature": 0.975219339132309, "loss_actionness": 0.12744222581386566, "loss_transition": 0.6342683434486389, "loss_boundary": 0.0012108101218473166, "cost": 1.913170576095581}, "peak_gib": 14.719658851623535}
09/14 17:42:54 - mmengine - WARNING - "FileClient" will be deprecated in future. Please use io functions in https://mmengine.readthedocs.io/en/latest/api/fileio.html#file-io
09/14 17:42:54 - mmengine - WARNING - "FileClient" will be deprecated in future. Please use io functions in https://mmengine.readthedocs.io/en/latest/api/fileio.html#file-io
09/14 17:42:54 - mmengine - WARNING - "HardDiskBackend" is the alias of "LocalBackend" and the former will be deprecated in future.
09/14 17:42:54 - mmengine - WARNING - "HardDiskBackend" is the alias of "LocalBackend" and the former will be deprecated in future.
{"epoch": 48, "successful_updates": 4720, "losses": {"task": 0.12097141519188881, "full_task": 0.12019937485456467, "self_feature": 0.7868623733520508, "feature": 0.9790738821029663, "loss_actionness": 0.19306733459234238, "loss_transition": 0.6475713849067688, "loss_boundary": 0.002124497666954994, "cost": 2.0515446066856384}, "peak_gib": 14.719658851623535}
{"epoch": 48, "successful_updates": 4740, "losses": {"task": 0.22587630152702332, "full_task": 0.19017000496387482, "self_feature": 0.9586515426635742, "feature": 1.291603684425354, "loss_actionness": 0.11427903175354004, "loss_transition": 0.5352539420127869, "loss_boundary": 3.085244861722458e-05, "cost": 2.3104512691497803}, "peak_gib": 14.719658851623535}
{"epoch": 48, "successful_updates": 4760, "losses": {"task": 0.0833325944840908, "full_task": 0.09710050746798515, "self_feature": 0.7375359535217285, "feature": 0.9012564718723297, "loss_actionness": 0.13420706614851952, "loss_transition": 0.6149671971797943, "loss_boundary": 0.001648054072575178, "cost": 1.833440124988556}, "peak_gib": 14.719658851623535}
{"epoch": 48, "successful_updates": 4780, "losses": {"task": 0.15906057506799698, "full_task": 0.16501296311616898, "self_feature": 0.6743583977222443, "feature": 0.8778456151485443, "loss_actionness": 0.17610275745391846, "loss_transition": 0.6387335956096649, "loss_boundary": 0.001708008101559244, "cost": 1.9621396660804749}, "peak_gib": 14.719658851623535}
{"epoch": 48, "successful_updates": 4800, "losses": {"task": 0.43052882701158524, "full_task": 0.4058634340763092, "self_feature": 0.7211546003818512, "feature": 1.0302276909351349, "loss_actionness": 0.12311460077762604, "loss_transition": 0.6608856916427612, "loss_boundary": 3.0852450436213985e-05, "cost": 2.4183688163757324}, "peak_gib": 14.719658851623535}
09/14 17:49:55 - mmengine - WARNING - "FileClient" will be deprecated in future. Please use io functions in https://mmengine.readthedocs.io/en/latest/api/fileio.html#file-io
09/14 17:49:55 - mmengine - WARNING - "FileClient" will be deprecated in future. Please use io functions in https://mmengine.readthedocs.io/en/latest/api/fileio.html#file-io
09/14 17:49:55 - mmengine - WARNING - "HardDiskBackend" is the alias of "LocalBackend" and the former will be deprecated in future.
09/14 17:49:55 - mmengine - WARNING - "HardDiskBackend" is the alias of "LocalBackend" and the former will be deprecated in future.
{"epoch": 49, "successful_updates": 4820, "losses": {"task": 0.22172431647777557, "full_task": 0.18392399977892637, "self_feature": 0.8417620360851288, "feature": 1.0459327697753906, "loss_actionness": 0.1151636429131031, "loss_transition": 0.6332810819149017, "loss_boundary": 0.0009172596473945305, "cost": 2.1471763253211975}, "peak_gib": 14.719658851623535}
{"epoch": 49, "successful_updates": 4840, "losses": {"task": 0.06785295903682709, "full_task": 0.05524148419499397, "self_feature": 0.5601419806480408, "feature": 0.8146463930606842, "loss_actionness": 0.14623574167490005, "loss_transition": 0.5790392160415649, "loss_boundary": 0.0015837396822462324, "cost": 1.6791825890541077}, "peak_gib": 14.719658851623535}
{"epoch": 49, "successful_updates": 4860, "losses": {"task": 0.050106070935726166, "full_task": 0.05720176920294762, "self_feature": 0.6902963519096375, "feature": 0.84284907579422, "loss_actionness": 0.14100483059883118, "loss_transition": 0.5954523086547852, "loss_boundary": 3.0852450436213985e-05, "cost": 1.7127732634544373}, "peak_gib": 14.719658851623535}
{"epoch": 49, "successful_updates": 4880, "losses": {"task": 0.2624647468328476, "full_task": 0.21548745036125183, "self_feature": 0.8267906606197357, "feature": 1.041034609079361, "loss_actionness": 0.1890682876110077, "loss_transition": 0.6265592873096466, "loss_boundary": 0.0015814856142242206, "cost": 2.2572591304779053}, "peak_gib": 14.719658851623535}
{"epoch": 49, "successful_updates": 4900, "losses": {"task": 0.07816115766763687, "full_task": 0.061193570494651794, "self_feature": 0.9361828565597534, "feature": 1.1752501130104065, "loss_actionness": 0.09712418168783188, "loss_transition": 0.6454337537288666, "loss_boundary": 0.0031282121781259775, "cost": 2.1080141067504883}, "peak_gib": 14.719658851623535}
09/14 17:56:59 - mmengine - WARNING - "FileClient" will be deprecated in future. Please use io functions in https://mmengine.readthedocs.io/en/latest/api/fileio.html#file-io
09/14 17:56:59 - mmengine - WARNING - "FileClient" will be deprecated in future. Please use io functions in https://mmengine.readthedocs.io/en/latest/api/fileio.html#file-io
09/14 17:56:59 - mmengine - WARNING - "HardDiskBackend" is the alias of "LocalBackend" and the former will be deprecated in future.
09/14 17:56:59 - mmengine - WARNING - "HardDiskBackend" is the alias of "LocalBackend" and the former will be deprecated in future.
{"epoch": 50, "successful_updates": 4920, "losses": {"task": 0.40823670476675034, "full_task": 0.3849666938185692, "self_feature": 0.7834560573101044, "feature": 1.1166722774505615, "loss_actionness": 0.15326407924294472, "loss_transition": 0.6387449204921722, "loss_boundary": 3.0852450436213985e-05, "cost": 2.491536021232605}, "peak_gib": 14.719658851623535}
{"epoch": 50, "successful_updates": 4940, "losses": {"task": 1.5626597702503204, "full_task": 1.366097629070282, "self_feature": 0.9652069509029388, "feature": 1.1763335466384888, "loss_actionness": 0.18272439390420914, "loss_transition": 0.6677654385566711, "loss_boundary": 0.003333372180350125, "cost": 4.030861735343933}, "peak_gib": 14.719658851623535}
{"epoch": 50, "successful_updates": 4960, "losses": {"task": 0.42057252675294876, "full_task": 0.3444363996386528, "self_feature": 0.7897639870643616, "feature": 1.0015753507614136, "loss_actionness": 0.11322170495986938, "loss_transition": 0.6729562878608704, "loss_boundary": 0.003130179480649531, "cost": 2.3765416145324707}, "peak_gib": 14.719658851623535}
{"epoch": 50, "successful_updates": 4980, "losses": {"task": 0.8499274775385857, "full_task": 0.7672509700059891, "self_feature": 0.6476419866085052, "feature": 0.8601743280887604, "loss_actionness": 0.1587856039404869, "loss_transition": 0.6480280756950378, "loss_boundary": 0.0002557713523856364, "cost": 2.773748219013214}, "peak_gib": 14.719658851623535}
{"epoch": 50, "successful_updates": 5000, "losses": {"task": 0.43669524788856506, "full_task": 0.38351970911026, "self_feature": 1.063932180404663, "feature": 1.2697834372520447, "loss_actionness": 0.14729313552379608, "loss_transition": 0.6669647395610809, "loss_boundary": 0.003131505101919174, "cost": 2.7261412143707275}, "peak_gib": 14.719658851623535}
09/14 18:04:04 - mmengine - WARNING - "FileClient" will be deprecated in future. Please use io functions in https://mmengine.readthedocs.io/en/latest/api/fileio.html#file-io
09/14 18:04:04 - mmengine - WARNING - "FileClient" will be deprecated in future. Please use io functions in https://mmengine.readthedocs.io/en/latest/api/fileio.html#file-io
09/14 18:04:04 - mmengine - WARNING - "HardDiskBackend" is the alias of "LocalBackend" and the former will be deprecated in future.
09/14 18:04:04 - mmengine - WARNING - "HardDiskBackend" is the alias of "LocalBackend" and the former will be deprecated in future.
{"epoch": 51, "successful_updates": 5020, "losses": {"task": 0.34570466727018356, "full_task": 0.3066433407366276, "self_feature": 0.9771356880664825, "feature": 1.2532209753990173, "loss_actionness": 0.16382720693945885, "loss_transition": 0.6632685661315918, "loss_boundary": 0.0031726754968985915, "cost": 2.6035685539245605}, "peak_gib": 14.719658851623535}
{"epoch": 51, "successful_updates": 5040, "losses": {"task": 0.04338858928531408, "full_task": 0.03598733991384506, "self_feature": 0.6587176322937012, "feature": 0.8622332215309143, "loss_actionness": 0.23681087791919708, "loss_transition": 0.6197910606861115, "loss_boundary": 3.085245407419279e-05, "cost": 1.8371232151985168}, "peak_gib": 14.719658851623535}
{"epoch": 51, "successful_updates": 5060, "losses": {"task": 0.6289349719882011, "full_task": 0.602255791425705, "self_feature": 0.8713365197181702, "feature": 1.039192408323288, "loss_actionness": 0.1453431397676468, "loss_transition": 0.6599315702915192, "loss_boundary": 0.0031352725345641375, "cost": 2.7142348289489746}, "peak_gib": 14.719658851623535}
{"epoch": 51, "successful_updates": 5080, "losses": {"task": 0.49223409593105316, "full_task": 0.43063706159591675, "self_feature": 0.8317230641841888, "feature": 1.0202361047267914, "loss_actionness": 0.14325901865959167, "loss_transition": 0.6766233444213867, "loss_boundary": 0.0032422998920083046, "cost": 2.5264264345169067}, "peak_gib": 14.719658851623535}
{"epoch": 51, "successful_updates": 5100, "losses": {"task": 0.06908727437257767, "full_task": 0.06757952272891998, "self_feature": 0.713148444890976, "feature": 0.9640133082866669, "loss_actionness": 0.20239050313830376, "loss_transition": 0.5919948220252991, "loss_boundary": 0.0003250278259656625, "cost": 1.9160205721855164}, "peak_gib": 14.719658851623535}
09/14 18:11:06 - mmengine - WARNING - "FileClient" will be deprecated in future. Please use io functions in https://mmengine.readthedocs.io/en/latest/api/fileio.html#file-io
09/14 18:11:06 - mmengine - WARNING - "FileClient" will be deprecated in future. Please use io functions in https://mmengine.readthedocs.io/en/latest/api/fileio.html#file-io
09/14 18:11:06 - mmengine - WARNING - "HardDiskBackend" is the alias of "LocalBackend" and the former will be deprecated in future.
09/14 18:11:06 - mmengine - WARNING - "HardDiskBackend" is the alias of "LocalBackend" and the former will be deprecated in future.
{"epoch": 52, "successful_updates": 5120, "losses": {"task": 0.5565088242292404, "full_task": 0.4247952699661255, "self_feature": 1.0133968591690063, "feature": 1.202716886997223, "loss_actionness": 0.16010718047618866, "loss_transition": 0.6571308672428131, "loss_boundary": 0.0031301795970648527, "cost": 2.7871323823928833}, "peak_gib": 14.719658851623535}
{"epoch": 52, "successful_updates": 5140, "losses": {"task": 0.11979538481682539, "full_task": 0.10705309174954891, "self_feature": 0.635700911283493, "feature": 0.8080701231956482, "loss_actionness": 0.10970718041062355, "loss_transition": 0.6372810006141663, "loss_boundary": 0.0020623108139261603, "cost": 1.7672494649887085}, "peak_gib": 14.719658851623535}
{"epoch": 52, "successful_updates": 5160, "losses": {"task": 0.13058296404778957, "full_task": 0.11469416692852974, "self_feature": 0.7546498775482178, "feature": 1.0191061794757843, "loss_actionness": 0.14538200199604034, "loss_transition": 0.663893312215805, "loss_boundary": 5.3986172133591026e-05, "cost": 2.0631569027900696}, "peak_gib": 14.719658851623535}
{"epoch": 52, "successful_updates": 5180, "losses": {"task": 0.3800961822271347, "full_task": 0.28111038357019424, "self_feature": 1.1655353307724, "feature": 1.374720275402069, "loss_actionness": 0.1631016805768013, "loss_transition": 0.6562826931476593, "loss_boundary": 0.003202503896318376, "cost": 2.7642345428466797}, "peak_gib": 14.719658851623535}
{"epoch": 52, "successful_updates": 5200, "losses": {"task": 0.6308638006448746, "full_task": 0.5930253341794014, "self_feature": 0.6085997894406319, "feature": 0.9040517807006836, "loss_actionness": 0.1496015042066574, "loss_transition": 0.6036188006401062, "loss_boundary": 0.001598855513293529, "cost": 2.4988511204719543}, "peak_gib": 14.719658851623535}
09/14 18:18:06 - mmengine - WARNING - "FileClient" will be deprecated in future. Please use io functions in https://mmengine.readthedocs.io/en/latest/api/fileio.html#file-io
09/14 18:18:06 - mmengine - WARNING - "FileClient" will be deprecated in future. Please use io functions in https://mmengine.readthedocs.io/en/latest/api/fileio.html#file-io
09/14 18:18:06 - mmengine - WARNING - "HardDiskBackend" is the alias of "LocalBackend" and the former will be deprecated in future.
09/14 18:18:06 - mmengine - WARNING - "HardDiskBackend" is the alias of "LocalBackend" and the former will be deprecated in future.
{"epoch": 53, "successful_updates": 5220, "losses": {"task": 0.24646103382110596, "full_task": 0.2416471317410469, "self_feature": 0.7039141952991486, "feature": 0.9472058415412903, "loss_actionness": 0.1294003203511238, "loss_transition": 0.6713878512382507, "loss_boundary": 3.085244679823518e-05, "cost": 2.1252891421318054}, "peak_gib": 14.719658851623535}
{"epoch": 53, "successful_updates": 5240, "losses": {"task": 0.1579526960849762, "full_task": 0.09253086522221565, "self_feature": 0.948982298374176, "feature": 1.149271547794342, "loss_actionness": 0.09515228867530823, "loss_transition": 0.633553683757782, "loss_boundary": 0.003139224834740162, "cost": 2.1571003198623657}, "peak_gib": 14.719658851623535}
{"epoch": 53, "successful_updates": 5260, "losses": {"task": 0.16686435043811798, "full_task": 0.14423487335443497, "self_feature": 0.39079101383686066, "feature": 0.5285459905862808, "loss_actionness": 0.1985412761569023, "loss_transition": 0.6685676276683807, "loss_boundary": 0.0032290860544890165, "cost": 1.640886127948761}, "peak_gib": 14.719658851623535}
{"epoch": 53, "successful_updates": 5280, "losses": {"task": 0.8017710987478495, "full_task": 0.7412946000695229, "self_feature": 0.7375505566596985, "feature": 0.9586696028709412, "loss_actionness": 0.1559116207063198, "loss_transition": 0.5863994657993317, "loss_boundary": 3.0852450436213985e-05, "cost": 2.7618613243103027}, "peak_gib": 14.719658851623535}
{"epoch": 53, "successful_updates": 5300, "losses": {"task": 0.05516057461500168, "full_task": 0.044018739834427834, "self_feature": 0.9692904353141785, "feature": 1.1629270911216736, "loss_actionness": 0.11694899573922157, "loss_transition": 0.6592975854873657, "loss_boundary": 0.0031375817488878965, "cost": 2.1054055094718933}, "peak_gib": 14.719658851623535}
09/14 18:25:07 - mmengine - WARNING - "FileClient" will be deprecated in future. Please use io functions in https://mmengine.readthedocs.io/en/latest/api/fileio.html#file-io
09/14 18:25:07 - mmengine - WARNING - "FileClient" will be deprecated in future. Please use io functions in https://mmengine.readthedocs.io/en/latest/api/fileio.html#file-io
09/14 18:25:07 - mmengine - WARNING - "HardDiskBackend" is the alias of "LocalBackend" and the former will be deprecated in future.
09/14 18:25:07 - mmengine - WARNING - "HardDiskBackend" is the alias of "LocalBackend" and the former will be deprecated in future.
{"epoch": 54, "successful_updates": 5320, "losses": {"task": 0.8320813477039337, "full_task": 0.8074746131896973, "self_feature": 0.8235039412975311, "feature": 1.0909212827682495, "loss_actionness": 0.17135147750377655, "loss_transition": 0.6333716511726379, "loss_boundary": 0.0016010660110623576, "cost": 3.0135459899902344}, "peak_gib": 14.719658851623535}
{"epoch": 54, "successful_updates": 5340, "losses": {"task": 0.6274032443761826, "full_task": 0.5168102830648422, "self_feature": 0.6429647654294968, "feature": 0.8584650754928589, "loss_actionness": 0.13531329482793808, "loss_transition": 0.6670422852039337, "loss_boundary": 3.0852450436213985e-05, "cost": 2.4817537665367126}, "peak_gib": 14.719658851623535}
{"epoch": 54, "successful_updates": 5360, "losses": {"task": 0.31799551099538803, "full_task": 0.2034248188138008, "self_feature": 1.1616162061691284, "feature": 1.3506791591644287, "loss_actionness": 0.09724939242005348, "loss_transition": 0.6537323594093323, "loss_boundary": 0.0031326640164479613, "cost": 2.5898070335388184}, "peak_gib": 14.719658851623535}
{"epoch": 54, "successful_updates": 5380, "losses": {"task": 0.41335877776145935, "full_task": 0.32036469876766205, "self_feature": 0.9677446782588959, "feature": 1.1991684436798096, "loss_actionness": 0.1963353008031845, "loss_transition": 0.65672367811203, "loss_boundary": 0.003131003468297422, "cost": 2.645582914352417}, "peak_gib": 14.719658851623535}
{"epoch": 54, "successful_updates": 5400, "losses": {"task": 0.536183699965477, "full_task": 0.506065770983696, "self_feature": 0.5680555999279022, "feature": 0.750658243894577, "loss_actionness": 0.22397547960281372, "loss_transition": 0.3387547731399536, "loss_boundary": 1.5426225218106993e-05, "cost": 2.032909572124481}, "peak_gib": 14.719658851623535}
09/14 18:32:21 - mmengine - WARNING - "FileClient" will be deprecated in future. Please use io functions in https://mmengine.readthedocs.io/en/latest/api/fileio.html#file-io
09/14 18:32:21 - mmengine - WARNING - "FileClient" will be deprecated in future. Please use io functions in https://mmengine.readthedocs.io/en/latest/api/fileio.html#file-io
09/14 18:32:21 - mmengine - WARNING - "HardDiskBackend" is the alias of "LocalBackend" and the former will be deprecated in future.
09/14 18:32:21 - mmengine - WARNING - "HardDiskBackend" is the alias of "LocalBackend" and the former will be deprecated in future.
{"epoch": 55, "successful_updates": 5420, "losses": {"task": 0.9000941514968872, "full_task": 0.648899719119072, "self_feature": 0.8795902132987976, "feature": 1.063701719045639, "loss_actionness": 0.12712110579013824, "loss_transition": 0.6677140593528748, "loss_boundary": 0.003174797515384853, "cost": 3.011989712715149}, "peak_gib": 14.719658851623535}
{"epoch": 55, "successful_updates": 5440, "losses": {"task": 0.17274178564548492, "full_task": 0.17833345010876656, "self_feature": 0.7068850845098495, "feature": 0.8931504786014557, "loss_actionness": 0.15293360874056816, "loss_transition": 0.6503483355045319, "loss_boundary": 0.003128484357148409, "cost": 1.9875744581222534}, "peak_gib": 14.719658851623535}
{"epoch": 55, "successful_updates": 5460, "losses": {"task": 0.018231142312288284, "full_task": 0.01576420199126005, "self_feature": 0.6588961780071259, "feature": 0.8224467933177948, "loss_actionness": 0.1493648998439312, "loss_transition": 0.6607660353183746, "loss_boundary": 3.085244861722458e-05, "cost": 1.720670461654663}, "peak_gib": 14.719658851623535}
{"epoch": 55, "successful_updates": 5480, "losses": {"task": 0.1898542195558548, "full_task": 0.16085144877433777, "self_feature": 0.9673923850059509, "feature": 1.1244720816612244, "loss_actionness": 0.20740286260843277, "loss_transition": 0.6577396094799042, "loss_boundary": 0.0031280015828087926, "cost": 2.3195488452911377}, "peak_gib": 14.719658851623535}
{"epoch": 55, "successful_updates": 5500, "losses": {"task": 0.5052774548530579, "full_task": 0.4574775695800781, "self_feature": 0.7122594714164734, "feature": 0.8864562213420868, "loss_actionness": 0.14626717567443848, "loss_transition": 0.6612752079963684, "loss_boundary": 0.0031311388593167067, "cost": 2.3880025148391724}, "peak_gib": 14.719658851623535}
09/14 18:39:32 - mmengine - WARNING - "FileClient" will be deprecated in future. Please use io functions in https://mmengine.readthedocs.io/en/latest/api/fileio.html#file-io
09/14 18:39:32 - mmengine - WARNING - "FileClient" will be deprecated in future. Please use io functions in https://mmengine.readthedocs.io/en/latest/api/fileio.html#file-io
09/14 18:39:32 - mmengine - WARNING - "HardDiskBackend" is the alias of "LocalBackend" and the former will be deprecated in future.
09/14 18:39:32 - mmengine - WARNING - "HardDiskBackend" is the alias of "LocalBackend" and the former will be deprecated in future.
{"epoch": 56, "successful_updates": 5520, "losses": {"task": 0.2526397556066513, "full_task": 0.17963027022778988, "self_feature": 0.894570916891098, "feature": 1.0837892889976501, "loss_actionness": 0.17446767538785934, "loss_transition": 0.6538694500923157, "loss_boundary": 3.121929148619529e-05, "cost": 2.299161911010742}, "peak_gib": 14.719658851623535}
{"epoch": 56, "successful_updates": 5540, "losses": {"task": 0.10699856281280518, "full_task": 0.07737694680690765, "self_feature": 0.7094631791114807, "feature": 0.8767306804656982, "loss_actionness": 0.11824536323547363, "loss_transition": 0.5903028547763824, "loss_boundary": 0.001588868706676294, "cost": 1.784156858921051}, "peak_gib": 14.719658851623535}
{"epoch": 56, "successful_updates": 5560, "losses": {"task": 0.7381029762327671, "full_task": 0.7072194814682007, "self_feature": 0.7299968898296356, "feature": 0.9452284574508667, "loss_actionness": 0.11468365788459778, "loss_transition": 0.6634819805622101, "loss_boundary": 0.0031519238837063313, "cost": 2.7144535779953003}, "peak_gib": 14.719658851623535}
{"epoch": 56, "successful_updates": 5580, "losses": {"task": 0.31233806908130646, "full_task": 0.2845088243484497, "self_feature": 0.7399708330631256, "feature": 0.933416098356247, "loss_actionness": 0.14760873466730118, "loss_transition": 0.6618886291980743, "loss_boundary": 3.0852450436213985e-05, "cost": 2.200406551361084}, "peak_gib": 14.719658851623535}
{"epoch": 56, "successful_updates": 5600, "losses": {"task": 0.40067839063704014, "full_task": 0.3629860430955887, "self_feature": 0.7821339964866638, "feature": 0.9338812828063965, "loss_actionness": 0.15404290705919266, "loss_transition": 0.5995861887931824, "loss_boundary": 0.0015821984598005656, "cost": 2.258730947971344}, "peak_gib": 14.719658851623535}
09/14 18:46:38 - mmengine - WARNING - "FileClient" will be deprecated in future. Please use io functions in https://mmengine.readthedocs.io/en/latest/api/fileio.html#file-io
09/14 18:46:38 - mmengine - WARNING - "FileClient" will be deprecated in future. Please use io functions in https://mmengine.readthedocs.io/en/latest/api/fileio.html#file-io
09/14 18:46:38 - mmengine - WARNING - "HardDiskBackend" is the alias of "LocalBackend" and the former will be deprecated in future.
09/14 18:46:38 - mmengine - WARNING - "HardDiskBackend" is the alias of "LocalBackend" and the former will be deprecated in future.
{"epoch": 57, "successful_updates": 5620, "losses": {"task": 0.9178071916103363, "full_task": 0.8663228750228882, "self_feature": 0.5386654436588287, "feature": 0.8697403967380524, "loss_actionness": 0.24315328896045685, "loss_transition": 0.6297288835048676, "loss_boundary": 0.001601080441105296, "cost": 2.9324779510498047}, "peak_gib": 14.719658851623535}
{"epoch": 57, "successful_updates": 5640, "losses": {"task": 0.11921761557459831, "full_task": 0.11075574159622192, "self_feature": 0.7182967364788055, "feature": 0.9261956512928009, "loss_actionness": 0.12064571678638458, "loss_transition": 0.627298891544342, "loss_boundary": 3.085245407419279e-05, "cost": 1.8929073810577393}, "peak_gib": 14.719658851623535}
{"epoch": 57, "successful_updates": 5660, "losses": {"task": 0.8668447136878967, "full_task": 0.7414617538452148, "self_feature": 0.8488401174545288, "feature": 1.0091421902179718, "loss_actionness": 0.1376699134707451, "loss_transition": 0.6666910648345947, "loss_boundary": 0.0031848432263359427, "cost": 2.953782081604004}, "peak_gib": 14.719658851623535}
{"epoch": 57, "successful_updates": 5680, "losses": {"task": 0.12638026103377342, "full_task": 0.1485997959971428, "self_feature": 0.49713267385959625, "feature": 0.7335579097270966, "loss_actionness": 0.17895421385765076, "loss_transition": 0.5949763357639313, "loss_boundary": 0.001600028044776991, "cost": 1.722331941127777}, "peak_gib": 14.719658851623535}
{"epoch": 57, "successful_updates": 5700, "losses": {"task": 0.14347729831933975, "full_task": 0.1318174973130226, "self_feature": 0.7166560590267181, "feature": 0.9557778835296631, "loss_actionness": 0.12046079710125923, "loss_transition": 0.6592268645763397, "loss_boundary": 3.0852450436213985e-05, "cost": 1.9835936427116394}, "peak_gib": 14.719658851623535}
09/14 18:53:43 - mmengine - WARNING - "FileClient" will be deprecated in future. Please use io functions in https://mmengine.readthedocs.io/en/latest/api/fileio.html#file-io
09/14 18:53:43 - mmengine - WARNING - "FileClient" will be deprecated in future. Please use io functions in https://mmengine.readthedocs.io/en/latest/api/fileio.html#file-io
09/14 18:53:43 - mmengine - WARNING - "HardDiskBackend" is the alias of "LocalBackend" and the former will be deprecated in future.
09/14 18:53:43 - mmengine - WARNING - "HardDiskBackend" is the alias of "LocalBackend" and the former will be deprecated in future.
{"epoch": 58, "successful_updates": 5720, "losses": {"task": 0.06635447777807713, "full_task": 0.057378435507416725, "self_feature": 0.9945133924484253, "feature": 1.2021406888961792, "loss_actionness": 0.13327545672655106, "loss_transition": 0.6437353193759918, "loss_boundary": 0.0017694605194265023, "cost": 2.161071538925171}, "peak_gib": 14.719658851623535}
{"epoch": 58, "successful_updates": 5740, "losses": {"task": 0.14607944153249264, "full_task": 0.10423283278942108, "self_feature": 0.7306506037712097, "feature": 0.9054277241230011, "loss_actionness": 0.1582992821931839, "loss_transition": 0.6614587008953094, "loss_boundary": 0.0031858336878940463, "cost": 1.9735741019248962}, "peak_gib": 14.719658851623535}
{"epoch": 58, "successful_updates": 5760, "losses": {"task": 0.11907082423567772, "full_task": 0.11694177240133286, "self_feature": 0.6274475753307343, "feature": 0.8068326115608215, "loss_actionness": 0.15846297144889832, "loss_transition": 0.6648419797420502, "loss_boundary": 3.9477636164519936e-05, "cost": 1.841228187084198}, "peak_gib": 14.719658851623535}
{"epoch": 58, "successful_updates": 5780, "losses": {"task": 0.4149448722600937, "full_task": 0.3703238517045975, "self_feature": 0.9303222596645355, "feature": 1.1790566444396973, "loss_actionness": 0.142466701567173, "loss_transition": 0.6615428626537323, "loss_boundary": 0.0031316058011725545, "cost": 2.586755871772766}, "peak_gib": 14.719658851623535}
{"epoch": 58, "successful_updates": 5800, "losses": {"task": 0.7557042241096497, "full_task": 0.8454701006412506, "self_feature": 0.8960632979869843, "feature": 1.148812711238861, "loss_actionness": 0.13753655552864075, "loss_transition": 0.6472200453281403, "loss_boundary": 0.0018912807572633028, "cost": 2.992138624191284}, "peak_gib": 14.719658851623535}
09/14 19:00:54 - mmengine - WARNING - "FileClient" will be deprecated in future. Please use io functions in https://mmengine.readthedocs.io/en/latest/api/fileio.html#file-io
09/14 19:00:54 - mmengine - WARNING - "FileClient" will be deprecated in future. Please use io functions in https://mmengine.readthedocs.io/en/latest/api/fileio.html#file-io
09/14 19:00:54 - mmengine - WARNING - "HardDiskBackend" is the alias of "LocalBackend" and the former will be deprecated in future.
09/14 19:00:54 - mmengine - WARNING - "HardDiskBackend" is the alias of "LocalBackend" and the former will be deprecated in future.
{"epoch": 59, "successful_updates": 5820, "losses": {"task": 0.18107856065034866, "full_task": 0.13257449865341187, "self_feature": 0.7348000109195709, "feature": 0.9902972877025604, "loss_actionness": 0.16549154371023178, "loss_transition": 0.6277306377887726, "loss_boundary": 6.475721966126002e-05, "cost": 2.0712863206863403}, "peak_gib": 14.719658851623535}
{"epoch": 59, "successful_updates": 5840, "losses": {"task": 0.3763871379196644, "full_task": 0.3267141282558441, "self_feature": 0.8384115695953369, "feature": 1.0931133031845093, "loss_actionness": 0.21804356575012207, "loss_transition": 0.6255486011505127, "loss_boundary": 0.0015863041917327791, "cost": 2.4801985025405884}, "peak_gib": 14.719658851623535}
{"epoch": 59, "successful_updates": 5860, "losses": {"task": 0.2534574419260025, "full_task": 0.2852582037448883, "self_feature": 0.8693688809871674, "feature": 1.034898281097412, "loss_actionness": 0.14327161014080048, "loss_transition": 0.6633988916873932, "loss_boundary": 0.0031967954710125923, "cost": 2.2564743757247925}, "peak_gib": 14.719658851623535}
{"epoch": 59, "successful_updates": 5880, "losses": {"task": 0.41086266934871674, "full_task": 0.3316120058298111, "self_feature": 0.7347242832183838, "feature": 1.0092057585716248, "loss_actionness": 0.15184937417507172, "loss_transition": 0.6568503379821777, "loss_boundary": 3.085244861722458e-05, "cost": 2.385174334049225}, "peak_gib": 14.719658851623535}
{"epoch": 59, "successful_updates": 5900, "losses": {"task": 0.25660959631204605, "full_task": 0.21168842911720276, "self_feature": 0.8291510939598083, "feature": 1.03363436460495, "loss_actionness": 0.10837074369192123, "loss_transition": 0.5806955844163895, "loss_boundary": 0.0015820967128092889, "cost": 2.1167296171188354}, "peak_gib": 14.719658851623535}
09/14 19:07:57 - mmengine - WARNING - "FileClient" will be deprecated in future. Please use io functions in https://mmengine.readthedocs.io/en/latest/api/fileio.html#file-io
09/14 19:07:57 - mmengine - WARNING - "FileClient" will be deprecated in future. Please use io functions in https://mmengine.readthedocs.io/en/latest/api/fileio.html#file-io
09/14 19:07:57 - mmengine - WARNING - "HardDiskBackend" is the alias of "LocalBackend" and the former will be deprecated in future.
09/14 19:07:57 - mmengine - WARNING - "HardDiskBackend" is the alias of "LocalBackend" and the former will be deprecated in future.
{"epoch": 60, "successful_updates": 5920, "losses": {"task": 0.08584510535001755, "full_task": 0.0797132384032011, "self_feature": 0.7645707130432129, "feature": 0.9879915416240692, "loss_actionness": 0.10890184342861176, "loss_transition": 0.6744300127029419, "loss_boundary": 0.003180556232109666, "cost": 1.9567344784736633}, "peak_gib": 14.719658851623535}
{"epoch": 60, "successful_updates": 5940, "losses": {"task": 0.1491072215139866, "full_task": 0.14865631237626076, "self_feature": 0.5011960864067078, "feature": 0.6443134546279907, "loss_actionness": 0.12696243450045586, "loss_transition": 0.6389285027980804, "loss_boundary": 3.085245225520339e-05, "cost": 1.6466261744499207}, "peak_gib": 14.719658851623535}
{"epoch": 60, "successful_updates": 5960, "losses": {"task": 0.30938057601451874, "full_task": 0.25581174343824387, "self_feature": 0.8663492202758789, "feature": 1.0743848085403442, "loss_actionness": 0.15720083937048912, "loss_transition": 0.5988119542598724, "loss_boundary": 0.0015837730934435967, "cost": 2.2919498085975647}, "peak_gib": 14.719658851623535}
{"epoch": 60, "successful_updates": 5980, "losses": {"task": 0.13312118500471115, "full_task": 0.112029779702425, "self_feature": 0.4382741004228592, "feature": 0.7121219336986542, "loss_actionness": 0.1329970359802246, "loss_transition": 0.5697100758552551, "loss_boundary": 0.0001294114626944065, "cost": 1.619914472103119}, "peak_gib": 14.719658851623535}
{"epoch": 60, "successful_updates": 6000, "losses": {"task": 0.08847360406070948, "full_task": 0.07303855195641518, "self_feature": 0.7570228576660156, "feature": 0.9828411638736725, "loss_actionness": 0.12351135537028313, "loss_transition": 0.6599143743515015, "loss_boundary": 3.085244679823518e-05, "cost": 1.948733150959015}, "peak_gib": 14.719658851623535}
validation subset: 211 videos, truncated as 792 windows.
09/14 19:14:58 - mmengine - WARNING - "FileClient" will be deprecated in future. Please use io functions in https://mmengine.readthedocs.io/en/latest/api/fileio.html#file-io
09/14 19:14:58 - mmengine - WARNING - "FileClient" will be deprecated in future. Please use io functions in https://mmengine.readthedocs.io/en/latest/api/fileio.html#file-io
09/14 19:14:58 - mmengine - WARNING - "HardDiskBackend" is the alias of "LocalBackend" and the former will be deprecated in future.
09/14 19:14:58 - mmengine - WARNING - "HardDiskBackend" is the alias of "LocalBackend" and the former will be deprecated in future.
thumos_b_point_uniform_seed42 60: 1/792
thumos_b_point_uniform_seed42 60: 101/792
thumos_b_point_uniform_seed42 60: 201/792
thumos_b_point_uniform_seed42 60: 301/792
thumos_b_point_uniform_seed42 60: 401/792
thumos_b_point_uniform_seed42 60: 501/792
thumos_b_point_uniform_seed42 60: 601/792
thumos_b_point_uniform_seed42 60: 701/792
{'average_mAP': 0.6789102418900361, 'mAP@0.3': 0.8296286192702563, 'mAP@0.4': 0.7886227520478546, 'mAP@0.5': 0.7122922616109377, 'mAP@0.6': 0.5994492167002968, 'mAP@0.7': 0.46455835982083576}
09/14 19:37:15 - mmengine - WARNING - "FileClient" will be deprecated in future. Please use io functions in https://mmengine.readthedocs.io/en/latest/api/fileio.html#file-io
09/14 19:37:15 - mmengine - WARNING - "FileClient" will be deprecated in future. Please use io functions in https://mmengine.readthedocs.io/en/latest/api/fileio.html#file-io
09/14 19:37:15 - mmengine - WARNING - "HardDiskBackend" is the alias of "LocalBackend" and the former will be deprecated in future.
09/14 19:37:15 - mmengine - WARNING - "HardDiskBackend" is the alias of "LocalBackend" and the former will be deprecated in future.
{"epoch": 61, "successful_updates": 6020, "losses": {"task": 0.6736644208431244, "full_task": 0.5854684412479401, "self_feature": 1.1556399464607239, "feature": 1.426489531993866, "loss_actionness": 0.12226922437548637, "loss_transition": 0.6542885899543762, "loss_boundary": 0.003127874922938645, "cost": 3.1417709589004517}, "peak_gib": 14.423583507537842}
{"epoch": 61, "successful_updates": 6040, "losses": {"task": 0.2528114393353462, "full_task": 0.2638062611222267, "self_feature": 0.7255063652992249, "feature": 0.9303365647792816, "loss_actionness": 0.19556928426027298, "loss_transition": 0.6605733335018158, "loss_boundary": 0.0032572525087743998, "cost": 2.1810500621795654}, "peak_gib": 14.425135135650635}
{"epoch": 61, "successful_updates": 6060, "losses": {"task": 0.4034309983253479, "full_task": 0.3577152043581009, "self_feature": 0.6214717626571655, "feature": 0.8691500425338745, "loss_actionness": 0.12851855158805847, "loss_transition": 0.6400725543498993, "loss_boundary": 3.085244861722458e-05, "cost": 2.1927788257598877}, "peak_gib": 14.425506114959717}
{"epoch": 61, "successful_updates": 6080, "losses": {"task": 0.11852587014436722, "full_task": 0.10246846824884415, "self_feature": 0.9250969588756561, "feature": 1.107706755399704, "loss_actionness": 0.17336774989962578, "loss_transition": 0.645919144153595, "loss_boundary": 0.0031302899587899446, "cost": 2.1667765974998474}, "peak_gib": 14.42613172531128}
{"epoch": 61, "successful_updates": 6100, "losses": {"task": 0.3243311047554016, "full_task": 0.3209702968597412, "self_feature": 0.9524982273578644, "feature": 1.1557614207267761, "loss_actionness": 0.12307873740792274, "loss_transition": 0.6574700474739075, "loss_boundary": 0.0031778491102159023, "cost": 2.439311385154724}, "peak_gib": 14.428210258483887}
09/14 19:44:17 - mmengine - WARNING - "FileClient" will be deprecated in future. Please use io functions in https://mmengine.readthedocs.io/en/latest/api/fileio.html#file-io
09/14 19:44:17 - mmengine - WARNING - "FileClient" will be deprecated in future. Please use io functions in https://mmengine.readthedocs.io/en/latest/api/fileio.html#file-io
09/14 19:44:17 - mmengine - WARNING - "HardDiskBackend" is the alias of "LocalBackend" and the former will be deprecated in future.
09/14 19:44:17 - mmengine - WARNING - "HardDiskBackend" is the alias of "LocalBackend" and the former will be deprecated in future.
{"epoch": 62, "successful_updates": 6120, "losses": {"task": 1.2535876631736755, "full_task": 1.0520042181015015, "self_feature": 0.663316398859024, "feature": 0.9186132252216339, "loss_actionness": 0.16895107924938202, "loss_transition": 0.6653152108192444, "loss_boundary": 3.0852450436213985e-05, "cost": 3.3358306884765625}, "peak_gib": 14.428668975830078}
{"epoch": 62, "successful_updates": 6140, "losses": {"task": 0.23543010652065277, "full_task": 0.2051398605108261, "self_feature": 0.7866400480270386, "feature": 0.9522596299648285, "loss_actionness": 0.1825636327266693, "loss_transition": 0.6383956670761108, "loss_boundary": 0.0016860340401763096, "cost": 2.14028400182724}, "peak_gib": 14.428668975830078}
{"epoch": 62, "successful_updates": 6160, "losses": {"task": 0.45955408923327923, "full_task": 0.4408142426982522, "self_feature": 0.8229880332946777, "feature": 1.0326078534126282, "loss_actionness": 0.12059633433818817, "loss_transition": 0.6695777475833893, "loss_boundary": 0.0031972065335139632, "cost": 2.4780356884002686}, "peak_gib": 14.428668975830078}
{"epoch": 62, "successful_updates": 6180, "losses": {"task": 0.48865313827991486, "full_task": 0.4708958566188812, "self_feature": 0.7345082759857178, "feature": 0.9814541637897491, "loss_actionness": 0.12181318178772926, "loss_transition": 0.605446845293045, "loss_boundary": 5.398617031460162e-05, "cost": 2.38859623670578}, "peak_gib": 14.428668975830078}
{"epoch": 62, "successful_updates": 6200, "losses": {"task": 0.22706496715545654, "full_task": 0.19677184522151947, "self_feature": 1.0913516879081726, "feature": 1.2568122744560242, "loss_actionness": 0.16311373561620712, "loss_transition": 0.6630769968032837, "loss_boundary": 0.003132191253826022, "cost": 2.47152841091156}, "peak_gib": 14.428668975830078}
09/14 19:51:22 - mmengine - WARNING - "FileClient" will be deprecated in future. Please use io functions in https://mmengine.readthedocs.io/en/latest/api/fileio.html#file-io
09/14 19:51:22 - mmengine - WARNING - "FileClient" will be deprecated in future. Please use io functions in https://mmengine.readthedocs.io/en/latest/api/fileio.html#file-io
09/14 19:51:22 - mmengine - WARNING - "HardDiskBackend" is the alias of "LocalBackend" and the former will be deprecated in future.
09/14 19:51:22 - mmengine - WARNING - "HardDiskBackend" is the alias of "LocalBackend" and the former will be deprecated in future.
{"epoch": 63, "successful_updates": 6220, "losses": {"task": 0.33074744045734406, "full_task": 0.25497372448444366, "self_feature": 0.9147354364395142, "feature": 1.187076985836029, "loss_actionness": 0.11121311783790588, "loss_transition": 0.6533973217010498, "loss_boundary": 0.002268158015795052, "cost": 2.439919948577881}, "peak_gib": 14.719555854797363}
{"epoch": 63, "successful_updates": 6240, "losses": {"task": 0.26320563815534115, "full_task": 0.2548283562064171, "self_feature": 0.6695973873138428, "feature": 0.8609589636325836, "loss_actionness": 0.10671325773000717, "loss_transition": 0.6377199590206146, "loss_boundary": 3.085244861722458e-05, "cost": 1.9992955327033997}, "peak_gib": 14.719555854797363}
{"epoch": 63, "successful_updates": 6260, "losses": {"task": 0.29922839999198914, "full_task": 0.2904164958745241, "self_feature": 0.8737711906433105, "feature": 0.995237410068512, "loss_actionness": 0.15464800596237183, "loss_transition": 0.6568019986152649, "loss_boundary": 0.0031797299161553383, "cost": 2.269076943397522}, "peak_gib": 14.719555854797363}
{"epoch": 63, "successful_updates": 6280, "losses": {"task": 0.33714137971401215, "full_task": 0.3201456889510155, "self_feature": 0.62908735871315, "feature": 0.8451238870620728, "loss_actionness": 0.13595882803201675, "loss_transition": 0.6620125770568848, "loss_boundary": 0.003150960663333535, "cost": 2.126332640647888}, "peak_gib": 14.719555854797363}
{"epoch": 63, "successful_updates": 6300, "losses": {"task": 0.4399699866771698, "full_task": 0.398080512881279, "self_feature": 0.6888678967952728, "feature": 0.8889639377593994, "loss_actionness": 0.2087712287902832, "loss_transition": 0.6634109616279602, "loss_boundary": 3.085245225520339e-05, "cost": 2.369553804397583}, "peak_gib": 14.719555854797363}
09/14 19:58:28 - mmengine - WARNING - "FileClient" will be deprecated in future. Please use io functions in https://mmengine.readthedocs.io/en/latest/api/fileio.html#file-io
09/14 19:58:28 - mmengine - WARNING - "FileClient" will be deprecated in future. Please use io functions in https://mmengine.readthedocs.io/en/latest/api/fileio.html#file-io
09/14 19:58:28 - mmengine - WARNING - "HardDiskBackend" is the alias of "LocalBackend" and the former will be deprecated in future.
09/14 19:58:28 - mmengine - WARNING - "HardDiskBackend" is the alias of "LocalBackend" and the former will be deprecated in future.
{"epoch": 64, "successful_updates": 6320, "losses": {"task": 0.12293228972703218, "full_task": 0.09786734450608492, "self_feature": 1.0406572222709656, "feature": 1.2063973546028137, "loss_actionness": 0.1288817636668682, "loss_transition": 0.6384285688400269, "loss_boundary": 0.001844087557401508, "cost": 2.2270166873931885}, "peak_gib": 14.719645500183105}
{"epoch": 64, "successful_updates": 6340, "losses": {"task": 0.2781214974820614, "full_task": 0.2907398156821728, "self_feature": 0.7074625492095947, "feature": 0.8306488990783691, "loss_actionness": 0.1476774662733078, "loss_transition": 0.6633458435535431, "loss_boundary": 0.0031245002755895257, "cost": 2.0663493871688843}, "peak_gib": 14.719645500183105}
{"epoch": 64, "successful_updates": 6360, "losses": {"task": 0.1924454653635621, "full_task": 0.2137413788586855, "self_feature": 0.7100485563278198, "feature": 0.8298433423042297, "loss_actionness": 0.1434391811490059, "loss_transition": 0.6122257709503174, "loss_boundary": 3.0852450436213985e-05, "cost": 1.9024248123168945}, "peak_gib": 14.719645500183105}
{"epoch": 64, "successful_updates": 6380, "losses": {"task": 0.21740292385220528, "full_task": 0.20831327699124813, "self_feature": 1.0611271262168884, "feature": 1.273297131061554, "loss_actionness": 0.12330929562449455, "loss_transition": 0.6618563532829285, "loss_boundary": 0.003479918697848916, "cost": 2.437536835670471}, "peak_gib": 14.719645500183105}
{"epoch": 64, "successful_updates": 6400, "losses": {"task": 0.3659753054380417, "full_task": 0.35976429283618927, "self_feature": 0.7086697816848755, "feature": 0.8650355637073517, "loss_actionness": 0.15319886058568954, "loss_transition": 0.662641167640686, "loss_boundary": 0.003307672799564898, "cost": 2.21096670627594}, "peak_gib": 14.719645500183105}
09/14 20:05:33 - mmengine - WARNING - "FileClient" will be deprecated in future. Please use io functions in https://mmengine.readthedocs.io/en/latest/api/fileio.html#file-io
09/14 20:05:33 - mmengine - WARNING - "FileClient" will be deprecated in future. Please use io functions in https://mmengine.readthedocs.io/en/latest/api/fileio.html#file-io
09/14 20:05:33 - mmengine - WARNING - "HardDiskBackend" is the alias of "LocalBackend" and the former will be deprecated in future.
09/14 20:05:33 - mmengine - WARNING - "HardDiskBackend" is the alias of "LocalBackend" and the former will be deprecated in future.
{"epoch": 65, "successful_updates": 6420, "losses": {"task": 0.21490945667028427, "full_task": 0.16922592371702194, "self_feature": 0.7483974993228912, "feature": 1.0448707342147827, "loss_actionness": 0.13368355855345726, "loss_transition": 0.5805399268865585, "loss_boundary": 3.0852450436213985e-05, "cost": 2.0911808013916016}, "peak_gib": 14.719645500183105}
{"epoch": 65, "successful_updates": 6440, "losses": {"task": 0.10442273318767548, "full_task": 0.08102639578282833, "self_feature": 0.9191692769527435, "feature": 1.0708031058311462, "loss_actionness": 0.12921449542045593, "loss_transition": 0.6084360480308533, "loss_boundary": 0.0015793768998264568, "cost": 2.026629149913788}, "peak_gib": 14.719645500183105}
{"epoch": 65, "successful_updates": 6460, "losses": {"task": 0.4004887789487839, "full_task": 0.3540576547384262, "self_feature": 0.38694728910923004, "feature": 0.5768306255340576, "loss_actionness": 0.1436978280544281, "loss_transition": 0.6109894216060638, "loss_boundary": 0.0015831222153792623, "cost": 1.8607988953590393}, "peak_gib": 14.719645500183105}
{"epoch": 65, "successful_updates": 6480, "losses": {"task": 0.10855387896299362, "full_task": 0.10427254438400269, "self_feature": 0.7814474999904633, "feature": 1.013138860464096, "loss_actionness": 0.1317782774567604, "loss_transition": 0.49407288432121277, "loss_boundary": 3.0852450436213985e-05, "cost": 1.8517876863479614}, "peak_gib": 14.719645500183105}
{"epoch": 65, "successful_updates": 6500, "losses": {"task": 0.15684479475021362, "full_task": 0.12181674689054489, "self_feature": 0.7376062572002411, "feature": 0.9100666046142578, "loss_actionness": 0.1383896768093109, "loss_transition": 0.5736375451087952, "loss_boundary": 5.4612983149127103e-05, "cost": 1.8832080364227295}, "peak_gib": 14.719645500183105}
09/14 20:12:40 - mmengine - WARNING - "FileClient" will be deprecated in future. Please use io functions in https://mmengine.readthedocs.io/en/latest/api/fileio.html#file-io
09/14 20:12:40 - mmengine - WARNING - "FileClient" will be deprecated in future. Please use io functions in https://mmengine.readthedocs.io/en/latest/api/fileio.html#file-io
09/14 20:12:40 - mmengine - WARNING - "HardDiskBackend" is the alias of "LocalBackend" and the former will be deprecated in future.
09/14 20:12:40 - mmengine - WARNING - "HardDiskBackend" is the alias of "LocalBackend" and the former will be deprecated in future.
{"epoch": 66, "successful_updates": 6520, "losses": {"task": 0.5983121693134308, "full_task": 0.5629807412624359, "self_feature": 0.8043753504753113, "feature": 1.024148404598236, "loss_actionness": 0.10798528045415878, "loss_transition": 0.6560683846473694, "loss_boundary": 0.0031343671726062894, "cost": 2.6108312606811523}, "peak_gib": 14.719645500183105}
{"epoch": 66, "successful_updates": 6540, "losses": {"task": 0.2532452195882797, "full_task": 0.20888612791895866, "self_feature": 0.6536492109298706, "feature": 0.8580453395843506, "loss_actionness": 0.11025069281458855, "loss_transition": 0.6456879079341888, "loss_boundary": 0.0001262670884898398, "cost": 1.984941840171814}, "peak_gib": 14.719645500183105}
{"epoch": 66, "successful_updates": 6560, "losses": {"task": 0.24868451803922653, "full_task": 0.19158801436424255, "self_feature": 0.9936613738536835, "feature": 1.1803526878356934, "loss_actionness": 0.14165323227643967, "loss_transition": 0.658679723739624, "loss_boundary": 0.0031626152340322733, "cost": 2.3797959089279175}, "peak_gib": 14.719645500183105}
{"epoch": 66, "successful_updates": 6580, "losses": {"task": 0.17428404092788696, "full_task": 0.17893317341804504, "self_feature": 0.5005468428134918, "feature": 0.8190869688987732, "loss_actionness": 0.0983065664768219, "loss_transition": 0.5409653186798096, "loss_boundary": 0.0015825076570763486, "cost": 1.7290133833885193}, "peak_gib": 14.719645500183105}
{"epoch": 66, "successful_updates": 6600, "losses": {"task": 0.944134995341301, "full_task": 0.8736855089664459, "self_feature": 0.5637967884540558, "feature": 0.7970256805419922, "loss_actionness": 0.1947706937789917, "loss_transition": 0.6519002914428711, "loss_boundary": 3.085244861722458e-05, "cost": 2.862663507461548}, "peak_gib": 14.719645500183105}
09/14 20:19:41 - mmengine - WARNING - "FileClient" will be deprecated in future. Please use io functions in https://mmengine.readthedocs.io/en/latest/api/fileio.html#file-io
09/14 20:19:41 - mmengine - WARNING - "HardDiskBackend" is the alias of "LocalBackend" and the former will be deprecated in future.
09/14 20:19:41 - mmengine - WARNING - "FileClient" will be deprecated in future. Please use io functions in https://mmengine.readthedocs.io/en/latest/api/fileio.html#file-io
09/14 20:19:41 - mmengine - WARNING - "HardDiskBackend" is the alias of "LocalBackend" and the former will be deprecated in future.
{"epoch": 67, "successful_updates": 6620, "losses": {"task": 0.3467598259449005, "full_task": 0.2761634588241577, "self_feature": 1.1621060371398926, "feature": 1.3190207481384277, "loss_actionness": 0.22058548778295517, "loss_transition": 0.6617039740085602, "loss_boundary": 0.003128806594759226, "cost": 2.736450433731079}, "peak_gib": 14.719645500183105}
{"epoch": 67, "successful_updates": 6640, "losses": {"task": 0.09412775654345751, "full_task": 0.08281181938946247, "self_feature": 0.5985035002231598, "feature": 0.8491774201393127, "loss_actionness": 0.1193043664097786, "loss_transition": 0.6136257350444794, "loss_boundary": 0.0015823011362954276, "cost": 1.7583709359169006}, "peak_gib": 14.719645500183105}
{"epoch": 67, "successful_updates": 6660, "losses": {"task": 0.6571381092071533, "full_task": 0.6157084852457047, "self_feature": 0.670409619808197, "feature": 0.9182987809181213, "loss_actionness": 0.16875799000263214, "loss_transition": 0.6566220819950104, "loss_boundary": 3.520141399349086e-05, "cost": 2.6218202114105225}, "peak_gib": 14.719645500183105}
{"epoch": 67, "successful_updates": 6680, "losses": {"task": 0.0777494590729475, "full_task": 0.04208021145313978, "self_feature": 0.853958010673523, "feature": 1.0315445065498352, "loss_actionness": 0.13747793808579445, "loss_transition": 0.5683974921703339, "loss_boundary": 8.773616355028935e-05, "cost": 1.9111729860305786}, "peak_gib": 14.719645500183105}
{"epoch": 67, "successful_updates": 6700, "losses": {"task": 0.06430208310484886, "full_task": 0.06364478915929794, "self_feature": 0.2926264852285385, "feature": 0.5126037895679474, "loss_actionness": 0.19317804276943207, "loss_transition": 0.6066714227199554, "loss_boundary": 0.001868004008429125, "cost": 1.4237971305847168}, "peak_gib": 14.719645500183105}
09/14 20:26:45 - mmengine - WARNING - "FileClient" will be deprecated in future. Please use io functions in https://mmengine.readthedocs.io/en/latest/api/fileio.html#file-io
09/14 20:26:45 - mmengine - WARNING - "FileClient" will be deprecated in future. Please use io functions in https://mmengine.readthedocs.io/en/latest/api/fileio.html#file-io
09/14 20:26:45 - mmengine - WARNING - "HardDiskBackend" is the alias of "LocalBackend" and the former will be deprecated in future.
09/14 20:26:45 - mmengine - WARNING - "HardDiskBackend" is the alias of "LocalBackend" and the former will be deprecated in future.
{"epoch": 68, "successful_updates": 6720, "losses": {"task": 1.140771135687828, "full_task": 0.9749150015413761, "self_feature": 0.8256888389587402, "feature": 1.0087514519691467, "loss_actionness": 0.2147437483072281, "loss_transition": 0.624475508928299, "loss_boundary": 3.373681283846963e-05, "cost": 3.315073311328888}, "peak_gib": 14.720723628997803}
{"epoch": 68, "successful_updates": 6740, "losses": {"task": 0.2725747488439083, "full_task": 0.23235587775707245, "self_feature": 0.8993949294090271, "feature": 1.0857462882995605, "loss_actionness": 0.125076312571764, "loss_transition": 0.653243362903595, "loss_boundary": 0.0031345358584076166, "cost": 2.2878037691116333}, "peak_gib": 14.720723628997803}
{"epoch": 68, "successful_updates": 6760, "losses": {"task": 0.2899027690291405, "full_task": 0.3205958902835846, "self_feature": 0.7062599360942841, "feature": 0.8176298439502716, "loss_actionness": 0.17989840731024742, "loss_transition": 0.6543664336204529, "loss_boundary": 0.003135311068035662, "cost": 2.0957077145576477}, "peak_gib": 14.720723628997803}
{"epoch": 68, "successful_updates": 6780, "losses": {"task": 0.5799227356910706, "full_task": 0.5542287081480026, "self_feature": 0.6759222447872162, "feature": 0.8771215379238129, "loss_actionness": 0.1486617662012577, "loss_transition": 0.6619613170623779, "loss_boundary": 3.38839745381847e-05, "cost": 2.4738505482673645}, "peak_gib": 14.720723628997803}
{"epoch": 68, "successful_updates": 6800, "losses": {"task": 0.06358940899372101, "full_task": 0.05328695476055145, "self_feature": 0.8826172649860382, "feature": 1.1030769348144531, "loss_actionness": 0.15196000784635544, "loss_transition": 0.5768364071846008, "loss_boundary": 0.0015812751698831562, "cost": 1.9986274242401123}, "peak_gib": 14.720723628997803}
09/14 20:33:47 - mmengine - WARNING - "FileClient" will be deprecated in future. Please use io functions in https://mmengine.readthedocs.io/en/latest/api/fileio.html#file-io
09/14 20:33:47 - mmengine - WARNING - "FileClient" will be deprecated in future. Please use io functions in https://mmengine.readthedocs.io/en/latest/api/fileio.html#file-io
09/14 20:33:47 - mmengine - WARNING - "HardDiskBackend" is the alias of "LocalBackend" and the former will be deprecated in future.
09/14 20:33:47 - mmengine - WARNING - "HardDiskBackend" is the alias of "LocalBackend" and the former will be deprecated in future.
{"epoch": 69, "successful_updates": 6820, "losses": {"task": 0.4279542863368988, "full_task": 0.379756361246109, "self_feature": 0.957846462726593, "feature": 1.1936625242233276, "loss_actionness": 0.18096327781677246, "loss_transition": 0.661050021648407, "loss_boundary": 0.003186347195878625, "cost": 2.657540202140808}, "peak_gib": 14.720723628997803}
{"epoch": 69, "successful_updates": 6840, "losses": {"task": 0.08579832315444946, "full_task": 0.0861242339015007, "self_feature": 0.6975251138210297, "feature": 0.8452584445476532, "loss_actionness": 0.1267014890909195, "loss_transition": 0.6616664528846741, "loss_boundary": 3.085244679823518e-05, "cost": 1.8107391595840454}, "peak_gib": 14.720723628997803}
{"epoch": 69, "successful_updates": 6860, "losses": {"task": 0.47457757592201233, "full_task": 0.4036654457449913, "self_feature": 0.917426198720932, "feature": 1.0947608947753906, "loss_actionness": 0.13303621113300323, "loss_transition": 0.6572914719581604, "loss_boundary": 0.0031317317625507712, "cost": 2.5554566383361816}, "peak_gib": 14.720723628997803}
{"epoch": 69, "successful_updates": 6880, "losses": {"task": 0.726814366877079, "full_task": 0.6564559377729893, "self_feature": 1.0040176212787628, "feature": 1.245150625705719, "loss_actionness": 0.1192401647567749, "loss_transition": 0.6513033807277679, "loss_boundary": 0.0031321977730840445, "cost": 3.010156512260437}, "peak_gib": 14.720723628997803}
{"epoch": 69, "successful_updates": 6900, "losses": {"task": 0.9795426428318024, "full_task": 0.919478215277195, "self_feature": 0.623815268278122, "feature": 0.8642317056655884, "loss_actionness": 0.16340651363134384, "loss_transition": 0.6772292852401733, "loss_boundary": 3.19360970024718e-05, "cost": 2.9766931533813477}, "peak_gib": 14.720723628997803}
09/14 20:40:55 - mmengine - WARNING - "FileClient" will be deprecated in future. Please use io functions in https://mmengine.readthedocs.io/en/latest/api/fileio.html#file-io
09/14 20:40:55 - mmengine - WARNING - "FileClient" will be deprecated in future. Please use io functions in https://mmengine.readthedocs.io/en/latest/api/fileio.html#file-io
09/14 20:40:55 - mmengine - WARNING - "HardDiskBackend" is the alias of "LocalBackend" and the former will be deprecated in future.
09/14 20:40:55 - mmengine - WARNING - "HardDiskBackend" is the alias of "LocalBackend" and the former will be deprecated in future.
{"epoch": 70, "successful_updates": 6920, "losses": {"task": 0.18321970105171204, "full_task": 0.1597687304019928, "self_feature": 0.8126548528671265, "feature": 0.992369532585144, "loss_actionness": 0.1720241978764534, "loss_transition": 0.6605485081672668, "loss_boundary": 0.003455816302448511, "cost": 2.1328253746032715}, "peak_gib": 14.720723628997803}
{"epoch": 70, "successful_updates": 6940, "losses": {"task": 0.6391626596450806, "full_task": 0.5872116833925247, "self_feature": 0.5598068535327911, "feature": 0.7208588123321533, "loss_actionness": 0.1480075977742672, "loss_transition": 0.6557798981666565, "loss_boundary": 0.0023018067004159093, "cost": 2.368894338607788}, "peak_gib": 14.720723628997803}
{"epoch": 70, "successful_updates": 6960, "losses": {"task": 0.04380521550774574, "full_task": 0.021329393610358238, "self_feature": 0.7530842125415802, "feature": 0.9882467985153198, "loss_actionness": 0.10883790254592896, "loss_transition": 0.636261522769928, "loss_boundary": 3.085244679823518e-05, "cost": 1.857823133468628}, "peak_gib": 14.720723628997803}
{"epoch": 70, "successful_updates": 6980, "losses": {"task": 0.44766438007354736, "full_task": 0.3573744595050812, "self_feature": 0.9887771606445312, "feature": 1.2345985174179077, "loss_actionness": 0.13070160895586014, "loss_transition": 0.6318976283073425, "loss_boundary": 0.0015954286063788459, "cost": 2.6346789598464966}, "peak_gib": 14.720723628997803}
{"epoch": 70, "successful_updates": 7000, "losses": {"task": 0.5132037457078695, "full_task": 0.49258950911462307, "self_feature": 0.9238347709178925, "feature": 1.1752017140388489, "loss_actionness": 0.10519101470708847, "loss_transition": 0.6532959043979645, "loss_boundary": 0.003134783240966499, "cost": 2.665558099746704}, "peak_gib": 14.720723628997803}
09/14 20:47:50 - mmengine - WARNING - "FileClient" will be deprecated in future. Please use io functions in https://mmengine.readthedocs.io/en/latest/api/fileio.html#file-io
09/14 20:47:50 - mmengine - WARNING - "FileClient" will be deprecated in future. Please use io functions in https://mmengine.readthedocs.io/en/latest/api/fileio.html#file-io
09/14 20:47:50 - mmengine - WARNING - "HardDiskBackend" is the alias of "LocalBackend" and the former will be deprecated in future.
09/14 20:47:50 - mmengine - WARNING - "HardDiskBackend" is the alias of "LocalBackend" and the former will be deprecated in future.
{"epoch": 71, "successful_updates": 7020, "losses": {"task": 0.09943855926394463, "full_task": 0.06703253090381622, "self_feature": 0.6481953859329224, "feature": 0.8872710168361664, "loss_actionness": 0.13375221192836761, "loss_transition": 0.6337362825870514, "loss_boundary": 3.085244861722458e-05, "cost": 1.8358066082000732}, "peak_gib": 14.720723628997803}
{"epoch": 71, "successful_updates": 7040, "losses": {"task": 0.27971866726875305, "full_task": 0.2634115554392338, "self_feature": 0.8507569134235382, "feature": 1.057532548904419, "loss_actionness": 0.11324191093444824, "loss_transition": 0.6445190012454987, "loss_boundary": 0.0015974140696926042, "cost": 2.2475380897521973}, "peak_gib": 14.720723628997803}
{"epoch": 71, "successful_updates": 7060, "losses": {"task": 0.31801459193229675, "full_task": 0.29479729384183884, "self_feature": 0.8016111254692078, "feature": 0.9906908273696899, "loss_actionness": 0.15095172077417374, "loss_transition": 0.652746856212616, "loss_boundary": 0.0031357277184724808, "cost": 2.269400179386139}, "peak_gib": 14.720723628997803}
{"epoch": 71, "successful_updates": 7080, "losses": {"task": 0.14969269931316376, "full_task": 0.10762635804712772, "self_feature": 0.7286343574523926, "feature": 0.9432423412799835, "loss_actionness": 0.10496361181139946, "loss_transition": 0.6445242166519165, "loss_boundary": 3.085244861722458e-05, "cost": 1.9422237277030945}, "peak_gib": 14.720723628997803}
{"epoch": 71, "successful_updates": 7100, "losses": {"task": 0.21309174597263336, "full_task": 0.1717856153845787, "self_feature": 0.9587231278419495, "feature": 1.2056971192359924, "loss_actionness": 0.16805417835712433, "loss_transition": 0.6452314853668213, "loss_boundary": 0.0023552634520456195, "cost": 2.3732484579086304}, "peak_gib": 14.720723628997803}
09/14 20:54:33 - mmengine - WARNING - "FileClient" will be deprecated in future. Please use io functions in https://mmengine.readthedocs.io/en/latest/api/fileio.html#file-io
09/14 20:54:33 - mmengine - WARNING - "FileClient" will be deprecated in future. Please use io functions in https://mmengine.readthedocs.io/en/latest/api/fileio.html#file-io
09/14 20:54:33 - mmengine - WARNING - "HardDiskBackend" is the alias of "LocalBackend" and the former will be deprecated in future.
09/14 20:54:33 - mmengine - WARNING - "HardDiskBackend" is the alias of "LocalBackend" and the former will be deprecated in future.
{"epoch": 72, "successful_updates": 7120, "losses": {"task": 0.3386901393532753, "full_task": 0.3378486782312393, "self_feature": 0.7932558655738831, "feature": 1.0219401121139526, "loss_actionness": 0.11858011037111282, "loss_transition": 0.6590759754180908, "loss_boundary": 0.0031541796633973718, "cost": 2.305228292942047}, "peak_gib": 14.720723628997803}
{"epoch": 72, "successful_updates": 7140, "losses": {"task": 0.40693519823253155, "full_task": 0.39210378006100655, "self_feature": 0.606254369020462, "feature": 0.7985150218009949, "loss_actionness": 0.10112273693084717, "loss_transition": 0.6683680415153503, "loss_boundary": 3.120872315776069e-05, "cost": 2.133623480796814}, "peak_gib": 14.720723628997803}
{"epoch": 72, "successful_updates": 7160, "losses": {"task": 0.27443885803222656, "full_task": 0.12386266887187958, "self_feature": 0.9807206392288208, "feature": 1.1876749396324158, "loss_actionness": 0.11213315278291702, "loss_transition": 0.6044999659061432, "loss_boundary": 0.0016096437175292522, "cost": 2.3093942403793335}, "peak_gib": 14.720723628997803}
{"epoch": 72, "successful_updates": 7180, "losses": {"task": 0.06925667822360992, "full_task": 0.06235325522720814, "self_feature": 0.8551613688468933, "feature": 1.0523988604545593, "loss_actionness": 0.12460444495081902, "loss_transition": 0.671231210231781, "loss_boundary": 0.0031297996174544096, "cost": 2.0217254757881165}, "peak_gib": 14.720723628997803}
{"epoch": 72, "successful_updates": 7200, "losses": {"task": 0.33299263566732407, "full_task": 0.3101154863834381, "self_feature": 0.5956956446170807, "feature": 0.8441358804702759, "loss_actionness": 0.16778646409511566, "loss_transition": 0.6524112224578857, "loss_boundary": 3.085244679823518e-05, "cost": 2.134455382823944}, "peak_gib": 14.720723628997803}
09/14 21:01:24 - mmengine - WARNING - "FileClient" will be deprecated in future. Please use io functions in https://mmengine.readthedocs.io/en/latest/api/fileio.html#file-io
09/14 21:01:24 - mmengine - WARNING - "FileClient" will be deprecated in future. Please use io functions in https://mmengine.readthedocs.io/en/latest/api/fileio.html#file-io
09/14 21:01:24 - mmengine - WARNING - "HardDiskBackend" is the alias of "LocalBackend" and the former will be deprecated in future.
09/14 21:01:24 - mmengine - WARNING - "HardDiskBackend" is the alias of "LocalBackend" and the former will be deprecated in future.
