training subset: 200 videos
ViT's param: 21879936, Adapter's params: 1006860, ratio: 4.6%
Warning: no pretrain path is provided, the backbone will be randomly initialized, unless you have initialized the weights in the model.py.
freeze_backbone: False, norm_eval: False
ViT's param: 21879936, Adapter's params: 1006860, ratio: 4.6%
Warning: no pretrain path is provided, the backbone will be randomly initialized, unless you have initialized the weights in the model.py.
freeze_backbone: False, norm_eval: False
ViT's param: 21879936, Adapter's params: 1006860, ratio: 4.6%
Warning: no pretrain path is provided, the backbone will be randomly initialized, unless you have initialized the weights in the model.py.
freeze_backbone: False, norm_eval: False
09/14 14:36:50 - mmengine - WARNING - "FileClient" will be deprecated in future. Please use io functions in https://mmengine.readthedocs.io/en/latest/api/fileio.html#file-io
09/14 14:36:50 - mmengine - WARNING - "FileClient" will be deprecated in future. Please use io functions in https://mmengine.readthedocs.io/en/latest/api/fileio.html#file-io
09/14 14:36:50 - mmengine - WARNING - "HardDiskBackend" is the alias of "LocalBackend" and the former will be deprecated in future.
09/14 14:36:50 - mmengine - WARNING - "HardDiskBackend" is the alias of "LocalBackend" and the former will be deprecated in future.
/data/run01/sczc063/yuzibo/conda_envs/opentad/lib/python3.10/site-packages/torch/nn/modules/conv.py:459: UserWarning: Applied workaround for CuDNN issue, install nvrtc.so (Triggered internally at /opt/conda/conda-bld/pytorch_1682343995026/work/aten/src/ATen/native/cudnn/Conv_v8.cpp:80.)
  return F.conv2d(input, weight, bias, self.stride,
09/14 14:37:01 - mmengine - WARNING - "FileClient" will be deprecated in future. Please use io functions in https://mmengine.readthedocs.io/en/latest/api/fileio.html#file-io
09/14 14:37:01 - mmengine - WARNING - "HardDiskBackend" is the alias of "LocalBackend" and the former will be deprecated in future.
09/14 14:37:01 - mmengine - WARNING - "FileClient" will be deprecated in future. Please use io functions in https://mmengine.readthedocs.io/en/latest/api/fileio.html#file-io
09/14 14:37:01 - mmengine - WARNING - "HardDiskBackend" is the alias of "LocalBackend" and the former will be deprecated in future.
training subset: 200 videos
ViT's param: 21879936, Adapter's params: 1006860, ratio: 4.6%
Warning: no pretrain path is provided, the backbone will be randomly initialized, unless you have initialized the weights in the model.py.
freeze_backbone: False, norm_eval: False
ViT's param: 21879936, Adapter's params: 1006860, ratio: 4.6%
Warning: no pretrain path is provided, the backbone will be randomly initialized, unless you have initialized the weights in the model.py.
freeze_backbone: False, norm_eval: False
ViT's param: 21879936, Adapter's params: 1006860, ratio: 4.6%
Warning: no pretrain path is provided, the backbone will be randomly initialized, unless you have initialized the weights in the model.py.
freeze_backbone: False, norm_eval: False
09/14 14:38:09 - mmengine - WARNING - "FileClient" will be deprecated in future. Please use io functions in https://mmengine.readthedocs.io/en/latest/api/fileio.html#file-io
09/14 14:38:09 - mmengine - WARNING - "FileClient" will be deprecated in future. Please use io functions in https://mmengine.readthedocs.io/en/latest/api/fileio.html#file-io
09/14 14:38:09 - mmengine - WARNING - "HardDiskBackend" is the alias of "LocalBackend" and the former will be deprecated in future.
09/14 14:38:09 - mmengine - WARNING - "HardDiskBackend" is the alias of "LocalBackend" and the former will be deprecated in future.
/data/run01/sczc063/yuzibo/conda_envs/opentad/lib/python3.10/site-packages/torch/nn/modules/conv.py:459: UserWarning: Applied workaround for CuDNN issue, install nvrtc.so (Triggered internally at /opt/conda/conda-bld/pytorch_1682343995026/work/aten/src/ATen/native/cudnn/Conv_v8.cpp:80.)
  return F.conv2d(input, weight, bias, self.stride,
09/14 14:38:19 - mmengine - WARNING - "FileClient" will be deprecated in future. Please use io functions in https://mmengine.readthedocs.io/en/latest/api/fileio.html#file-io
09/14 14:38:19 - mmengine - WARNING - "HardDiskBackend" is the alias of "LocalBackend" and the former will be deprecated in future.
{"epoch": 1, "successful_updates": 20, "losses": {"task": 0.44516029953956604, "support_attention": 0.2940665930509567, "support_pre_tia": 0.3010331839323044, "support_post_tia": 0.29902520775794983, "full_task": 0.41774647682905197, "self_feature": 0.6750718355178833, "feature": 0.9984235763549805, "cost": 1.6455305814743042}, "peak_gib": 7.013972759246826}
{"epoch": 1, "successful_updates": 40, "losses": {"task": 0.3918669819831848, "support_attention": 0.23382849246263504, "support_pre_tia": 0.24310697615146637, "support_post_tia": 0.2413201704621315, "full_task": 0.31902313232421875, "self_feature": 0.6975339651107788, "feature": 0.8883088231086731, "cost": 1.4539063572883606}, "peak_gib": 7.013972759246826}
{"epoch": 1, "successful_updates": 60, "losses": {"task": 0.47935399413108826, "support_attention": 0.26290363073349, "support_pre_tia": 0.2905905395746231, "support_post_tia": 0.2897639274597168, "full_task": 0.43173110485076904, "self_feature": 0.7736699879169464, "feature": 1.0559318661689758, "cost": 1.7496033906936646}, "peak_gib": 7.013972759246826}
{"epoch": 1, "successful_updates": 80, "losses": {"task": 0.08919050171971321, "support_attention": 0.2342839166522026, "support_pre_tia": 0.2440856769680977, "support_post_tia": 0.24265098571777344, "full_task": 0.09918098896741867, "self_feature": 0.5521736145019531, "feature": 0.8158470988273621, "cost": 1.009387046098709}, "peak_gib": 7.013972759246826}
{"epoch": 1, "successful_updates": 100, "losses": {"task": 0.46960102021694183, "support_attention": 0.2113324999809265, "support_pre_tia": 0.22363422811031342, "support_post_tia": 0.22186729311943054, "full_task": 0.47977474331855774, "self_feature": 0.3141557870021643, "feature": 0.7357722222805023, "cost": 1.3790075778961182}, "peak_gib": 7.013972759246826}
{"epoch": 2, "successful_updates": 120, "losses": {"task": 0.12503233924508095, "support_attention": 0.2227039933204651, "support_pre_tia": 0.23338232189416885, "support_post_tia": 0.23141900449991226, "full_task": 0.10253889486193657, "self_feature": 0.7370666265487671, "feature": 0.9660865366458893, "cost": 1.2137003540992737}, "peak_gib": 7.013972759246826}
{"epoch": 2, "successful_updates": 140, "losses": {"task": 0.09735227562487125, "support_attention": 0.23055384308099747, "support_pre_tia": 0.2482227236032486, "support_post_tia": 0.24648377299308777, "full_task": 0.10695291496813297, "self_feature": 0.19225468658464706, "feature": 0.7139517962932587, "cost": 0.8820030689239502}, "peak_gib": 7.013972759246826}
{"epoch": 2, "successful_updates": 160, "losses": {"task": 0.5270308367908001, "support_attention": 0.2697686403989792, "support_pre_tia": 0.2802407592535019, "support_post_tia": 0.2788502126932144, "full_task": 0.5321153029799461, "self_feature": 0.3090123626720924, "feature": 0.7438397705554962, "cost": 1.462755173444748}, "peak_gib": 7.013972759246826}
{"epoch": 2, "successful_updates": 180, "losses": {"task": 0.12691043689846992, "support_attention": 0.25285759568214417, "support_pre_tia": 0.25799012184143066, "support_post_tia": 0.257095567882061, "full_task": 0.13274983689188957, "self_feature": 0.4536874443292618, "feature": 0.7140478193759918, "cost": 0.9452687799930573}, "peak_gib": 7.013972759246826}
{"epoch": 2, "successful_updates": 200, "losses": {"task": 0.680209182202816, "support_attention": 0.21744541823863983, "support_pre_tia": 0.23363199830055237, "support_post_tia": 0.23047064244747162, "full_task": 0.6254177987575531, "self_feature": 0.5721984654664993, "feature": 0.8553124964237213, "cost": 1.7723011374473572}, "peak_gib": 7.013972759246826}
{"epoch": 3, "successful_updates": 220, "losses": {"task": 0.18300458043813705, "support_attention": 0.2300347313284874, "support_pre_tia": 0.24294576048851013, "support_post_tia": 0.24186716228723526, "full_task": 0.17814616486430168, "self_feature": 0.24910966920310784, "feature": 0.729799896478653, "cost": 1.0064926445484161}, "peak_gib": 7.013972759246826}
{"epoch": 3, "successful_updates": 240, "losses": {"task": 0.05864555388689041, "support_attention": 0.31653958559036255, "support_pre_tia": 0.3239842355251312, "support_post_tia": 0.32265619933605194, "full_task": 0.05251210555434227, "self_feature": 0.21151948929309583, "feature": 0.6943729817867279, "cost": 0.8196305334568024}, "peak_gib": 7.013972759246826}
{"epoch": 3, "successful_updates": 260, "losses": {"task": 0.6036002337932587, "support_attention": 0.2435215637087822, "support_pre_tia": 0.2552013695240021, "support_post_tia": 0.2543829679489136, "full_task": 0.6745965629816055, "self_feature": 0.5073933154344559, "feature": 0.7882773876190186, "cost": 1.6367453336715698}, "peak_gib": 7.013972759246826}
{"epoch": 3, "successful_updates": 280, "losses": {"task": 1.0943821966648102, "support_attention": 0.19533955305814743, "support_pre_tia": 0.20087608695030212, "support_post_tia": 0.19942761957645416, "full_task": 1.0050139725208282, "self_feature": 0.5087282657623291, "feature": 0.7600981891155243, "cost": 2.176621913909912}, "peak_gib": 7.013972759246826}
{"epoch": 3, "successful_updates": 300, "losses": {"task": 0.19005043432116508, "support_attention": 0.32460495829582214, "support_pre_tia": 0.3229357749223709, "support_post_tia": 0.32010920345783234, "full_task": 0.1202929075807333, "self_feature": 0.36946066113296183, "feature": 0.8653110861778259, "cost": 1.1545330882072449}, "peak_gib": 7.013972759246826}
{"epoch": 4, "successful_updates": 320, "losses": {"task": 0.6118268668651581, "support_attention": 0.2926919460296631, "support_pre_tia": 0.2931315004825592, "support_post_tia": 0.2914864122867584, "full_task": 0.5368176102638245, "self_feature": 0.47346168756484985, "feature": 0.7148883938789368, "cost": 1.5374966859817505}, "peak_gib": 7.013972759246826}
{"epoch": 4, "successful_updates": 340, "losses": {"task": 1.2813336923718452, "support_attention": 0.2531328499317169, "support_pre_tia": 0.26513320207595825, "support_post_tia": 0.2632342278957367, "full_task": 1.283669851720333, "self_feature": 0.6595620512962341, "feature": 0.9704306423664093, "cost": 2.6650562286376953}, "peak_gib": 7.013972759246826}
{"epoch": 4, "successful_updates": 360, "losses": {"task": 0.77057795971632, "support_attention": 0.20705027133226395, "support_pre_tia": 0.22046742588281631, "support_post_tia": 0.21956461668014526, "full_task": 0.7156308405101299, "self_feature": 0.4392988383769989, "feature": 0.682684063911438, "cost": 1.6981012523174286}, "peak_gib": 7.013972759246826}
{"epoch": 4, "successful_updates": 380, "losses": {"task": 0.7697057873010635, "support_attention": 0.2395903766155243, "support_pre_tia": 0.24735020846128464, "support_post_tia": 0.2458892986178398, "full_task": 0.8324711546301842, "self_feature": 0.5775412023067474, "feature": 0.8674997389316559, "cost": 1.927739441394806}, "peak_gib": 7.013972759246826}
{"epoch": 4, "successful_updates": 400, "losses": {"task": 0.5563423931598663, "support_attention": 0.2914792150259018, "support_pre_tia": 0.2942836433649063, "support_post_tia": 0.29297971725463867, "full_task": 0.4733249247074127, "self_feature": 0.397577241063118, "feature": 0.7523749768733978, "cost": 1.4961695075035095}, "peak_gib": 7.013972759246826}
{"epoch": 5, "successful_updates": 420, "losses": {"task": 0.1523853912949562, "support_attention": 0.2907205820083618, "support_pre_tia": 0.29378412663936615, "support_post_tia": 0.29255950450897217, "full_task": 0.129000935703516, "self_feature": 0.44366779923439026, "feature": 0.825435996055603, "cost": 1.0837555527687073}, "peak_gib": 7.013972759246826}
{"epoch": 5, "successful_updates": 440, "losses": {"task": 0.22897572070360184, "support_attention": 0.2703109085559845, "support_pre_tia": 0.2843877449631691, "support_post_tia": 0.28233160823583603, "full_task": 0.22322678565979004, "self_feature": 0.6088806986808777, "feature": 0.9230751395225525, "cost": 1.2970815896987915}, "peak_gib": 7.013972759246826}
{"epoch": 5, "successful_updates": 460, "losses": {"task": 0.04026240110397339, "support_attention": 0.2203586921095848, "support_pre_tia": 0.23437950015068054, "support_post_tia": 0.23321902006864548, "full_task": 0.04136339668184519, "self_feature": 0.20839768167820694, "feature": 0.6764152348041534, "cost": 0.7712381780147552}, "peak_gib": 7.013972759246826}
{"epoch": 5, "successful_updates": 480, "losses": {"task": 0.1487659029662609, "support_attention": 0.2520108222961426, "support_pre_tia": 0.24964077770709991, "support_post_tia": 0.24822553247213364, "full_task": 0.1383116990327835, "self_feature": 0.24481337339966558, "feature": 0.6529854238033295, "cost": 0.8857039213180542}, "peak_gib": 7.013972759246826}
{"epoch": 5, "successful_updates": 500, "losses": {"task": 1.1537521034479141, "support_attention": 0.20019453018903732, "support_pre_tia": 0.21720819920301437, "support_post_tia": 0.21633923053741455, "full_task": 1.1037007197737694, "self_feature": 0.6324034631252289, "feature": 0.908074289560318, "cost": 2.422669291496277}, "peak_gib": 7.013972759246826}
{"epoch": 6, "successful_updates": 520, "losses": {"task": 0.2437245212495327, "support_attention": 0.2679405137896538, "support_pre_tia": 0.27844251692295074, "support_post_tia": 0.27697545289993286, "full_task": 0.2524998262524605, "self_feature": 0.5893993973731995, "feature": 0.9422865509986877, "cost": 1.3358468413352966}, "peak_gib": 7.013972759246826}
{"epoch": 6, "successful_updates": 540, "losses": {"task": 1.2868104875087738, "support_attention": 0.2997390180826187, "support_pre_tia": 0.3045669049024582, "support_post_tia": 0.3030289113521576, "full_task": 1.183859944343567, "self_feature": 0.6622759997844696, "feature": 0.9627496898174286, "cost": 2.642132520675659}, "peak_gib": 7.013972759246826}
{"epoch": 6, "successful_updates": 560, "losses": {"task": 0.5146785527467728, "support_attention": 0.2653161883354187, "support_pre_tia": 0.28945887088775635, "support_post_tia": 0.28855620324611664, "full_task": 0.5151091814041138, "self_feature": 0.34593534817940963, "feature": 0.7495178431272507, "cost": 1.4564679861068726}, "peak_gib": 7.013972759246826}
{"epoch": 6, "successful_updates": 580, "losses": {"task": 0.5057941228151321, "support_attention": 0.25740376859903336, "support_pre_tia": 0.25816573202610016, "support_post_tia": 0.2565914914011955, "full_task": 0.5173347517848015, "self_feature": 0.4417341351509094, "feature": 0.7586153149604797, "cost": 1.4636544585227966}, "peak_gib": 7.013972759246826}
{"epoch": 6, "successful_updates": 600, "losses": {"task": 0.2097114995121956, "support_attention": 0.21585029363632202, "support_pre_tia": 0.22831396013498306, "support_post_tia": 0.22797396779060364, "full_task": 0.1847597435116768, "self_feature": 0.4065043032169342, "feature": 0.6919461488723755, "cost": 1.0113124251365662}, "peak_gib": 7.013972759246826}
{"epoch": 7, "successful_updates": 620, "losses": {"task": 0.1806897073984146, "support_attention": 0.28662681579589844, "support_pre_tia": 0.28085964918136597, "support_post_tia": 0.2803499400615692, "full_task": 0.19140198826789856, "self_feature": 0.47614194452762604, "feature": 0.7213451862335205, "cost": 1.025560051202774}, "peak_gib": 7.013972759246826}
{"epoch": 7, "successful_updates": 640, "losses": {"task": 0.49766308069229126, "support_attention": 0.27238990366458893, "support_pre_tia": 0.2864973470568657, "support_post_tia": 0.2846500799059868, "full_task": 0.4717814028263092, "self_feature": 0.6525209844112396, "feature": 1.0252473950386047, "cost": 1.7346652746200562}, "peak_gib": 7.013972759246826}
{"epoch": 7, "successful_updates": 660, "losses": {"task": 0.4037693440914154, "support_attention": 0.21841872483491898, "support_pre_tia": 0.239875890314579, "support_post_tia": 0.23855101317167282, "full_task": 0.27772244065999985, "self_feature": 0.4890826642513275, "feature": 0.8874919712543488, "cost": 1.4335215091705322}, "peak_gib": 7.013972759246826}
{"epoch": 7, "successful_updates": 680, "losses": {"task": 0.4189278706908226, "support_attention": 0.33211420476436615, "support_pre_tia": 0.332109272480011, "support_post_tia": 0.3305792063474655, "full_task": 0.39352815598249435, "self_feature": 0.5362189412117004, "feature": 0.8489226698875427, "cost": 1.4529889225959778}, "peak_gib": 7.013972759246826}
{"epoch": 7, "successful_updates": 700, "losses": {"task": 0.2695106714963913, "support_attention": 0.16760270297527313, "support_pre_tia": 0.1830812394618988, "support_post_tia": 0.18239470571279526, "full_task": 0.2879639267921448, "self_feature": 0.2773994775047868, "feature": 0.6902838051319122, "cost": 1.0777991712093353}, "peak_gib": 7.013972759246826}
{"epoch": 8, "successful_updates": 720, "losses": {"task": 0.5400224924087524, "support_attention": 0.29898305237293243, "support_pre_tia": 0.29482606053352356, "support_post_tia": 0.29296573996543884, "full_task": 0.5411822199821472, "self_feature": 0.4746510684490204, "feature": 0.7801330387592316, "cost": 1.5323057770729065}, "peak_gib": 7.013972759246826}
{"epoch": 8, "successful_updates": 740, "losses": {"task": 0.10565903410315514, "support_attention": 0.2213030681014061, "support_pre_tia": 0.23558593541383743, "support_post_tia": 0.23490232974290848, "full_task": 0.09557953104376793, "self_feature": 0.4034557640552521, "feature": 0.7191710770130157, "cost": 0.9125949442386627}, "peak_gib": 7.013972759246826}
{"epoch": 8, "successful_updates": 760, "losses": {"task": 0.8001868724822998, "support_attention": 0.29920734465122223, "support_pre_tia": 0.3087105080485344, "support_post_tia": 0.3079160675406456, "full_task": 0.8655910640954971, "self_feature": 0.5479165613651276, "feature": 0.9806662201881409, "cost": 2.082873821258545}, "peak_gib": 7.013972759246826}
{"epoch": 8, "successful_updates": 780, "losses": {"task": 0.6433449685573578, "support_attention": 0.25392427295446396, "support_pre_tia": 0.25203441083431244, "support_post_tia": 0.249929741024971, "full_task": 0.5326465666294098, "self_feature": 0.4739546924829483, "feature": 0.7713581025600433, "cost": 1.620358407497406}, "peak_gib": 7.013972759246826}
{"epoch": 8, "successful_updates": 800, "losses": {"task": 0.5046062022447586, "support_attention": 0.2704017907381058, "support_pre_tia": 0.2750937342643738, "support_post_tia": 0.2746231034398079, "full_task": 0.42291635274887085, "self_feature": 0.404877245426178, "feature": 0.6796408593654633, "cost": 1.3579497337341309}, "peak_gib": 7.013972759246826}
{"epoch": 9, "successful_updates": 820, "losses": {"task": 0.21193382143974304, "support_attention": 0.2037278711795807, "support_pre_tia": 0.2148423194885254, "support_post_tia": 0.21439578384160995, "full_task": 0.19872727990150452, "self_feature": 0.3041383152358321, "feature": 0.7444497346878052, "cost": 1.0579411387443542}, "peak_gib": 7.013972759246826}
{"epoch": 9, "successful_updates": 840, "losses": {"task": 0.511704683303833, "support_attention": 0.2906174659729004, "support_pre_tia": 0.2953713536262512, "support_post_tia": 0.29362383484840393, "full_task": 0.4913729727268219, "self_feature": 0.5435979664325714, "feature": 0.8977120518684387, "cost": 1.6160695552825928}, "peak_gib": 7.013972759246826}
{"epoch": 9, "successful_updates": 860, "losses": {"task": 0.37567999586462975, "support_attention": 0.22035718709230423, "support_pre_tia": 0.23048651218414307, "support_post_tia": 0.2296718955039978, "full_task": 0.38245735317468643, "self_feature": 0.30762454867362976, "feature": 0.5867430567741394, "cost": 1.11180779337883}, "peak_gib": 7.013972759246826}
{"epoch": 9, "successful_updates": 880, "losses": {"task": 0.3946893662214279, "support_attention": 0.17418845742940903, "support_pre_tia": 0.1863083466887474, "support_post_tia": 0.1859191730618477, "full_task": 0.42756690829992294, "self_feature": 0.22344676646025619, "feature": 0.6347176730632782, "cost": 1.1772548258304596}, "peak_gib": 7.013972759246826}
{"epoch": 9, "successful_updates": 900, "losses": {"task": 0.2674797475337982, "support_attention": 0.1952010616660118, "support_pre_tia": 0.21199604123830795, "support_post_tia": 0.2114422395825386, "full_task": 0.29489387571811676, "self_feature": 0.4339270442724228, "feature": 0.6874800324440002, "cost": 1.093247890472412}, "peak_gib": 7.013972759246826}
{"epoch": 10, "successful_updates": 920, "losses": {"task": 0.07187941111624241, "support_attention": 0.21025512367486954, "support_pre_tia": 0.21322259306907654, "support_post_tia": 0.21185967326164246, "full_task": 0.0676337443292141, "self_feature": 1.3764500408797176e-05, "feature": 0.52179154753685, "cost": 0.6318348944187164}, "peak_gib": 7.013972759246826}
{"epoch": 10, "successful_updates": 940, "losses": {"task": 0.32008659839630127, "support_attention": 0.22839022427797318, "support_pre_tia": 0.24432595074176788, "support_post_tia": 0.24282510578632355, "full_task": 0.38296081498265266, "self_feature": 0.5452716946601868, "feature": 0.8306732773780823, "cost": 1.3253848254680634}, "peak_gib": 7.013972759246826}
{"epoch": 10, "successful_updates": 960, "losses": {"task": 0.33860864862799644, "support_attention": 0.2552978917956352, "support_pre_tia": 0.266019344329834, "support_post_tia": 0.26511551439762115, "full_task": 0.36717933416366577, "self_feature": 0.4267062842845917, "feature": 0.8195606172084808, "cost": 1.3191914856433868}, "peak_gib": 7.013972759246826}
{"epoch": 10, "successful_updates": 980, "losses": {"task": 0.2924995571374893, "support_attention": 0.2699046656489372, "support_pre_tia": 0.26370833814144135, "support_post_tia": 0.26215189695358276, "full_task": 0.29383085668087006, "self_feature": 0.1330159527997239, "feature": 0.56235271692276, "cost": 0.9679045677185059}, "peak_gib": 7.013972759246826}
{"epoch": 10, "successful_updates": 1000, "losses": {"task": 0.19788902811706066, "support_attention": 0.24088507145643234, "support_pre_tia": 0.2469007968902588, "support_post_tia": 0.24457845836877823, "full_task": 0.16024360712617636, "self_feature": 0.3203729205513355, "feature": 0.7547918856143951, "cost": 1.0493530929088593}, "peak_gib": 7.013972759246826}
validation subset: 211 videos, truncated as 792 windows.
review5485_p01_s_seed42 10: 1/792
review5485_p01_s_seed42 10: 101/792
review5485_p01_s_seed42 10: 201/792
review5485_p01_s_seed42 10: 301/792
review5485_p01_s_seed42 10: 401/792
review5485_p01_s_seed42 10: 501/792
review5485_p01_s_seed42 10: 601/792
review5485_p01_s_seed42 10: 701/792
{'average_mAP': 0.6376666849200661, 'mAP@0.3': 0.7884767066507752, 'mAP@0.4': 0.7420536661236209, 'mAP@0.5': 0.6695904342793043, 'mAP@0.6': 0.5633206024410337, 'mAP@0.7': 0.42489201510559643}
{"epoch": 11, "successful_updates": 1020, "losses": {"task": 0.08907004445791245, "support_attention": 0.2044871672987938, "support_pre_tia": 0.21165108680725098, "support_post_tia": 0.21047503501176834, "full_task": 0.10426051542162895, "self_feature": 0.4718107432126999, "feature": 0.7329610288143158, "cost": 0.9163835644721985}, "peak_gib": 7.008922100067139}
{"epoch": 11, "successful_updates": 1040, "losses": {"task": 0.29773715883493423, "support_attention": 0.2784704118967056, "support_pre_tia": 0.2863570600748062, "support_post_tia": 0.2850775271654129, "full_task": 0.2871496230363846, "self_feature": 0.5443825721740723, "feature": 0.8299820721149445, "cost": 1.2825166583061218}, "peak_gib": 7.008922100067139}
{"epoch": 11, "successful_updates": 1060, "losses": {"task": 1.236098013818264, "support_attention": 0.24498102068901062, "support_pre_tia": 0.25484490394592285, "support_post_tia": 0.2532415837049484, "full_task": 1.2293720990419388, "self_feature": 0.6145852208137512, "feature": 0.9663173258304596, "cost": 2.596621096134186}, "peak_gib": 7.008922100067139}
{"epoch": 11, "successful_updates": 1080, "losses": {"task": 0.42962370440363884, "support_attention": 0.18826382607221603, "support_pre_tia": 0.20031028985977173, "support_post_tia": 0.19971012324094772, "full_task": 0.402444202452898, "self_feature": 0.5312452018260956, "feature": 0.8229688107967377, "cost": 1.426329106092453}, "peak_gib": 7.011573314666748}
{"epoch": 11, "successful_updates": 1100, "losses": {"task": 0.2945176139473915, "support_attention": 0.2127646505832672, "support_pre_tia": 0.2234186753630638, "support_post_tia": 0.22294797003269196, "full_task": 0.28339787386357784, "self_feature": 0.4375825971364975, "feature": 0.6713888794183731, "cost": 1.102832555770874}, "peak_gib": 7.011573314666748}
{"epoch": 12, "successful_updates": 1120, "losses": {"task": 0.1636587157845497, "support_attention": 0.30255167186260223, "support_pre_tia": 0.30164799094200134, "support_post_tia": 0.29996199905872345, "full_task": 0.15340875089168549, "self_feature": 0.5018215626478195, "feature": 0.8634183704853058, "cost": 1.1456918716430664}, "peak_gib": 7.011573314666748}
{"epoch": 12, "successful_updates": 1140, "losses": {"task": 0.168586365878582, "support_attention": 0.231228306889534, "support_pre_tia": 0.24286814033985138, "support_post_tia": 0.24178583920001984, "full_task": 0.18917498737573624, "self_feature": 0.48135508596897125, "feature": 0.7481235265731812, "cost": 1.0363718271255493}, "peak_gib": 7.011573314666748}
{"epoch": 12, "successful_updates": 1160, "losses": {"task": 0.12425455264747143, "support_attention": 0.29403338581323624, "support_pre_tia": 0.30419352650642395, "support_post_tia": 0.30282410234212875, "full_task": 0.1107899509370327, "self_feature": 0.3373034221785929, "feature": 0.8388571739196777, "cost": 1.0548904538154602}, "peak_gib": 7.011573314666748}
{"epoch": 12, "successful_updates": 1180, "losses": {"task": 0.2947680950164795, "support_attention": 0.21133115887641907, "support_pre_tia": 0.21324066072702408, "support_post_tia": 0.2123585194349289, "full_task": 0.3011278659105301, "self_feature": 0.46667248010635376, "feature": 0.7270775139331818, "cost": 1.1650747954845428}, "peak_gib": 7.011573314666748}
{"epoch": 12, "successful_updates": 1200, "losses": {"task": 0.30195122212171555, "support_attention": 0.19333811849355698, "support_pre_tia": 0.21311992406845093, "support_post_tia": 0.2128949537873268, "full_task": 0.2948418855667114, "self_feature": 0.45344509184360504, "feature": 0.7746416926383972, "cost": 1.2169485986232758}, "peak_gib": 7.011573314666748}
{"epoch": 13, "successful_updates": 1220, "losses": {"task": 0.37123367190361023, "support_attention": 0.23974734544754028, "support_pre_tia": 0.24502770602703094, "support_post_tia": 0.24458320438861847, "full_task": 0.37337246537208557, "self_feature": 0.3999972641468048, "feature": 0.6472108662128448, "cost": 1.1762679815292358}, "peak_gib": 7.011573314666748}
{"epoch": 13, "successful_updates": 1240, "losses": {"task": 0.45425669103860855, "support_attention": 0.2210991010069847, "support_pre_tia": 0.23804765939712524, "support_post_tia": 0.23778888583183289, "full_task": 0.4617091119289398, "self_feature": 0.5479366332292557, "feature": 0.8372664451599121, "cost": 1.4855359494686127}, "peak_gib": 7.011573314666748}
{"epoch": 13, "successful_updates": 1260, "losses": {"task": 0.11003382317721844, "support_attention": 0.28542523086071014, "support_pre_tia": 0.29295942187309265, "support_post_tia": 0.2920917421579361, "full_task": 0.09351281076669693, "self_feature": 0.4809449166059494, "feature": 0.8502179980278015, "cost": 1.060977041721344}, "peak_gib": 7.011573314666748}
{"epoch": 13, "successful_updates": 1280, "losses": {"task": 0.5942906737327576, "support_attention": 0.26651008427143097, "support_pre_tia": 0.266292542219162, "support_post_tia": 0.26491015404462814, "full_task": 0.6019562482833862, "self_feature": 0.5228242874145508, "feature": 0.8333769738674164, "cost": 1.6569993495941162}, "peak_gib": 7.011573314666748}
{"epoch": 13, "successful_updates": 1300, "losses": {"task": 0.34865860641002655, "support_attention": 0.201336108148098, "support_pre_tia": 0.20749975740909576, "support_post_tia": 0.20709136873483658, "full_task": 0.31772252917289734, "self_feature": 0.40641212463378906, "feature": 0.6598631143569946, "cost": 1.1493231058120728}, "peak_gib": 7.011573314666748}
{"epoch": 14, "successful_updates": 1320, "losses": {"task": 0.452959805727005, "support_attention": 0.3020950257778168, "support_pre_tia": 0.3079275041818619, "support_post_tia": 0.3062812387943268, "full_task": 0.45666202902793884, "self_feature": 0.6156644523143768, "feature": 1.0280631184577942, "cost": 1.6874653100967407}, "peak_gib": 7.011573314666748}
{"epoch": 14, "successful_updates": 1340, "losses": {"task": 0.15182457119226456, "support_attention": 0.21332699060440063, "support_pre_tia": 0.22200310230255127, "support_post_tia": 0.22149809449911118, "full_task": 0.16250665485858917, "self_feature": 0.3048717975616455, "feature": 0.5612374246120453, "cost": 0.8063508868217468}, "peak_gib": 7.011573314666748}
{"epoch": 14, "successful_updates": 1360, "losses": {"task": 0.305932879447937, "support_attention": 0.23118901252746582, "support_pre_tia": 0.2421240657567978, "support_post_tia": 0.24119999259710312, "full_task": 0.28797443211078644, "self_feature": 0.4037144333124161, "feature": 0.7490639984607697, "cost": 1.191528081893921}, "peak_gib": 7.011573314666748}
{"epoch": 14, "successful_updates": 1380, "losses": {"task": 0.31018081307411194, "support_attention": 0.26316094398498535, "support_pre_tia": 0.26167987287044525, "support_post_tia": 0.2607659623026848, "full_task": 0.2456861287355423, "self_feature": 0.390239953994751, "feature": 0.6995927095413208, "cost": 1.1363413333892822}, "peak_gib": 7.011573314666748}
{"epoch": 14, "successful_updates": 1400, "losses": {"task": 1.0091759264469147, "support_attention": 0.19484557211399078, "support_pre_tia": 0.20387951284646988, "support_post_tia": 0.20274275541305542, "full_task": 1.0022261068224907, "self_feature": 0.36207574368563655, "feature": 0.7273969799280167, "cost": 2.0436680614948273}, "peak_gib": 7.011573314666748}
{"epoch": 15, "successful_updates": 1420, "losses": {"task": 0.31793196499347687, "support_attention": 0.28516362607479095, "support_pre_tia": 0.2911570966243744, "support_post_tia": 0.28979864716529846, "full_task": 0.3340577185153961, "self_feature": 0.2647716399987985, "feature": 0.7130869030952454, "cost": 1.170058250427246}, "peak_gib": 7.011573314666748}
{"epoch": 15, "successful_updates": 1440, "losses": {"task": 0.17999592423439026, "support_attention": 0.32012559473514557, "support_pre_tia": 0.3225695341825485, "support_post_tia": 0.3218972086906433, "full_task": 0.1685505360364914, "self_feature": 0.2477298009084734, "feature": 0.6672457456588745, "cost": 0.9463756084442139}, "peak_gib": 7.011573314666748}
{"epoch": 15, "successful_updates": 1460, "losses": {"task": 0.27693380415439606, "support_attention": 0.20271587371826172, "support_pre_tia": 0.2196534425020218, "support_post_tia": 0.21880561113357544, "full_task": 0.23606404662132263, "self_feature": 0.6094313561916351, "feature": 0.9564239680767059, "cost": 1.3752398490905762}, "peak_gib": 7.011573314666748}
{"epoch": 15, "successful_updates": 1480, "losses": {"task": 0.7280307710170746, "support_attention": 0.2904063016176224, "support_pre_tia": 0.2940889447927475, "support_post_tia": 0.29336726665496826, "full_task": 0.7305634617805481, "self_feature": 0.3315256104247055, "feature": 0.8210780620574951, "cost": 1.7942750453948975}, "peak_gib": 7.011573314666748}
{"epoch": 15, "successful_updates": 1500, "losses": {"task": 1.165789470076561, "support_attention": 0.22974560409784317, "support_pre_tia": 0.24068739265203476, "support_post_tia": 0.23920133709907532, "full_task": 1.0759490132331848, "self_feature": 0.6623113751411438, "feature": 0.9085812866687775, "cost": 2.4335835576057434}, "peak_gib": 7.011573314666748}
{"epoch": 16, "successful_updates": 1520, "losses": {"task": 1.121814925223589, "support_attention": 0.24436305463314056, "support_pre_tia": 0.24792639166116714, "support_post_tia": 0.2472778484225273, "full_task": 1.0231766998767853, "self_feature": 0.6320007145404816, "feature": 0.9527841210365295, "cost": 2.418353497982025}, "peak_gib": 7.011573314666748}
{"epoch": 16, "successful_updates": 1540, "losses": {"task": 0.12123889662325382, "support_attention": 0.24614306539297104, "support_pre_tia": 0.25864578038454056, "support_post_tia": 0.2578798532485962, "full_task": 0.12130807153880596, "self_feature": 8.261310767920804e-06, "feature": 0.4332311153411865, "cost": 0.610624149441719}, "peak_gib": 7.011573314666748}
{"epoch": 16, "successful_updates": 1560, "losses": {"task": 0.17776764556765556, "support_attention": 0.2554800286889076, "support_pre_tia": 0.2637809067964554, "support_post_tia": 0.2621309906244278, "full_task": 0.20487170107662678, "self_feature": 0.32306009151716353, "feature": 0.8038197457790375, "cost": 1.0914068818092346}, "peak_gib": 7.011573314666748}
{"epoch": 16, "successful_updates": 1580, "losses": {"task": 1.293500304222107, "support_attention": 0.1902369260787964, "support_pre_tia": 0.19346656650304794, "support_post_tia": 0.19260495901107788, "full_task": 1.2790802121162415, "self_feature": 0.532330185174942, "feature": 0.8266667127609253, "cost": 2.5124738216400146}, "peak_gib": 7.011573314666748}
{"epoch": 16, "successful_updates": 1600, "losses": {"task": 0.20283696986734867, "support_attention": 0.2853119820356369, "support_pre_tia": 0.29484524577856064, "support_post_tia": 0.29401570558547974, "full_task": 0.24878874141722918, "self_feature": 0.6003211736679077, "feature": 0.9924952685832977, "cost": 1.3470045924186707}, "peak_gib": 7.011573314666748}
{"epoch": 17, "successful_updates": 1620, "losses": {"task": 0.12786006554961205, "support_attention": 0.20136625319719315, "support_pre_tia": 0.21063093841075897, "support_post_tia": 0.21033790707588196, "full_task": 0.12424841523170471, "self_feature": 0.39116476476192474, "feature": 0.7029672563076019, "cost": 0.9220543205738068}, "peak_gib": 7.011573314666748}
{"epoch": 17, "successful_updates": 1640, "losses": {"task": 1.2504703998565674, "support_attention": 0.25089964270591736, "support_pre_tia": 0.2645360082387924, "support_post_tia": 0.26394760608673096, "full_task": 1.1985046863555908, "self_feature": 0.5663568079471588, "feature": 0.8359821438789368, "cost": 2.469138503074646}, "peak_gib": 7.011573314666748}
{"epoch": 17, "successful_updates": 1660, "losses": {"task": 0.6373521983623505, "support_attention": 0.20933321863412857, "support_pre_tia": 0.22076383978128433, "support_post_tia": 0.21976836025714874, "full_task": 0.6637062728404999, "self_feature": 0.3674505203962326, "feature": 0.6675259172916412, "cost": 1.529576301574707}, "peak_gib": 7.011573314666748}
{"epoch": 17, "successful_updates": 1680, "losses": {"task": 0.08997086435556412, "support_attention": 0.42058898508548737, "support_pre_tia": 0.4197969436645508, "support_post_tia": 0.4187285602092743, "full_task": 0.08292493969202042, "self_feature": 0.4894080311059952, "feature": 0.8929018974304199, "cost": 1.0944710671901703}, "peak_gib": 7.011573314666748}
{"epoch": 17, "successful_updates": 1700, "losses": {"task": 0.22715213894844055, "support_attention": 0.28847023844718933, "support_pre_tia": 0.2876745015382767, "support_post_tia": 0.28655650466680527, "full_task": 0.16429932415485382, "self_feature": 0.3447229862213135, "feature": 0.5912524461746216, "cost": 0.9226632714271545}, "peak_gib": 7.011573314666748}
{"epoch": 18, "successful_updates": 1720, "losses": {"task": 0.8687484264373779, "support_attention": 0.22793041914701462, "support_pre_tia": 0.23169175535440445, "support_post_tia": 0.23072386533021927, "full_task": 0.8384724855422974, "self_feature": 0.47242967784404755, "feature": 0.7444474995136261, "cost": 1.89317786693573}, "peak_gib": 7.011573314666748}
{"epoch": 18, "successful_updates": 1740, "losses": {"task": 0.08091742917895317, "support_attention": 0.2329196333885193, "support_pre_tia": 0.24396511912345886, "support_post_tia": 0.24276387691497803, "full_task": 0.09094231203198433, "self_feature": 0.27318069324451244, "feature": 0.7335211336612701, "cost": 0.8888286650180817}, "peak_gib": 7.011573314666748}
{"epoch": 18, "successful_updates": 1760, "losses": {"task": 0.6216398067772388, "support_attention": 0.22159329801797867, "support_pre_tia": 0.2323138788342476, "support_post_tia": 0.23168963938951492, "full_task": 0.6804331410676241, "self_feature": 0.25543065431816103, "feature": 0.6425088047981262, "cost": 1.4830002188682556}, "peak_gib": 7.012427806854248}
{"epoch": 18, "successful_updates": 1780, "losses": {"task": 0.4697973132133484, "support_attention": 0.2920696586370468, "support_pre_tia": 0.2980736717581749, "support_post_tia": 0.29738256335258484, "full_task": 0.409564733505249, "self_feature": 0.5034492909908295, "feature": 0.828406423330307, "cost": 1.480712652206421}, "peak_gib": 7.012427806854248}
{"epoch": 18, "successful_updates": 1800, "losses": {"task": 0.8968391120433807, "support_attention": 0.25152766704559326, "support_pre_tia": 0.25831592082977295, "support_post_tia": 0.2571478709578514, "full_task": 0.9091165065765381, "self_feature": 0.6051363348960876, "feature": 0.8706604540348053, "cost": 2.081065535545349}, "peak_gib": 7.012427806854248}
{"epoch": 19, "successful_updates": 1820, "losses": {"task": 0.26099658757448196, "support_attention": 0.2512502372264862, "support_pre_tia": 0.25512412935495377, "support_post_tia": 0.2539169266819954, "full_task": 0.21823033690452576, "self_feature": 0.5935863554477692, "feature": 0.8979605734348297, "cost": 1.2983254790306091}, "peak_gib": 7.012427806854248}
{"epoch": 19, "successful_updates": 1840, "losses": {"task": 0.2864004224538803, "support_attention": 0.3001292794942856, "support_pre_tia": 0.3029473125934601, "support_post_tia": 0.3020074963569641, "full_task": 0.28441889584064484, "self_feature": 0.3949890434741974, "feature": 0.7164178490638733, "cost": 1.1436696648597717}, "peak_gib": 7.012427806854248}
{"epoch": 19, "successful_updates": 1860, "losses": {"task": 0.48407911509275436, "support_attention": 0.28958024084568024, "support_pre_tia": 0.29987090826034546, "support_post_tia": 0.298819825053215, "full_task": 0.4205285757780075, "self_feature": 0.5902193188667297, "feature": 0.9447153806686401, "cost": 1.622883141040802}, "peak_gib": 7.012427806854248}
{"epoch": 19, "successful_updates": 1880, "losses": {"task": 0.08690828084945679, "support_attention": 0.24680593609809875, "support_pre_tia": 0.24792122840881348, "support_post_tia": 0.24721655249595642, "full_task": 0.0886332057416439, "self_feature": 3.0361611607077066e-05, "feature": 0.515194296836853, "cost": 0.6490208208560944}, "peak_gib": 7.012427806854248}
{"epoch": 19, "successful_updates": 1900, "losses": {"task": 0.8968890309333801, "support_attention": 0.27822132408618927, "support_pre_tia": 0.27747727930545807, "support_post_tia": 0.2758139669895172, "full_task": 0.8619324862957001, "self_feature": 0.49724718928337097, "feature": 0.8397158682346344, "cost": 2.0294772386550903}, "peak_gib": 7.012427806854248}
{"epoch": 20, "successful_updates": 1920, "losses": {"task": 0.17695431783795357, "support_attention": 0.3296954929828644, "support_pre_tia": 0.33102181553840637, "support_post_tia": 0.3298209011554718, "full_task": 0.1719740852713585, "self_feature": 0.38328951597213745, "feature": 0.8223082721233368, "cost": 1.1136272251605988}, "peak_gib": 7.012427806854248}
{"epoch": 20, "successful_updates": 1940, "losses": {"task": 0.1806764453649521, "support_attention": 0.3426972031593323, "support_pre_tia": 0.3469182103872299, "support_post_tia": 0.34532563388347626, "full_task": 0.1870851218700409, "self_feature": 0.5411226600408554, "feature": 0.9050379395484924, "cost": 1.2212101221084595}, "peak_gib": 7.012427806854248}
{"epoch": 20, "successful_updates": 1960, "losses": {"task": 0.15250657498836517, "support_attention": 0.2542714923620224, "support_pre_tia": 0.2576461657881737, "support_post_tia": 0.25685566663742065, "full_task": 0.13624702021479607, "self_feature": 0.205173491939604, "feature": 0.5281434804201126, "cost": 0.7609542310237885}, "peak_gib": 7.012427806854248}
{"epoch": 20, "successful_updates": 1980, "losses": {"task": 0.5570212304592133, "support_attention": 0.3239409774541855, "support_pre_tia": 0.3217378556728363, "support_post_tia": 0.3206503987312317, "full_task": 0.5599926337599754, "self_feature": 0.5326860547065735, "feature": 0.9028962552547455, "cost": 1.685303658246994}, "peak_gib": 7.012427806854248}
{"epoch": 20, "successful_updates": 2000, "losses": {"task": 0.3619909957051277, "support_attention": 0.1904035285115242, "support_pre_tia": 0.20857089757919312, "support_post_tia": 0.20833074301481247, "full_task": 0.32425253838300705, "self_feature": 0.5879440903663635, "feature": 0.9010832905769348, "cost": 1.423776924610138}, "peak_gib": 7.012427806854248}
validation subset: 211 videos, truncated as 792 windows.
review5485_p01_s_seed42 20: 1/792
review5485_p01_s_seed42 20: 101/792
review5485_p01_s_seed42 20: 201/792
review5485_p01_s_seed42 20: 301/792
review5485_p01_s_seed42 20: 401/792
review5485_p01_s_seed42 20: 501/792
review5485_p01_s_seed42 20: 601/792
review5485_p01_s_seed42 20: 701/792
{'average_mAP': 0.6384876546167049, 'mAP@0.3': 0.792829165621755, 'mAP@0.4': 0.7446475425859587, 'mAP@0.5': 0.6725576780226318, 'mAP@0.6': 0.563220918654035, 'mAP@0.7': 0.41918296819914425}
{"epoch": 21, "successful_updates": 2020, "losses": {"task": 0.13741882145404816, "support_attention": 0.36555276811122894, "support_pre_tia": 0.3644956797361374, "support_post_tia": 0.3635222315788269, "full_task": 0.10021127201616764, "self_feature": 0.5029070526361465, "feature": 0.8448508083820343, "cost": 1.094014048576355}, "peak_gib": 7.0129008293151855}
{"epoch": 21, "successful_updates": 2040, "losses": {"task": 0.18954796344041824, "support_attention": 0.34449833631515503, "support_pre_tia": 0.34539762139320374, "support_post_tia": 0.34450341761112213, "full_task": 0.1746293008327484, "self_feature": 0.4697541296482086, "feature": 0.7512186467647552, "cost": 1.0658943951129913}, "peak_gib": 7.0129008293151855}
{"epoch": 21, "successful_updates": 2060, "losses": {"task": 0.16869046539068222, "support_attention": 0.20410918444395065, "support_pre_tia": 0.22399376332759857, "support_post_tia": 0.22401660680770874, "full_task": 0.1745360568165779, "self_feature": 0.29507075562355567, "feature": 0.768831342458725, "cost": 1.0330634117126465}, "peak_gib": 7.0129008293151855}
{"epoch": 21, "successful_updates": 2080, "losses": {"task": 0.1562110260128975, "support_attention": 0.3402293622493744, "support_pre_tia": 0.34040194749832153, "support_post_tia": 0.3394164741039276, "full_task": 0.11621358059346676, "self_feature": 0.5373911559581757, "feature": 0.8949249386787415, "cost": 1.167919397354126}, "peak_gib": 7.0129008293151855}
{"epoch": 21, "successful_updates": 2100, "losses": {"task": 1.2229675399139524, "support_attention": 0.2696883752942085, "support_pre_tia": 0.27400028705596924, "support_post_tia": 0.2719612270593643, "full_task": 0.9379425421357155, "self_feature": 0.6193219125270844, "feature": 0.9012728333473206, "cost": 2.4479562044143677}, "peak_gib": 7.0129008293151855}
{"epoch": 22, "successful_updates": 2120, "losses": {"task": 0.3362198993563652, "support_attention": 0.19676519185304642, "support_pre_tia": 0.20216327160596848, "support_post_tia": 0.20149894058704376, "full_task": 0.32220692187547684, "self_feature": 0.574133962392807, "feature": 0.8062590062618256, "cost": 1.3006271123886108}, "peak_gib": 7.0129008293151855}
{"epoch": 22, "successful_updates": 2140, "losses": {"task": 0.6013114899396896, "support_attention": 0.2994590699672699, "support_pre_tia": 0.3042871505022049, "support_post_tia": 0.30391615629196167, "full_task": 0.6075444221496582, "self_feature": 0.5710422992706299, "feature": 0.8859691917896271, "cost": 1.7266812324523926}, "peak_gib": 7.0129008293151855}
{"epoch": 22, "successful_updates": 2160, "losses": {"task": 0.8981153964996338, "support_attention": 0.2494010031223297, "support_pre_tia": 0.25168411433696747, "support_post_tia": 0.2500419616699219, "full_task": 0.9674442410469055, "self_feature": 0.24819821707933443, "feature": 0.6062905043363571, "cost": 1.7961730659008026}, "peak_gib": 7.0129008293151855}
{"epoch": 22, "successful_updates": 2180, "losses": {"task": 0.5209423899650574, "support_attention": 0.2544543743133545, "support_pre_tia": 0.26153041422367096, "support_post_tia": 0.2613367438316345, "full_task": 0.4264659583568573, "self_feature": 0.455269917845726, "feature": 0.7028017640113831, "cost": 1.4020310044288635}, "peak_gib": 7.0129008293151855}
{"epoch": 22, "successful_updates": 2200, "losses": {"task": 0.5654177367687225, "support_attention": 0.1736982837319374, "support_pre_tia": 0.1878119260072708, "support_post_tia": 0.18640918284654617, "full_task": 0.5686935186386108, "self_feature": 0.5922843813896179, "feature": 0.868919849395752, "cost": 1.6544504761695862}, "peak_gib": 7.0129008293151855}
{"epoch": 23, "successful_updates": 2220, "losses": {"task": 0.1016944982111454, "support_attention": 0.2156911939382553, "support_pre_tia": 0.22664038091897964, "support_post_tia": 0.22645949572324753, "full_task": 0.1039595976471901, "self_feature": 0.49283841252326965, "feature": 0.8310832679271698, "cost": 1.030706524848938}, "peak_gib": 7.0129008293151855}
{"epoch": 23, "successful_updates": 2240, "losses": {"task": 0.25699757784605026, "support_attention": 0.2456921860575676, "support_pre_tia": 0.2558453679084778, "support_post_tia": 0.2549760937690735, "full_task": 0.22885827720165253, "self_feature": 0.26372792944493995, "feature": 0.6306786835193634, "cost": 0.9968046545982361}, "peak_gib": 7.0129008293151855}
{"epoch": 23, "successful_updates": 2260, "losses": {"task": 0.39291198551654816, "support_attention": 0.2998751699924469, "support_pre_tia": 0.3073693960905075, "support_post_tia": 0.3068332225084305, "full_task": 0.3689156025648117, "self_feature": 0.37868204712867737, "feature": 0.692758172750473, "cost": 1.2464773654937744}, "peak_gib": 7.0129008293151855}
{"epoch": 23, "successful_updates": 2280, "losses": {"task": 0.9776591658592224, "support_attention": 0.24341009557247162, "support_pre_tia": 0.2480841726064682, "support_post_tia": 0.24785716086626053, "full_task": 0.959735631942749, "self_feature": 0.3422500714659691, "feature": 0.6534841060638428, "cost": 1.9300992488861084}, "peak_gib": 7.0129008293151855}
{"epoch": 23, "successful_updates": 2300, "losses": {"task": 0.2922379672527313, "support_attention": 0.2969379127025604, "support_pre_tia": 0.30133067071437836, "support_post_tia": 0.30036382377147675, "full_task": 0.2995073199272156, "self_feature": 0.5557334721088409, "feature": 0.9186559915542603, "cost": 1.3714288473129272}, "peak_gib": 7.0129008293151855}
{"epoch": 24, "successful_updates": 2320, "losses": {"task": 0.8568934854120016, "support_attention": 0.1816127598285675, "support_pre_tia": 0.18164154887199402, "support_post_tia": 0.18251415342092514, "full_task": 0.7803208390250802, "self_feature": 0.28728625178337097, "feature": 0.5074421763420105, "cost": 1.6063523292541504}, "peak_gib": 7.0129008293151855}
{"epoch": 24, "successful_updates": 2340, "losses": {"task": 0.04830639995634556, "support_attention": 0.2636800855398178, "support_pre_tia": 0.2795155867934227, "support_post_tia": 0.27964891493320465, "full_task": 0.042857177555561066, "self_feature": 0.143827336033155, "feature": 0.6494370996952057, "cost": 0.750798761844635}, "peak_gib": 7.0129008293151855}
{"epoch": 24, "successful_updates": 2360, "losses": {"task": 0.35866381973028183, "support_attention": 0.2000526785850525, "support_pre_tia": 0.21656247228384018, "support_post_tia": 0.2156999632716179, "full_task": 0.33894816040992737, "self_feature": 0.2304504063135937, "feature": 0.6947092115879059, "cost": 1.1827682256698608}, "peak_gib": 7.0129008293151855}
{"epoch": 24, "successful_updates": 2380, "losses": {"task": 0.502109944820404, "support_attention": 0.20355773717164993, "support_pre_tia": 0.21104243397712708, "support_post_tia": 0.2111194208264351, "full_task": 0.4820375144481659, "self_feature": 0.5235266983509064, "feature": 0.782669723033905, "cost": 1.4787498116493225}, "peak_gib": 7.0129008293151855}
{"epoch": 24, "successful_updates": 2400, "losses": {"task": 0.40120044350624084, "support_attention": 0.21019604802131653, "support_pre_tia": 0.21514686197042465, "support_post_tia": 0.2145397737622261, "full_task": 0.41389575600624084, "self_feature": 0.39203231036663055, "feature": 0.5538564026355743, "cost": 1.119218349456787}, "peak_gib": 7.0129008293151855}
{"epoch": 25, "successful_updates": 2420, "losses": {"task": 0.7003617584705353, "support_attention": 0.28935861587524414, "support_pre_tia": 0.28781451284885406, "support_post_tia": 0.2863478362560272, "full_task": 0.6699094176292419, "self_feature": 0.6610526144504547, "feature": 0.9929848611354828, "cost": 1.9556373357772827}, "peak_gib": 7.0129008293151855}
{"epoch": 25, "successful_updates": 2440, "losses": {"task": 0.2350814789533615, "support_attention": 0.3016275316476822, "support_pre_tia": 0.3168477788567543, "support_post_tia": 0.3156408295035362, "full_task": 0.2624332532286644, "self_feature": 0.5402648448944092, "feature": 0.8980215787887573, "cost": 1.284362256526947}, "peak_gib": 7.0129008293151855}
{"epoch": 25, "successful_updates": 2460, "losses": {"task": 0.1710692709311843, "support_attention": 0.22114143520593643, "support_pre_tia": 0.2319825142621994, "support_post_tia": 0.2318163365125656, "full_task": 0.18795675970613956, "self_feature": 0.4321947246789932, "feature": 0.6795307695865631, "cost": 0.9639986455440521}, "peak_gib": 7.0129008293151855}
{"epoch": 25, "successful_updates": 2480, "losses": {"task": 0.15690501779317856, "support_attention": 0.18159504979848862, "support_pre_tia": 0.1979098692536354, "support_post_tia": 0.19806479662656784, "full_task": 0.18936444073915482, "self_feature": 0.36026784777641296, "feature": 0.664014145731926, "cost": 0.924085795879364}, "peak_gib": 7.0129008293151855}
{"epoch": 25, "successful_updates": 2500, "losses": {"task": 0.48369813710451126, "support_attention": 0.25283975154161453, "support_pre_tia": 0.2616768106818199, "support_post_tia": 0.2615978941321373, "full_task": 0.42456791549921036, "self_feature": 0.46894603967666626, "feature": 0.6800408959388733, "cost": 1.3429393470287323}, "peak_gib": 7.0129008293151855}
{"epoch": 26, "successful_updates": 2520, "losses": {"task": 0.28583937883377075, "support_attention": 0.2509196996688843, "support_pre_tia": 0.25504322350025177, "support_post_tia": 0.254557229578495, "full_task": 0.3027302920818329, "self_feature": 0.31162427256276715, "feature": 0.6843926757574081, "cost": 1.1025570929050446}, "peak_gib": 7.0129008293151855}
{"epoch": 26, "successful_updates": 2540, "losses": {"task": 0.28180353343486786, "support_attention": 0.21066085249185562, "support_pre_tia": 0.23136918246746063, "support_post_tia": 0.231176495552063, "full_task": 0.2595495283603668, "self_feature": 0.3294104188680649, "feature": 0.632555216550827, "cost": 1.0353144407272339}, "peak_gib": 7.0129008293151855}
{"epoch": 26, "successful_updates": 2560, "losses": {"task": 0.5269691422581673, "support_attention": 0.31685978174209595, "support_pre_tia": 0.31910963356494904, "support_post_tia": 0.31786367297172546, "full_task": 0.5227204822003841, "self_feature": 0.4988250732421875, "feature": 0.8196850121021271, "cost": 1.5590654909610748}, "peak_gib": 7.0129008293151855}
{"epoch": 26, "successful_updates": 2580, "losses": {"task": 0.15998665243387222, "support_attention": 0.2755665257573128, "support_pre_tia": 0.27983132004737854, "support_post_tia": 0.2788809612393379, "full_task": 0.14094330370426178, "self_feature": 0.20611964545264527, "feature": 0.7570896148681641, "cost": 1.0008596777915955}, "peak_gib": 7.0129008293151855}
{"epoch": 26, "successful_updates": 2600, "losses": {"task": 0.0909486934542656, "support_attention": 0.22982194274663925, "support_pre_tia": 0.24080917239189148, "support_post_tia": 0.24037526547908783, "full_task": 0.1122351735830307, "self_feature": 0.5443075597286224, "feature": 0.8292546570301056, "cost": 1.0267521142959595}, "peak_gib": 7.0129008293151855}
{"epoch": 27, "successful_updates": 2620, "losses": {"task": 0.5681112259626389, "support_attention": 0.33278925716876984, "support_pre_tia": 0.34134453535079956, "support_post_tia": 0.34088899195194244, "full_task": 0.5723649859428406, "self_feature": 0.43452276289463043, "feature": 0.7785352766513824, "cost": 1.5673017501831055}, "peak_gib": 6.575019836425781}
{"epoch": 27, "successful_updates": 2640, "losses": {"task": 0.30185214057564735, "support_attention": 0.2879545986652374, "support_pre_tia": 0.30035312473773956, "support_post_tia": 0.30069221556186676, "full_task": 0.31638578325510025, "self_feature": 0.26875901222229004, "feature": 0.6502939760684967, "cost": 1.0881707072257996}, "peak_gib": 6.575895309448242}
{"epoch": 27, "successful_updates": 2660, "losses": {"task": 1.3134014010429382, "support_attention": 0.28759610652923584, "support_pre_tia": 0.3055286705493927, "support_post_tia": 0.3055117130279541, "full_task": 1.0042939186096191, "self_feature": 0.6177712082862854, "feature": 1.1509304642677307, "cost": 2.807734489440918}, "peak_gib": 6.576044082641602}
{"epoch": 27, "successful_updates": 2680, "losses": {"task": 0.4637012481689453, "support_attention": 0.3224380165338516, "support_pre_tia": 0.32633769512176514, "support_post_tia": 0.32552753388881683, "full_task": 0.38820843398571014, "self_feature": 0.17811101799452445, "feature": 0.7130991816520691, "cost": 1.324256956577301}, "peak_gib": 6.576044082641602}
{"epoch": 27, "successful_updates": 2700, "losses": {"task": 0.5310231447219849, "support_attention": 0.29708413779735565, "support_pre_tia": 0.30356553196907043, "support_post_tia": 0.30423904955387115, "full_task": 0.48489657044410706, "self_feature": 0.34177522361278534, "feature": 0.7583962976932526, "cost": 1.4752113223075867}, "peak_gib": 6.576044082641602}
{"epoch": 28, "successful_updates": 2720, "losses": {"task": 0.5068503767251968, "support_attention": 0.300732746720314, "support_pre_tia": 0.3081027567386627, "support_post_tia": 0.3072816729545593, "full_task": 0.484318271279335, "self_feature": 0.49293090403079987, "feature": 0.8996293246746063, "cost": 1.6076215505599976}, "peak_gib": 6.576044082641602}
{"epoch": 28, "successful_updates": 2740, "losses": {"task": 0.11570990458130836, "support_attention": 0.26090094447135925, "support_pre_tia": 0.2774878889322281, "support_post_tia": 0.27677905559539795, "full_task": 0.0920627973973751, "self_feature": 0.300742698771046, "feature": 0.9040814936161041, "cost": 1.100594699382782}, "peak_gib": 6.576044082641602}
{"epoch": 28, "successful_updates": 2760, "losses": {"task": 0.1935902200639248, "support_attention": 0.25632696598768234, "support_pre_tia": 0.2754889726638794, "support_post_tia": 0.27485357224941254, "full_task": 0.17092175036668777, "self_feature": 0.5795588344335556, "feature": 1.0195661783218384, "cost": 1.3413598239421844}, "peak_gib": 6.576702117919922}
{"epoch": 28, "successful_updates": 2780, "losses": {"task": 0.4256998114287853, "support_attention": 0.2403905913233757, "support_pre_tia": 0.25222910195589066, "support_post_tia": 0.25264228880405426, "full_task": 0.41080334410071373, "self_feature": 0.22646775464500024, "feature": 0.6567597091197968, "cost": 1.2330507040023804}, "peak_gib": 6.576702117919922}
{"epoch": 28, "successful_updates": 2800, "losses": {"task": 0.26887063682079315, "support_attention": 0.3186211585998535, "support_pre_tia": 0.32904280722141266, "support_post_tia": 0.32864972949028015, "full_task": 0.2856065630912781, "self_feature": 0.3981984406709671, "feature": 0.8146539926528931, "cost": 1.2276307344436646}, "peak_gib": 6.576702117919922}
{"epoch": 29, "successful_updates": 2820, "losses": {"task": 0.3169954717159271, "support_attention": 0.311767041683197, "support_pre_tia": 0.32325832545757294, "support_post_tia": 0.32336071133613586, "full_task": 0.2958441972732544, "self_feature": 0.26758620887994766, "feature": 0.697681337594986, "cost": 1.1477274596691132}, "peak_gib": 6.576702117919922}
{"epoch": 29, "successful_updates": 2840, "losses": {"task": 0.241666404530406, "support_attention": 0.3073665499687195, "support_pre_tia": 0.3210268020629883, "support_post_tia": 0.3209724724292755, "full_task": 0.19432600028812885, "self_feature": 0.49234725534915924, "feature": 0.9281134009361267, "cost": 1.2996959388256073}, "peak_gib": 6.576702117919922}
{"epoch": 29, "successful_updates": 2860, "losses": {"task": 0.829067587852478, "support_attention": 0.38032275438308716, "support_pre_tia": 0.3867713660001755, "support_post_tia": 0.3845171630382538, "full_task": 0.7700542509555817, "self_feature": 0.5100026279687881, "feature": 0.923217236995697, "cost": 2.034363031387329}, "peak_gib": 6.576702117919922}
{"epoch": 29, "successful_updates": 2880, "losses": {"task": 0.38374054059386253, "support_attention": 0.2951968386769295, "support_pre_tia": 0.3027968555688858, "support_post_tia": 0.30244792997837067, "full_task": 0.3570106029510498, "self_feature": 0.48357512056827545, "feature": 0.8900191485881805, "cost": 1.441632091999054}, "peak_gib": 6.576702117919922}
{"epoch": 29, "successful_updates": 2900, "losses": {"task": 1.144149873405695, "support_attention": 0.2672150433063507, "support_pre_tia": 0.2797394096851349, "support_post_tia": 0.2794654667377472, "full_task": 1.1225655544549227, "self_feature": 0.425223708152771, "feature": 0.8232076168060303, "cost": 2.318481534719467}, "peak_gib": 6.576702117919922}
{"epoch": 30, "successful_updates": 2920, "losses": {"task": 0.21263816952705383, "support_attention": 0.39328090846538544, "support_pre_tia": 0.3990352302789688, "support_post_tia": 0.398529514670372, "full_task": 0.1876915618777275, "self_feature": 0.4561115950345993, "feature": 0.8697203993797302, "cost": 1.2147708535194397}, "peak_gib": 6.576702117919922}
{"epoch": 30, "successful_updates": 2940, "losses": {"task": 0.2665324732661247, "support_attention": 0.2592513710260391, "support_pre_tia": 0.2753775268793106, "support_post_tia": 0.274533212184906, "full_task": 0.25955887883901596, "self_feature": 0.6181066334247589, "feature": 1.0199070274829865, "cost": 1.4406354427337646}, "peak_gib": 6.576702117919922}
{"epoch": 30, "successful_updates": 2960, "losses": {"task": 0.44691208750009537, "support_attention": 0.2463996857404709, "support_pre_tia": 0.2625133991241455, "support_post_tia": 0.2616161108016968, "full_task": 0.4260854311287403, "self_feature": 0.5593935251235962, "feature": 0.9079617857933044, "cost": 1.5435410141944885}, "peak_gib": 6.576702117919922}
{"epoch": 30, "successful_updates": 2980, "losses": {"task": 0.15555087104439735, "support_attention": 0.3103785738348961, "support_pre_tia": 0.3175029456615448, "support_post_tia": 0.3171095550060272, "full_task": 0.15871568769216537, "self_feature": 0.30642006546258926, "feature": 0.7040598094463348, "cost": 0.9616622626781464}, "peak_gib": 6.576702117919922}
{"epoch": 30, "successful_updates": 3000, "losses": {"task": 0.4532073140144348, "support_attention": 0.26993250846862793, "support_pre_tia": 0.28056198358535767, "support_post_tia": 0.2808954119682312, "full_task": 0.40263921953737736, "self_feature": 0.21288750766234443, "feature": 0.725493848323822, "cost": 1.328722596168518}, "peak_gib": 6.576702117919922}
{"epoch": 31, "successful_updates": 3020, "losses": {"task": 0.5344642996788025, "support_attention": 0.3402526080608368, "support_pre_tia": 0.3428359776735306, "support_post_tia": 0.34295399487018585, "full_task": 0.4863767772912979, "self_feature": 0.3048884868621826, "feature": 0.6278146803379059, "cost": 1.3486515283584595}, "peak_gib": 6.57670783996582}
{"epoch": 31, "successful_updates": 3040, "losses": {"task": 0.38042017817497253, "support_attention": 0.2937815487384796, "support_pre_tia": 0.30714963376522064, "support_post_tia": 0.3068332374095917, "full_task": 0.36253245174884796, "self_feature": 0.31386362363446096, "feature": 0.9136009216308594, "cost": 1.4467397332191467}, "peak_gib": 6.57670783996582}
{"epoch": 31, "successful_updates": 3060, "losses": {"task": 0.38552867621183395, "support_attention": 0.291646346449852, "support_pre_tia": 0.30908477306365967, "support_post_tia": 0.30973197519779205, "full_task": 0.36806850135326385, "self_feature": 0.5465823411941528, "feature": 0.9836342334747314, "cost": 1.5467790961265564}, "peak_gib": 6.57670783996582}
{"epoch": 31, "successful_updates": 3080, "losses": {"task": 0.1608254350721836, "support_attention": 0.26471100747585297, "support_pre_tia": 0.28080685436725616, "support_post_tia": 0.28107839822769165, "full_task": 0.12651779130101204, "self_feature": 0.4816938638687134, "feature": 0.8525465726852417, "cost": 1.1212651133537292}, "peak_gib": 6.57670783996582}
{"epoch": 31, "successful_updates": 3100, "losses": {"task": 0.15968122333288193, "support_attention": 0.27846357226371765, "support_pre_tia": 0.29537220299243927, "support_post_tia": 0.2961781769990921, "full_task": 0.16164251416921616, "self_feature": 3.0469993475890078e-05, "feature": 0.7312602698802948, "cost": 0.9609326720237732}, "peak_gib": 6.57670783996582}
{"epoch": 32, "successful_updates": 3120, "losses": {"task": 0.11181323230266571, "support_attention": 0.29301808774471283, "support_pre_tia": 0.3043995499610901, "support_post_tia": 0.3040173798799515, "full_task": 0.08384847175329924, "self_feature": 0.48380739986896515, "feature": 0.9378069341182709, "cost": 1.1493839025497437}, "peak_gib": 6.57670783996582}
{"epoch": 32, "successful_updates": 3140, "losses": {"task": 0.1761311050504446, "support_attention": 0.24244657903909683, "support_pre_tia": 0.2631751298904419, "support_post_tia": 0.2630475014448166, "full_task": 0.16379241086542606, "self_feature": 0.49215833842754364, "feature": 0.8801872432231903, "cost": 1.1727933883666992}, "peak_gib": 6.57670783996582}
{"epoch": 32, "successful_updates": 3160, "losses": {"task": 0.2114635705947876, "support_attention": 0.36681731045246124, "support_pre_tia": 0.3713997155427933, "support_post_tia": 0.37060166895389557, "full_task": 0.2159232497215271, "self_feature": 0.1953124055526132, "feature": 0.7442694008350372, "cost": 1.0663450360298157}, "peak_gib": 6.578193664550781}
{"epoch": 32, "successful_updates": 3180, "losses": {"task": 0.26351550221443176, "support_attention": 0.2319350242614746, "support_pre_tia": 0.249141126871109, "support_post_tia": 0.24921667575836182, "full_task": 0.24758030474185944, "self_feature": 0.19712063816825776, "feature": 0.7566253542900085, "cost": 1.1266658902168274}, "peak_gib": 6.578193664550781}
{"epoch": 32, "successful_updates": 3200, "losses": {"task": 0.1940510794520378, "support_attention": 0.273751363158226, "support_pre_tia": 0.2910689413547516, "support_post_tia": 0.2908612787723541, "full_task": 0.19551678001880646, "self_feature": 0.45905523002147675, "feature": 0.9122263491153717, "cost": 1.2301586270332336}, "peak_gib": 6.578193664550781}
{"epoch": 33, "successful_updates": 3220, "losses": {"task": 0.1798020526766777, "support_attention": 0.2872103601694107, "support_pre_tia": 0.2946104109287262, "support_post_tia": 0.2943584769964218, "full_task": 0.15890973061323166, "self_feature": 0.22630329799631, "feature": 0.6401056051254272, "cost": 0.9117138981819153}, "peak_gib": 6.578193664550781}
{"epoch": 33, "successful_updates": 3240, "losses": {"task": 0.04282072186470032, "support_attention": 0.2872346416115761, "support_pre_tia": 0.29768460988998413, "support_post_tia": 0.29761677980422974, "full_task": 0.042481107637286186, "self_feature": 0.41131632030010223, "feature": 0.7948154807090759, "cost": 0.9191531836986542}, "peak_gib": 6.579545974731445}
{"epoch": 33, "successful_updates": 3260, "losses": {"task": 0.09408018738031387, "support_attention": 0.314801461994648, "support_pre_tia": 0.31277862191200256, "support_post_tia": 0.3131556585431099, "full_task": 0.09011121466755867, "self_feature": 0.2790268436074257, "feature": 0.6618508398532867, "cost": 0.8376582264900208}, "peak_gib": 6.579545974731445}
{"epoch": 33, "successful_updates": 3280, "losses": {"task": 0.2503553479909897, "support_attention": 0.2945651561021805, "support_pre_tia": 0.2944415658712387, "support_post_tia": 0.293854758143425, "full_task": 0.23443660885095596, "self_feature": 0.15668558224933804, "feature": 0.5916620790958405, "cost": 0.9457099735736847}, "peak_gib": 6.579545974731445}
{"epoch": 33, "successful_updates": 3300, "losses": {"task": 0.6007228195667267, "support_attention": 0.32656171917915344, "support_pre_tia": 0.32613666355609894, "support_post_tia": 0.3258378952741623, "full_task": 0.5584297105669975, "self_feature": 0.37485383450984955, "feature": 0.7971362471580505, "cost": 1.6075506806373596}, "peak_gib": 6.579545974731445}
{"epoch": 34, "successful_updates": 3320, "losses": {"task": 1.8245903253555298, "support_attention": 0.31835781037807465, "support_pre_tia": 0.3252011388540268, "support_post_tia": 0.3257617950439453, "full_task": 1.645785629749298, "self_feature": 0.5365650057792664, "feature": 1.0234562754631042, "cost": 3.3456978797912598}, "peak_gib": 6.579545974731445}
{"epoch": 34, "successful_updates": 3340, "losses": {"task": 0.606409028172493, "support_attention": 0.29209211468696594, "support_pre_tia": 0.29822884500026703, "support_post_tia": 0.29805788397789, "full_task": 0.6208477020263672, "self_feature": 0.48958413302898407, "feature": 0.7972195148468018, "cost": 1.6376132369041443}, "peak_gib": 6.579545974731445}
{"epoch": 34, "successful_updates": 3360, "losses": {"task": 0.16615673154592514, "support_attention": 0.29200848937034607, "support_pre_tia": 0.3058221638202667, "support_post_tia": 0.3057916462421417, "full_task": 0.152841255068779, "self_feature": 0.3564434200525284, "feature": 0.7384172976016998, "cost": 1.0090094208717346}, "peak_gib": 6.57994270324707}
{"epoch": 34, "successful_updates": 3380, "losses": {"task": 0.10366478189826012, "support_attention": 0.24190399795770645, "support_pre_tia": 0.2575846537947655, "support_post_tia": 0.25764916092157364, "full_task": 0.1026607183739543, "self_feature": 1.2196511761430884e-05, "feature": 0.5730270892381668, "cost": 0.7281199246644974}, "peak_gib": 6.57994270324707}
{"epoch": 34, "successful_updates": 3400, "losses": {"task": 0.4934581518173218, "support_attention": 0.26417239010334015, "support_pre_tia": 0.28355227410793304, "support_post_tia": 0.2836960405111313, "full_task": 0.47699297964572906, "self_feature": 0.390822596848011, "feature": 0.825137585401535, "cost": 1.5052886605262756}, "peak_gib": 6.57994270324707}
{"epoch": 35, "successful_updates": 3420, "losses": {"task": 0.30999210476875305, "support_attention": 0.35002927482128143, "support_pre_tia": 0.35808829963207245, "support_post_tia": 0.35735170543193817, "full_task": 0.3164781928062439, "self_feature": 0.1793676152210537, "feature": 0.746623307466507, "cost": 1.1894437074661255}, "peak_gib": 6.57994270324707}
{"epoch": 35, "successful_updates": 3440, "losses": {"task": 0.07292396575212479, "support_attention": 0.23885950446128845, "support_pre_tia": 0.25682980567216873, "support_post_tia": 0.25671233981847763, "full_task": 0.08420112356543541, "self_feature": 0.30284040377773636, "feature": 0.8244877755641937, "cost": 0.9744231700897217}, "peak_gib": 6.57994270324707}
{"epoch": 35, "successful_updates": 3460, "losses": {"task": 0.29443928599357605, "support_attention": 0.2787461504340172, "support_pre_tia": 0.28076978027820587, "support_post_tia": 0.281019426882267, "full_task": 0.2791358605027199, "self_feature": 0.2090432308614254, "feature": 0.5184079855680466, "cost": 0.9316250085830688}, "peak_gib": 6.57994270324707}
{"epoch": 35, "successful_updates": 3480, "losses": {"task": 0.7922821920365095, "support_attention": 0.28451622277498245, "support_pre_tia": 0.2907758727669716, "support_post_tia": 0.2900047227740288, "full_task": 0.7331682778894901, "self_feature": 0.25164114519702707, "feature": 0.707362949848175, "cost": 1.7371403276920319}, "peak_gib": 6.57994270324707}
{"epoch": 35, "successful_updates": 3500, "losses": {"task": 0.6962606757879257, "support_attention": 0.2736344486474991, "support_pre_tia": 0.2845161408185959, "support_post_tia": 0.2831258624792099, "full_task": 0.7070701122283936, "self_feature": 0.38699549436569214, "feature": 0.7559419572353363, "cost": 1.6960518956184387}, "peak_gib": 6.57994270324707}
{"epoch": 36, "successful_updates": 3520, "losses": {"task": 0.6438312232494354, "support_attention": 0.3380151391029358, "support_pre_tia": 0.3400162011384964, "support_post_tia": 0.3398408442735672, "full_task": 0.6940544918179512, "self_feature": 0.3727874457836151, "feature": 0.8449478149414062, "cost": 1.7335641980171204}, "peak_gib": 6.57994270324707}
{"epoch": 36, "successful_updates": 3540, "losses": {"task": 0.17756780982017517, "support_attention": 0.2979361265897751, "support_pre_tia": 0.3156353384256363, "support_post_tia": 0.31617751717567444, "full_task": 0.17181112617254257, "self_feature": 0.5572980344295502, "feature": 1.0104023218154907, "cost": 1.3182433247566223}, "peak_gib": 6.57994270324707}
{"epoch": 36, "successful_updates": 3560, "losses": {"task": 0.11821809411048889, "support_attention": 0.3284594714641571, "support_pre_tia": 0.33700160682201385, "support_post_tia": 0.33622126281261444, "full_task": 0.10896208137273788, "self_feature": 0.2557002910562005, "feature": 0.7336510717868805, "cost": 0.9383408427238464}, "peak_gib": 6.57994270324707}
{"epoch": 36, "successful_updates": 3580, "losses": {"task": 0.27468259260058403, "support_attention": 0.2634221538901329, "support_pre_tia": 0.27254635095596313, "support_post_tia": 0.27208784222602844, "full_task": 0.24073892459273338, "self_feature": 0.46727295219898224, "feature": 0.793880820274353, "cost": 1.202707201242447}, "peak_gib": 6.57994270324707}
{"epoch": 36, "successful_updates": 3600, "losses": {"task": 0.08692767843604088, "support_attention": 0.2485327571630478, "support_pre_tia": 0.2686349153518677, "support_post_tia": 0.2686370462179184, "full_task": 0.08847806788980961, "self_feature": 0.44537365436553955, "feature": 0.9137486815452576, "cost": 1.0941968262195587}, "peak_gib": 6.57994270324707}
{"epoch": 37, "successful_updates": 3620, "losses": {"task": 0.6203458905220032, "support_attention": 0.32762372493743896, "support_pre_tia": 0.3337683081626892, "support_post_tia": 0.3339638411998749, "full_task": 0.5683427825570107, "self_feature": 0.24188195273859492, "feature": 0.8293136656284332, "cost": 1.6493200361728668}, "peak_gib": 6.57994270324707}
{"epoch": 37, "successful_updates": 3640, "losses": {"task": 0.09487665072083473, "support_attention": 0.2906302660703659, "support_pre_tia": 0.2969127297401428, "support_post_tia": 0.2960876598954201, "full_task": 0.09690818563103676, "self_feature": 0.3772970288991928, "feature": 0.7282585501670837, "cost": 0.9147419631481171}, "peak_gib": 6.57994270324707}
{"epoch": 37, "successful_updates": 3660, "losses": {"task": 0.0818809475749731, "support_attention": 0.2573956325650215, "support_pre_tia": 0.27542856335639954, "support_post_tia": 0.27583953738212585, "full_task": 0.12068710848689079, "self_feature": 0.4185033440589905, "feature": 0.7758311927318573, "cost": 0.957297682762146}, "peak_gib": 6.57994270324707}
{"epoch": 37, "successful_updates": 3680, "losses": {"task": 0.6421816647052765, "support_attention": 0.35050223767757416, "support_pre_tia": 0.35330452024936676, "support_post_tia": 0.3533157557249069, "full_task": 0.6062323749065399, "self_feature": 0.41476765275001526, "feature": 0.8440225720405579, "cost": 1.7145700454711914}, "peak_gib": 6.57994270324707}
{"epoch": 37, "successful_updates": 3700, "losses": {"task": 0.33208125084638596, "support_attention": 0.27086976915597916, "support_pre_tia": 0.2799261808395386, "support_post_tia": 0.2800758481025696, "full_task": 0.2649700939655304, "self_feature": 0.3468593508005142, "feature": 0.7357918322086334, "cost": 1.1968016028404236}, "peak_gib": 6.57994270324707}
{"epoch": 38, "successful_updates": 3720, "losses": {"task": 0.07322414591908455, "support_attention": 0.31281624734401703, "support_pre_tia": 0.32723404467105865, "support_post_tia": 0.3274196982383728, "full_task": 0.08175322040915489, "self_feature": 0.1777812494410682, "feature": 0.6562345325946808, "cost": 0.8004077672958374}, "peak_gib": 6.57994270324707}
{"epoch": 38, "successful_updates": 3740, "losses": {"task": 0.7765805423259735, "support_attention": 0.25805259495973587, "support_pre_tia": 0.27320100367069244, "support_post_tia": 0.27341803908348083, "full_task": 0.7006698250770569, "self_feature": 0.39808863401412964, "feature": 0.7522921860218048, "cost": 1.7711800336837769}, "peak_gib": 6.57994270324707}
{"epoch": 38, "successful_updates": 3760, "losses": {"task": 0.11343397572636604, "support_attention": 0.25449972599744797, "support_pre_tia": 0.27702629566192627, "support_post_tia": 0.27708250284194946, "full_task": 0.12038619443774223, "self_feature": 0.48986129462718964, "feature": 0.856023520231247, "cost": 1.0762456059455872}, "peak_gib": 6.57994270324707}
{"epoch": 38, "successful_updates": 3780, "losses": {"task": 0.49254757165908813, "support_attention": 0.262374684214592, "support_pre_tia": 0.2744012475013733, "support_post_tia": 0.27440619468688965, "full_task": 0.3914725184440613, "self_feature": 0.4009332060813904, "feature": 0.7708593606948853, "cost": 1.4288086891174316}, "peak_gib": 6.57994270324707}
{"epoch": 38, "successful_updates": 3800, "losses": {"task": 0.2370864525437355, "support_attention": 0.25332313776016235, "support_pre_tia": 0.2593039870262146, "support_post_tia": 0.2597021609544754, "full_task": 0.22677850350737572, "self_feature": 0.21751826629042625, "feature": 0.5762301683425903, "cost": 0.9177134335041046}, "peak_gib": 6.57994270324707}
{"epoch": 39, "successful_updates": 3820, "losses": {"task": 0.6560435742139816, "support_attention": 0.4018905833363533, "support_pre_tia": 0.4144181162118912, "support_post_tia": 0.4143820255994797, "full_task": 0.6132757067680359, "self_feature": 0.49226658046245575, "feature": 1.0312026739120483, "cost": 1.9312317967414856}, "peak_gib": 6.57994270324707}
{"epoch": 39, "successful_updates": 3840, "losses": {"task": 0.13869179040193558, "support_attention": 0.3088260516524315, "support_pre_tia": 0.3149252310395241, "support_post_tia": 0.3151501268148422, "full_task": 0.11110766604542732, "self_feature": 0.28195691108703613, "feature": 0.6442335098981857, "cost": 0.8704016804695129}, "peak_gib": 6.57994270324707}
{"epoch": 39, "successful_updates": 3860, "losses": {"task": 0.23047100007534027, "support_attention": 0.26425597816705704, "support_pre_tia": 0.27196718007326126, "support_post_tia": 0.2717426270246506, "full_task": 0.22291773557662964, "self_feature": 0.2376052364706993, "feature": 0.6173680424690247, "cost": 0.9545144736766815}, "peak_gib": 6.57994270324707}
{"epoch": 39, "successful_updates": 3880, "losses": {"task": 1.1191091239452362, "support_attention": 0.34372901171445847, "support_pre_tia": 0.343303918838501, "support_post_tia": 0.3434981480240822, "full_task": 1.1531440019607544, "self_feature": 0.36060160398483276, "feature": 0.6571401953697205, "cost": 2.1349356174468994}, "peak_gib": 6.57994270324707}
{"epoch": 39, "successful_updates": 3900, "losses": {"task": 0.48235640674829483, "support_attention": 0.28266821801662445, "support_pre_tia": 0.30377231538295746, "support_post_tia": 0.3050304353237152, "full_task": 0.39310161024332047, "self_feature": 0.36691831052303314, "feature": 0.8313846588134766, "cost": 1.4791484475135803}, "peak_gib": 6.57994270324707}
{"epoch": 40, "successful_updates": 3920, "losses": {"task": 0.7610345333814621, "support_attention": 0.3105164170265198, "support_pre_tia": 0.32007168233394623, "support_post_tia": 0.3194185048341751, "full_task": 0.5280625820159912, "self_feature": 0.5474299788475037, "feature": 0.9951180517673492, "cost": 1.9748857021331787}, "peak_gib": 6.57994270324707}
{"epoch": 40, "successful_updates": 3940, "losses": {"task": 0.21087874472141266, "support_attention": 0.35562412440776825, "support_pre_tia": 0.3666756898164749, "support_post_tia": 0.36664238572120667, "full_task": 0.21350526809692383, "self_feature": 0.5549963712692261, "feature": 0.9936155676841736, "cost": 1.3500361442565918}, "peak_gib": 6.580127716064453}
{"epoch": 40, "successful_updates": 3960, "losses": {"task": 0.4596729725599289, "support_attention": 0.34321820735931396, "support_pre_tia": 0.352891281247139, "support_post_tia": 0.35277995467185974, "full_task": 0.44430045783519745, "self_feature": 0.47819533944129944, "feature": 0.8327506184577942, "cost": 1.4866017699241638}, "peak_gib": 6.580127716064453}
{"epoch": 40, "successful_updates": 3980, "losses": {"task": 0.6040822863578796, "support_attention": 0.28242552280426025, "support_pre_tia": 0.293415829539299, "support_post_tia": 0.29403987526893616, "full_task": 0.5666492283344269, "self_feature": 0.45388707518577576, "feature": 0.8014500141143799, "cost": 1.6219561100006104}, "peak_gib": 6.580127716064453}
{"epoch": 40, "successful_updates": 4000, "losses": {"task": 0.10665435716509819, "support_attention": 0.2834065109491348, "support_pre_tia": 0.2947213798761368, "support_post_tia": 0.2948383539915085, "full_task": 0.08692514151334763, "self_feature": 0.4038449078798294, "feature": 0.8159144520759583, "cost": 1.0141625702381134}, "peak_gib": 6.580127716064453}
validation subset: 211 videos, truncated as 792 windows.
review5485_p01_s_seed42 40: 1/792
review5485_p01_s_seed42 40: 101/792
review5485_p01_s_seed42 40: 201/792
review5485_p01_s_seed42 40: 301/792
review5485_p01_s_seed42 40: 401/792
review5485_p01_s_seed42 40: 501/792
review5485_p01_s_seed42 40: 601/792
review5485_p01_s_seed42 40: 701/792
{'average_mAP': 0.6260134624818849, 'mAP@0.3': 0.7733365929439462, 'mAP@0.4': 0.727455296285332, 'mAP@0.5': 0.6606598852126029, 'mAP@0.6': 0.5568942249747143, 'mAP@0.7': 0.41172131299282955}
{"epoch": 41, "successful_updates": 4020, "losses": {"task": 0.23040024936199188, "support_attention": 0.4245307147502899, "support_pre_tia": 0.42451876401901245, "support_post_tia": 0.42386388778686523, "full_task": 0.22381854057312012, "self_feature": 0.3918565362691879, "feature": 0.8322175741195679, "cost": 1.200177252292633}, "peak_gib": 6.574810028076172}
{"epoch": 41, "successful_updates": 4040, "losses": {"task": 0.13962820544838905, "support_attention": 0.3217792809009552, "support_pre_tia": 0.3254513144493103, "support_post_tia": 0.3247320204973221, "full_task": 0.13898173719644547, "self_feature": 0.2370817418304796, "feature": 0.5997696071863174, "cost": 0.8303605914115906}, "peak_gib": 6.574810028076172}
{"epoch": 41, "successful_updates": 4060, "losses": {"task": 0.2934107631444931, "support_attention": 0.2601552978157997, "support_pre_tia": 0.27882590889930725, "support_post_tia": 0.2790885418653488, "full_task": 0.3105124831199646, "self_feature": 0.40908458828926086, "feature": 0.7617639005184174, "cost": 1.2016069889068604}, "peak_gib": 6.5751190185546875}
{"epoch": 41, "successful_updates": 4080, "losses": {"task": 0.07345453649759293, "support_attention": 0.26868170499801636, "support_pre_tia": 0.2814921885728836, "support_post_tia": 0.281203031539917, "full_task": 0.057430896908044815, "self_feature": 0.22392316189689154, "feature": 0.6713556349277496, "cost": 0.8096949458122253}, "peak_gib": 6.576015472412109}
{"epoch": 41, "successful_updates": 4100, "losses": {"task": 0.2555667608976364, "support_attention": 0.2968381196260452, "support_pre_tia": 0.30161339044570923, "support_post_tia": 0.3012031465768814, "full_task": 0.272323876619339, "self_feature": 0.23967357707078918, "feature": 0.7632435858249664, "cost": 1.1409995555877686}, "peak_gib": 6.576015472412109}
{"epoch": 42, "successful_updates": 4120, "losses": {"task": 0.8490251898765564, "support_attention": 0.414150670170784, "support_pre_tia": 0.41957204043865204, "support_post_tia": 0.4186410903930664, "full_task": 0.7889626547694206, "self_feature": 0.5450850576162338, "feature": 0.9916104972362518, "cost": 2.1342954635620117}, "peak_gib": 6.579639434814453}
{"epoch": 42, "successful_updates": 4140, "losses": {"task": 0.051067082211375237, "support_attention": 0.2860880345106125, "support_pre_tia": 0.30182479321956635, "support_post_tia": 0.3021557629108429, "full_task": 0.05237022880464792, "self_feature": 1.4041322174307425e-05, "feature": 0.5695358514785767, "cost": 0.6638959050178528}, "peak_gib": 6.579639434814453}
{"epoch": 42, "successful_updates": 4160, "losses": {"task": 0.25227051973342896, "support_attention": 0.2988887429237366, "support_pre_tia": 0.3102708011865616, "support_post_tia": 0.30948449671268463, "full_task": 0.2829780578613281, "self_feature": 0.23163600065163337, "feature": 0.6208146810531616, "cost": 0.997981071472168}, "peak_gib": 6.579639434814453}
{"epoch": 42, "successful_updates": 4180, "losses": {"task": 0.3023004084825516, "support_attention": 0.24772150814533234, "support_pre_tia": 0.2671062499284744, "support_post_tia": 0.26764407753944397, "full_task": 0.2996795326471329, "self_feature": 0.2560208120921743, "feature": 0.649137556552887, "cost": 1.0786974430084229}, "peak_gib": 6.579639434814453}
{"epoch": 42, "successful_updates": 4200, "losses": {"task": 0.48081469535827637, "support_attention": 0.2665475755929947, "support_pre_tia": 0.2767880707979202, "support_post_tia": 0.2774140387773514, "full_task": 0.4555547535419464, "self_feature": 0.3256080895662308, "feature": 0.7633054256439209, "cost": 1.4182797074317932}, "peak_gib": 6.579639434814453}
{"epoch": 43, "successful_updates": 4220, "losses": {"task": 0.35413628816604614, "support_attention": 0.30941879749298096, "support_pre_tia": 0.3201497197151184, "support_post_tia": 0.3202127367258072, "full_task": 0.35672929137945175, "self_feature": 0.4827276021242142, "feature": 0.8475792407989502, "cost": 1.3711887001991272}, "peak_gib": 6.579639434814453}
{"epoch": 43, "successful_updates": 4240, "losses": {"task": 0.9981973171234131, "support_attention": 0.30882419645786285, "support_pre_tia": 0.3130229413509369, "support_post_tia": 0.31194064021110535, "full_task": 0.9027441740036011, "self_feature": 0.4177348464727402, "feature": 0.7548552453517914, "cost": 2.0517603158950806}, "peak_gib": 6.579639434814453}
{"epoch": 43, "successful_updates": 4260, "losses": {"task": 0.17176768369972706, "support_attention": 0.24597050994634628, "support_pre_tia": 0.25356125086545944, "support_post_tia": 0.25349511951208115, "full_task": 0.14532120991498232, "self_feature": 0.36066554486751556, "feature": 0.6858880519866943, "cost": 0.9554054141044617}, "peak_gib": 6.579639434814453}
{"epoch": 43, "successful_updates": 4280, "losses": {"task": 0.6100472211837769, "support_attention": 0.2545192688703537, "support_pre_tia": 0.2651081383228302, "support_post_tia": 0.26570601761341095, "full_task": 0.6532522141933441, "self_feature": 0.18230507890257286, "feature": 0.7314768731594086, "cost": 1.5496083498001099}, "peak_gib": 6.579639434814453}
{"epoch": 43, "successful_updates": 4300, "losses": {"task": 1.33529432117939, "support_attention": 0.24470216780900955, "support_pre_tia": 0.26112809777259827, "support_post_tia": 0.2616778612136841, "full_task": 1.2234832793474197, "self_feature": 0.403462216258049, "feature": 0.7967541813850403, "cost": 2.5044057965278625}, "peak_gib": 6.580070495605469}
{"epoch": 44, "successful_updates": 4320, "losses": {"task": 1.9391674995422363, "support_attention": 0.468839555978775, "support_pre_tia": 0.46251171827316284, "support_post_tia": 0.4620208293199539, "full_task": 1.7596547603607178, "self_feature": 0.4746023565530777, "feature": 0.9818691909313202, "cost": 3.454637289047241}, "peak_gib": 6.580070495605469}
{"epoch": 44, "successful_updates": 4340, "losses": {"task": 0.44547243416309357, "support_attention": 0.24273346364498138, "support_pre_tia": 0.2585011422634125, "support_post_tia": 0.2584371790289879, "full_task": 0.3998968154191971, "self_feature": 0.3621100038290024, "feature": 0.7337139248847961, "cost": 1.341218501329422}, "peak_gib": 6.580070495605469}
{"epoch": 44, "successful_updates": 4360, "losses": {"task": 0.3299001455307007, "support_attention": 0.2541636973619461, "support_pre_tia": 0.2750968635082245, "support_post_tia": 0.2756904065608978, "full_task": 0.3238660395145416, "self_feature": 0.2565705963588698, "feature": 0.7273030877113342, "cost": 1.1913661360740662}, "peak_gib": 6.580070495605469}
{"epoch": 44, "successful_updates": 4380, "losses": {"task": 0.1797097995877266, "support_attention": 0.3114864230155945, "support_pre_tia": 0.32004742324352264, "support_post_tia": 0.3200562447309494, "full_task": 0.1839190497994423, "self_feature": 0.20268391992067336, "feature": 0.6340437680482864, "cost": 0.9120068848133087}, "peak_gib": 6.580070495605469}
{"epoch": 44, "successful_updates": 4400, "losses": {"task": 0.07824523188173771, "support_attention": 0.27197663486003876, "support_pre_tia": 0.28600214421749115, "support_post_tia": 0.28599053621292114, "full_task": 0.08988130837678909, "self_feature": 0.18152013408553103, "feature": 0.6493209898471832, "cost": 0.7967881858348846}, "peak_gib": 6.580070495605469}
{"epoch": 45, "successful_updates": 4420, "losses": {"task": 0.3709946274757385, "support_attention": 0.28489410877227783, "support_pre_tia": 0.29220491647720337, "support_post_tia": 0.2924645096063614, "full_task": 0.3568504899740219, "self_feature": 0.37389881163835526, "feature": 0.7524560987949371, "cost": 1.2792866826057434}, "peak_gib": 6.580070495605469}
{"epoch": 45, "successful_updates": 4440, "losses": {"task": 0.1800795327872038, "support_attention": 0.2723909616470337, "support_pre_tia": 0.28840726613998413, "support_post_tia": 0.28881029784679413, "full_task": 0.18304657004773617, "self_feature": 0.3721642941236496, "feature": 0.7088029086589813, "cost": 1.0007213950157166}, "peak_gib": 6.580070495605469}
{"epoch": 45, "successful_updates": 4460, "losses": {"task": 0.13712187483906746, "support_attention": 0.3685411065816879, "support_pre_tia": 0.3742179870605469, "support_post_tia": 0.3733023852109909, "full_task": 0.1595270037651062, "self_feature": 0.4239877760410309, "feature": 0.8291915059089661, "cost": 1.0859699249267578}, "peak_gib": 6.580070495605469}
{"epoch": 45, "successful_updates": 4480, "losses": {"task": 0.5084929019212723, "support_attention": 0.3488379418849945, "support_pre_tia": 0.34924377501010895, "support_post_tia": 0.34944598376750946, "full_task": 0.496862530708313, "self_feature": 0.28918561339378357, "feature": 0.7124622464179993, "cost": 1.4090238809585571}, "peak_gib": 6.580070495605469}
{"epoch": 45, "successful_updates": 4500, "losses": {"task": 0.36248108744621277, "support_attention": 0.2607690393924713, "support_pre_tia": 0.27525998651981354, "support_post_tia": 0.27580031752586365, "full_task": 0.33214882016181946, "self_feature": 0.393794983625412, "feature": 0.7257884442806244, "cost": 1.2382392287254333}, "peak_gib": 6.580070495605469}
{"epoch": 46, "successful_updates": 4520, "losses": {"task": 0.18670365493744612, "support_attention": 0.2509259283542633, "support_pre_tia": 0.26561348140239716, "support_post_tia": 0.26580910384655, "full_task": 0.16108605079352856, "self_feature": 0.18003996311108494, "feature": 0.5775161683559418, "cost": 0.8490664660930634}, "peak_gib": 6.580070495605469}
{"epoch": 46, "successful_updates": 4540, "losses": {"task": 0.10907426476478577, "support_attention": 0.2784799486398697, "support_pre_tia": 0.2859139144420624, "support_post_tia": 0.2865678071975708, "full_task": 0.10719511657953262, "self_feature": 0.1932832971215248, "feature": 0.5955764353275299, "cost": 0.7794018983840942}, "peak_gib": 6.580070495605469}
{"epoch": 46, "successful_updates": 4560, "losses": {"task": 0.1458476483821869, "support_attention": 0.39149148762226105, "support_pre_tia": 0.3969689905643463, "support_post_tia": 0.3965696394443512, "full_task": 0.1368124820291996, "self_feature": 0.4027320444583893, "feature": 0.8776259124279022, "cost": 1.137626826763153}, "peak_gib": 6.580070495605469}
{"epoch": 46, "successful_updates": 4580, "losses": {"task": 0.21745610237121582, "support_attention": 0.24487309157848358, "support_pre_tia": 0.25397853553295135, "support_post_tia": 0.25395624339580536, "full_task": 0.20293648540973663, "self_feature": 0.2514248805562147, "feature": 0.651871383190155, "cost": 0.970600813627243}, "peak_gib": 6.580070495605469}
{"epoch": 46, "successful_updates": 4600, "losses": {"task": 0.436425045132637, "support_attention": 0.3075723499059677, "support_pre_tia": 0.3128184825181961, "support_post_tia": 0.3137819170951843, "full_task": 0.4016600549221039, "self_feature": 0.14526882460631896, "feature": 0.6069341450929642, "cost": 1.1896310448646545}, "peak_gib": 6.580070495605469}
{"epoch": 47, "successful_updates": 4620, "losses": {"task": 0.12612507492303848, "support_attention": 0.2780027836561203, "support_pre_tia": 0.2942482531070709, "support_post_tia": 0.2947908788919449, "full_task": 0.12766363471746445, "self_feature": 0.3649158477783203, "feature": 0.7458159625530243, "cost": 0.9698004722595215}, "peak_gib": 6.580070495605469}
{"epoch": 47, "successful_updates": 4640, "losses": {"task": 0.2268221154808998, "support_attention": 0.2417498230934143, "support_pre_tia": 0.24954341351985931, "support_post_tia": 0.2502032294869423, "full_task": 0.24020282179117203, "self_feature": 0.07568015396736882, "feature": 0.4288100451231003, "cost": 0.748238205909729}, "peak_gib": 6.580070495605469}
{"epoch": 47, "successful_updates": 4660, "losses": {"task": 0.26234060153365135, "support_attention": 0.24129404872655869, "support_pre_tia": 0.2615249752998352, "support_post_tia": 0.2611929923295975, "full_task": 0.25774454325437546, "self_feature": 0.5779126733541489, "feature": 1.015183448791504, "cost": 1.425887405872345}, "peak_gib": 6.580070495605469}
{"epoch": 47, "successful_updates": 4680, "losses": {"task": 0.965347945690155, "support_attention": 0.29139968752861023, "support_pre_tia": 0.2934698164463043, "support_post_tia": 0.2937120199203491, "full_task": 0.8788893222808838, "self_feature": 0.5107194632291794, "feature": 0.8867950439453125, "cost": 2.152296543121338}, "peak_gib": 6.580070495605469}
{"epoch": 47, "successful_updates": 4700, "losses": {"task": 0.06981820240616798, "support_attention": 0.26330453902482986, "support_pre_tia": 0.2723400145769119, "support_post_tia": 0.2727397233247757, "full_task": 0.08520227670669556, "self_feature": 0.2181733287870884, "feature": 0.6130064874887466, "cost": 0.7531965672969818}, "peak_gib": 6.580070495605469}
{"epoch": 48, "successful_updates": 4720, "losses": {"task": 0.17041819542646408, "support_attention": 0.2661060616374016, "support_pre_tia": 0.27522941678762436, "support_post_tia": 0.2758788987994194, "full_task": 0.18509888648986816, "self_feature": 0.4145796447992325, "feature": 0.7725269198417664, "cost": 1.058233231306076}, "peak_gib": 6.580070495605469}
{"epoch": 48, "successful_updates": 4740, "losses": {"task": 0.20029986649751663, "support_attention": 0.27819786220788956, "support_pre_tia": 0.3009958863258362, "support_post_tia": 0.3007228225469589, "full_task": 0.2081991732120514, "self_feature": 0.29095604871895375, "feature": 0.9294542074203491, "cost": 1.2409854531288147}, "peak_gib": 6.580070495605469}
{"epoch": 48, "successful_updates": 4760, "losses": {"task": 0.1017754003405571, "support_attention": 0.2511015385389328, "support_pre_tia": 0.2636665478348732, "support_post_tia": 0.2638509273529053, "full_task": 0.10602525621652603, "self_feature": 0.19790316103899386, "feature": 0.6275426298379898, "cost": 0.8019905686378479}, "peak_gib": 6.580070495605469}
{"epoch": 48, "successful_updates": 4780, "losses": {"task": 0.16914823651313782, "support_attention": 0.2725920230150223, "support_pre_tia": 0.27491163462400436, "support_post_tia": 0.27458805590867996, "full_task": 0.2032650262117386, "self_feature": 0.3159143775701523, "feature": 0.647438570857048, "cost": 0.9264695048332214}, "peak_gib": 6.580070495605469}
{"epoch": 48, "successful_updates": 4800, "losses": {"task": 0.4896690845489502, "support_attention": 0.3065212517976761, "support_pre_tia": 0.30613477528095245, "support_post_tia": 0.3065515160560608, "full_task": 0.43759381771087646, "self_feature": 0.3399824947118759, "feature": 0.7872208058834076, "cost": 1.4509209394454956}, "peak_gib": 6.580070495605469}
{"epoch": 49, "successful_updates": 4820, "losses": {"task": 0.2364942403510213, "support_attention": 0.3829501122236252, "support_pre_tia": 0.38625653088092804, "support_post_tia": 0.38587450981140137, "full_task": 0.21061273105442524, "self_feature": 0.30854734778404236, "feature": 0.7521668076515198, "cost": 1.1107755303382874}, "peak_gib": 6.580070495605469}
{"epoch": 49, "successful_updates": 4840, "losses": {"task": 0.09793361276388168, "support_attention": 0.23963017761707306, "support_pre_tia": 0.2611519545316696, "support_post_tia": 0.26162929832935333, "full_task": 0.08583354204893112, "self_feature": 0.26386721157177817, "feature": 0.7861766517162323, "cost": 0.958094447851181}, "peak_gib": 6.580070495605469}
{"epoch": 49, "successful_updates": 4860, "losses": {"task": 0.0520261712372303, "support_attention": 0.31495459377765656, "support_pre_tia": 0.31883834302425385, "support_post_tia": 0.31778673827648163, "full_task": 0.03615874797105789, "self_feature": 0.2004228587693433, "feature": 0.5574401915073395, "cost": 0.6703795939683914}, "peak_gib": 6.580070495605469}
{"epoch": 49, "successful_updates": 4880, "losses": {"task": 0.23551622033119202, "support_attention": 0.25725221633911133, "support_pre_tia": 0.27425089478492737, "support_post_tia": 0.27500855922698975, "full_task": 0.2205754518508911, "self_feature": 0.20829810878785793, "feature": 0.7214953601360321, "cost": 1.0604482889175415}, "peak_gib": 6.580070495605469}
{"epoch": 49, "successful_updates": 4900, "losses": {"task": 0.13357720524072647, "support_attention": 0.30874960124492645, "support_pre_tia": 0.3259464055299759, "support_post_tia": 0.3263297975063324, "full_task": 0.09358485043048859, "self_feature": 0.5184969902038574, "feature": 1.0326763987541199, "cost": 1.2741133570671082}, "peak_gib": 6.580070495605469}
{"epoch": 50, "successful_updates": 4920, "losses": {"task": 0.525565966963768, "support_attention": 0.31161801517009735, "support_pre_tia": 0.32555529475212097, "support_post_tia": 0.3257811516523361, "full_task": 0.47170330584049225, "self_feature": 0.4865814745426178, "feature": 0.9777750372886658, "cost": 1.7024917602539062}, "peak_gib": 6.580070495605469}
{"epoch": 50, "successful_updates": 4940, "losses": {"task": 1.711514413356781, "support_attention": 0.2782514616847038, "support_pre_tia": 0.2922975718975067, "support_post_tia": 0.2935349941253662, "full_task": 1.6107348799705505, "self_feature": 0.5474473834037781, "feature": 0.9966753721237183, "cost": 3.1949098110198975}, "peak_gib": 6.580070495605469}
{"epoch": 50, "successful_updates": 4960, "losses": {"task": 0.4174531400203705, "support_attention": 0.2824205234646797, "support_pre_tia": 0.2937774062156677, "support_post_tia": 0.2943560779094696, "full_task": 0.42065271735191345, "self_feature": 0.4301350265741348, "feature": 0.813305675983429, "cost": 1.408342182636261}, "peak_gib": 6.580070495605469}
{"epoch": 50, "successful_updates": 4980, "losses": {"task": 0.8515895754098892, "support_attention": 0.3047548830509186, "support_pre_tia": 0.30506429076194763, "support_post_tia": 0.30593442916870117, "full_task": 0.9125976115465164, "self_feature": 0.32716265320777893, "feature": 0.6566454768180847, "cost": 1.7996507287025452}, "peak_gib": 6.580070495605469}
{"epoch": 50, "successful_updates": 5000, "losses": {"task": 0.432344526052475, "support_attention": 0.27100469917058945, "support_pre_tia": 0.2817784547805786, "support_post_tia": 0.281663253903389, "full_task": 0.4161357879638672, "self_feature": 0.4700748324394226, "feature": 0.8781242966651917, "cost": 1.4896823167800903}, "peak_gib": 6.580070495605469}
{"epoch": 51, "successful_updates": 5020, "losses": {"task": 0.4564547501504421, "support_attention": 0.3349871337413788, "support_pre_tia": 0.3485431671142578, "support_post_tia": 0.34903350472450256, "full_task": 0.37099459022283554, "self_feature": 0.49296896159648895, "feature": 0.9434660971164703, "cost": 1.5768451690673828}, "peak_gib": 6.580070495605469}
{"epoch": 51, "successful_updates": 5040, "losses": {"task": 0.040320330299437046, "support_attention": 0.26681017875671387, "support_pre_tia": 0.27350562810897827, "support_post_tia": 0.27346858382225037, "full_task": 0.037734705954790115, "self_feature": 0.3456011712551117, "feature": 0.6428738236427307, "cost": 0.7545366585254669}, "peak_gib": 6.580070495605469}
{"epoch": 51, "successful_updates": 5060, "losses": {"task": 0.6342246234416962, "support_attention": 0.2558545023202896, "support_pre_tia": 0.26372452080249786, "support_post_tia": 0.2644047960639, "full_task": 0.6566367372870445, "self_feature": 0.41182467341423035, "feature": 0.7185232639312744, "cost": 1.5844961404800415}, "peak_gib": 6.580070495605469}
{"epoch": 51, "successful_updates": 5080, "losses": {"task": 0.5789343565702438, "support_attention": 0.30824051797389984, "support_pre_tia": 0.3194183111190796, "support_post_tia": 0.32012684643268585, "full_task": 0.5053423941135406, "self_feature": 0.5060126632452011, "feature": 0.8720290958881378, "cost": 1.6598775386810303}, "peak_gib": 6.580070495605469}
{"epoch": 51, "successful_updates": 5100, "losses": {"task": 0.0618818998336792, "support_attention": 0.26876696199178696, "support_pre_tia": 0.28709784150123596, "support_post_tia": 0.2876129001379013, "full_task": 0.06304596271365881, "self_feature": 0.11351466205633187, "feature": 0.6904765963554382, "cost": 0.8082069754600525}, "peak_gib": 6.580070495605469}
{"epoch": 52, "successful_updates": 5120, "losses": {"task": 0.549802303314209, "support_attention": 0.2887096405029297, "support_pre_tia": 0.29789668321609497, "support_post_tia": 0.29773685336112976, "full_task": 0.44043058156967163, "self_feature": 0.46025119721889496, "feature": 0.7846239805221558, "cost": 1.5203407406806946}, "peak_gib": 6.580070495605469}
{"epoch": 52, "successful_updates": 5140, "losses": {"task": 0.09725609607994556, "support_attention": 0.23675842583179474, "support_pre_tia": 0.2555045187473297, "support_post_tia": 0.2554832100868225, "full_task": 0.09533362090587616, "self_feature": 0.3611024171113968, "feature": 0.7017109394073486, "cost": 0.8844600915908813}, "peak_gib": 6.580070495605469}
{"epoch": 52, "successful_updates": 5160, "losses": {"task": 0.11619123816490173, "support_attention": 0.33953340351581573, "support_pre_tia": 0.34043222665786743, "support_post_tia": 0.3397977203130722, "full_task": 0.12266626209020615, "self_feature": 0.48363594710826874, "feature": 0.8546066880226135, "cost": 1.0838395953178406}, "peak_gib": 6.580070495605469}
{"epoch": 52, "successful_updates": 5180, "losses": {"task": 0.32478857040405273, "support_attention": 0.359036460518837, "support_pre_tia": 0.36404360830783844, "support_post_tia": 0.36339376866817474, "full_task": 0.2958950400352478, "self_feature": 0.4833652824163437, "feature": 0.9205400049686432, "cost": 1.4040107131004333}, "peak_gib": 6.580070495605469}
{"epoch": 52, "successful_updates": 5200, "losses": {"task": 0.6797896027565002, "support_attention": 0.33129987120628357, "support_pre_tia": 0.32989606261253357, "support_post_tia": 0.33022908866405487, "full_task": 0.6577038839459419, "self_feature": 0.22745155179291032, "feature": 0.761559784412384, "cost": 1.6615266799926758}, "peak_gib": 6.580070495605469}
{"epoch": 53, "successful_updates": 5220, "losses": {"task": 0.2789944112300873, "support_attention": 0.2691592574119568, "support_pre_tia": 0.2835857421159744, "support_post_tia": 0.28451231122016907, "full_task": 0.271900050342083, "self_feature": 0.29528872668743134, "feature": 0.978351503610611, "cost": 1.3832546472549438}, "peak_gib": 6.131668567657471}
{"epoch": 53, "successful_updates": 5240, "losses": {"task": 0.1608496531844139, "support_attention": 0.2785510718822479, "support_pre_tia": 0.29449591040611267, "support_post_tia": 0.2950092554092407, "full_task": 0.15416677296161652, "self_feature": 0.36458972096443176, "feature": 0.9189609587192535, "cost": 1.1842865347862244}, "peak_gib": 6.132200717926025}
{"epoch": 53, "successful_updates": 5260, "losses": {"task": 0.19666841626167297, "support_attention": 0.28768329322338104, "support_pre_tia": 0.29012247920036316, "support_post_tia": 0.2909940853714943, "full_task": 0.17841822281479836, "self_feature": 0.16680198535323143, "feature": 0.5508841276168823, "cost": 0.8378931283950806}, "peak_gib": 6.132200717926025}
{"epoch": 53, "successful_updates": 5280, "losses": {"task": 0.9570374302566051, "support_attention": 0.46753956377506256, "support_pre_tia": 0.46236594021320343, "support_post_tia": 0.46058066189289093, "full_task": 0.9043281739577651, "self_feature": 0.18078366475947405, "feature": 0.9770842790603638, "cost": 2.224429488182068}, "peak_gib": 6.132200717926025}
{"epoch": 53, "successful_updates": 5300, "losses": {"task": 0.06849052011966705, "support_attention": 0.4463275521993637, "support_pre_tia": 0.45027343928813934, "support_post_tia": 0.4499548226594925, "full_task": 0.05869494751095772, "self_feature": 0.3784378618001938, "feature": 1.0222570300102234, "cost": 1.188276469707489}, "peak_gib": 6.134796619415283}
{"epoch": 54, "successful_updates": 5320, "losses": {"task": 0.9695974588394165, "support_attention": 0.2416630983352661, "support_pre_tia": 0.2606361657381058, "support_post_tia": 0.26184646785259247, "full_task": 0.9608539342880249, "self_feature": 0.3708631843328476, "feature": 0.9805344045162201, "cost": 2.2535558938980103}, "peak_gib": 6.134796619415283}
{"epoch": 54, "successful_updates": 5340, "losses": {"task": 0.7433725893497467, "support_attention": 0.3513573110103607, "support_pre_tia": 0.3592829257249832, "support_post_tia": 0.35958217084407806, "full_task": 0.6656215488910675, "self_feature": 0.34631872922182083, "feature": 0.8845295310020447, "cost": 1.8648825883865356}, "peak_gib": 6.134796619415283}
{"epoch": 54, "successful_updates": 5360, "losses": {"task": 0.27920061349868774, "support_attention": 0.27214014530181885, "support_pre_tia": 0.29398196935653687, "support_post_tia": 0.2935660183429718, "full_task": 0.25532717257738113, "self_feature": 0.4853105992078781, "feature": 1.1955336928367615, "cost": 1.6164745092391968}, "peak_gib": 6.134796619415283}
{"epoch": 54, "successful_updates": 5380, "losses": {"task": 0.5010786801576614, "support_attention": 0.4457288682460785, "support_pre_tia": 0.444693848490715, "support_post_tia": 0.44427646696567535, "full_task": 0.44116856157779694, "self_feature": 0.4102123975753784, "feature": 1.1433269381523132, "cost": 1.84016752243042}, "peak_gib": 6.134796619415283}
{"epoch": 54, "successful_updates": 5400, "losses": {"task": 0.7745478749275208, "support_attention": 0.2514249086380005, "support_pre_tia": 0.2730424702167511, "support_post_tia": 0.2739514485001564, "full_task": 0.6588204428553581, "self_feature": 0.270055428147316, "feature": 0.7682805359363556, "cost": 1.7618888318538666}, "peak_gib": 6.134796619415283}
{"epoch": 55, "successful_updates": 5420, "losses": {"task": 0.9667398035526276, "support_attention": 0.3639127165079117, "support_pre_tia": 0.36681924760341644, "support_post_tia": 0.3674831986427307, "full_task": 0.7784717679023743, "self_feature": 0.3103208988904953, "feature": 0.8659475445747375, "cost": 2.0950525403022766}, "peak_gib": 6.134796619415283}
{"epoch": 55, "successful_updates": 5440, "losses": {"task": 0.21205731108784676, "support_attention": 0.31693653762340546, "support_pre_tia": 0.3284592181444168, "support_post_tia": 0.32893700897693634, "full_task": 0.20283715054392815, "self_feature": 0.35933467000722885, "feature": 0.9350311756134033, "cost": 1.2666010558605194}, "peak_gib": 6.134796619415283}
{"epoch": 55, "successful_updates": 5460, "losses": {"task": 0.01701249647885561, "support_attention": 0.3034760504961014, "support_pre_tia": 0.30827444791793823, "support_post_tia": 0.30818186700344086, "full_task": 0.018683993257582188, "self_feature": 0.33646637201309204, "feature": 0.7942000329494476, "cost": 0.8803529739379883}, "peak_gib": 6.134796619415283}
{"epoch": 55, "successful_updates": 5480, "losses": {"task": 0.19743548333644867, "support_attention": 0.37579067051410675, "support_pre_tia": 0.3811056613922119, "support_post_tia": 0.38108237087726593, "full_task": 0.23536546528339386, "self_feature": 0.32038965076208115, "feature": 0.8974713683128357, "cost": 1.2238965928554535}, "peak_gib": 6.134796619415283}
{"epoch": 55, "successful_updates": 5500, "losses": {"task": 0.4925932288169861, "support_attention": 0.3337358832359314, "support_pre_tia": 0.3451957702636719, "support_post_tia": 0.3451255112886429, "full_task": 0.4859197735786438, "self_feature": 0.381557822227478, "feature": 1.0155883133411407, "cost": 1.7023333311080933}, "peak_gib": 6.134796619415283}
{"epoch": 56, "successful_updates": 5520, "losses": {"task": 0.20866663567721844, "support_attention": 0.36515310406684875, "support_pre_tia": 0.36250340938568115, "support_post_tia": 0.3619951158761978, "full_task": 0.2180785834789276, "self_feature": 0.35751691460609436, "feature": 0.8232927918434143, "cost": 1.158455729484558}, "peak_gib": 6.134796619415283}
{"epoch": 56, "successful_updates": 5540, "losses": {"task": 0.1404266320168972, "support_attention": 0.29896193742752075, "support_pre_tia": 0.30844637751579285, "support_post_tia": 0.30898022651672363, "full_task": 0.12186640873551369, "self_feature": 0.12028232143802597, "feature": 0.8251202404499054, "cost": 1.0389130413532257}, "peak_gib": 6.134796619415283}
{"epoch": 56, "successful_updates": 5560, "losses": {"task": 0.931194931268692, "support_attention": 0.361889973282814, "support_pre_tia": 0.3667532801628113, "support_post_tia": 0.3667542487382889, "full_task": 0.7419541925191879, "self_feature": 0.29665111005306244, "feature": 0.9191622734069824, "cost": 2.102186143398285}, "peak_gib": 6.134796619415283}
{"epoch": 56, "successful_updates": 5580, "losses": {"task": 0.3416979908943176, "support_attention": 0.3274199962615967, "support_pre_tia": 0.33557333052158356, "support_post_tia": 0.3360074311494827, "full_task": 0.3155754953622818, "self_feature": 0.3198011592030525, "feature": 0.8974200487136841, "cost": 1.3835710883140564}, "peak_gib": 6.134796619415283}
{"epoch": 56, "successful_updates": 5600, "losses": {"task": 0.37546289898455143, "support_attention": 0.26763133704662323, "support_pre_tia": 0.2857046276330948, "support_post_tia": 0.28623154759407043, "full_task": 0.3863072916865349, "self_feature": 0.16281474313291255, "feature": 0.845371663570404, "cost": 1.362289696931839}, "peak_gib": 6.134796619415283}
{"epoch": 57, "successful_updates": 5620, "losses": {"task": 1.1141207218170166, "support_attention": 0.44017767906188965, "support_pre_tia": 0.4429032951593399, "support_post_tia": 0.44199037551879883, "full_task": 1.0662131309509277, "self_feature": 0.26219465455505997, "feature": 1.0615763068199158, "cost": 2.5127145051956177}, "peak_gib": 6.134796619415283}
{"epoch": 57, "successful_updates": 5640, "losses": {"task": 0.12578177452087402, "support_attention": 0.2801894545555115, "support_pre_tia": 0.30416567623615265, "support_post_tia": 0.30485787987709045, "full_task": 0.12959013879299164, "self_feature": 0.3558706045150757, "feature": 1.0074261128902435, "cost": 1.2316436767578125}, "peak_gib": 6.134796619415283}
{"epoch": 57, "successful_updates": 5660, "losses": {"task": 0.9067447185516357, "support_attention": 0.3761264234781265, "support_pre_tia": 0.3767029941082001, "support_post_tia": 0.37725767493247986, "full_task": 0.8739591240882874, "self_feature": 0.2653006389737129, "feature": 0.8476282060146332, "cost": 2.03709077835083}, "peak_gib": 6.134796619415283}
{"epoch": 57, "successful_updates": 5680, "losses": {"task": 0.15828954428434372, "support_attention": 0.44648994505405426, "support_pre_tia": 0.4342120438814163, "support_post_tia": 0.43385377526283264, "full_task": 0.16789402067661285, "self_feature": 0.19837549629301066, "feature": 0.8830808401107788, "cost": 1.1465847492218018}, "peak_gib": 6.134796619415283}
{"epoch": 57, "successful_updates": 5700, "losses": {"task": 0.1737625002861023, "support_attention": 0.37630806863307953, "support_pre_tia": 0.3877753019332886, "support_post_tia": 0.3870479315519333, "full_task": 0.14740577340126038, "self_feature": 0.38459430634975433, "feature": 1.0236359238624573, "cost": 1.311450481414795}, "peak_gib": 6.134796619415283}
{"epoch": 58, "successful_updates": 5720, "losses": {"task": 0.0663760844618082, "support_attention": 0.38255542516708374, "support_pre_tia": 0.3814208507537842, "support_post_tia": 0.3816591203212738, "full_task": 0.07611628249287605, "self_feature": 0.3000680282711983, "feature": 1.0077869594097137, "cost": 1.1613529324531555}, "peak_gib": 6.134796619415283}
{"epoch": 58, "successful_updates": 5740, "losses": {"task": 0.1580861434340477, "support_attention": 0.27868176996707916, "support_pre_tia": 0.3013110011816025, "support_post_tia": 0.3016923815011978, "full_task": 0.15032853558659554, "self_feature": 0.4204644113779068, "feature": 0.9531184136867523, "cost": 1.2209832668304443}, "peak_gib": 6.134796619415283}
{"epoch": 58, "successful_updates": 5760, "losses": {"task": 0.13863133266568184, "support_attention": 0.2886827141046524, "support_pre_tia": 0.29914699494838715, "support_post_tia": 0.2989500164985657, "full_task": 0.14362725242972374, "self_feature": 0.38203856348991394, "feature": 0.805395096540451, "cost": 1.048041969537735}, "peak_gib": 6.134796619415283}
{"epoch": 58, "successful_updates": 5780, "losses": {"task": 0.43101683259010315, "support_attention": 0.3588755428791046, "support_pre_tia": 0.36174868047237396, "support_post_tia": 0.36204706132411957, "full_task": 0.4207814633846283, "self_feature": 0.3659454733133316, "feature": 0.8694705963134766, "cost": 1.4784671068191528}, "peak_gib": 6.134796619415283}
{"epoch": 58, "successful_updates": 5800, "losses": {"task": 0.9104244410991669, "support_attention": 0.43701741099357605, "support_pre_tia": 0.4468199163675308, "support_post_tia": 0.4456762969493866, "full_task": 0.8530136346817017, "self_feature": 0.4966963827610016, "feature": 1.1248068809509277, "cost": 2.3427791595458984}, "peak_gib": 6.134796619415283}
{"epoch": 59, "successful_updates": 5820, "losses": {"task": 0.19051237404346466, "support_attention": 0.37807807326316833, "support_pre_tia": 0.38536517322063446, "support_post_tia": 0.38554517924785614, "full_task": 0.1863427460193634, "self_feature": 0.3021922782063484, "feature": 0.9763877093791962, "cost": 1.2822505235671997}, "peak_gib": 6.134796619415283}
{"epoch": 59, "successful_updates": 5840, "losses": {"task": 0.39114411175251007, "support_attention": 0.3008584678173065, "support_pre_tia": 0.3080485463142395, "support_post_tia": 0.30827732384204865, "full_task": 0.39708512648940086, "self_feature": 0.18925145713728853, "feature": 0.9193287789821625, "cost": 1.459485650062561}, "peak_gib": 6.134796619415283}
{"epoch": 59, "successful_updates": 5860, "losses": {"task": 0.2666363790631294, "support_attention": 0.35859866440296173, "support_pre_tia": 0.3728315681219101, "support_post_tia": 0.3720482140779495, "full_task": 0.34675227105617523, "self_feature": 0.4509905278682709, "feature": 1.1428194642066956, "cost": 1.578486979007721}, "peak_gib": 6.134796619415283}
{"epoch": 59, "successful_updates": 5880, "losses": {"task": 0.4019184485077858, "support_attention": 0.37104977667331696, "support_pre_tia": 0.38322293758392334, "support_post_tia": 0.38284434378147125, "full_task": 0.33682723343372345, "self_feature": 0.41002316772937775, "feature": 0.9340371489524841, "cost": 1.4994681477546692}, "peak_gib": 6.134796619415283}
{"epoch": 59, "successful_updates": 5900, "losses": {"task": 0.30201680958271027, "support_attention": 0.32333092391490936, "support_pre_tia": 0.3367696702480316, "support_post_tia": 0.33657653629779816, "full_task": 0.2465946227312088, "self_feature": 0.21840321915487948, "feature": 0.9406463205814362, "cost": 1.3598194122314453}, "peak_gib": 6.134796619415283}
{"epoch": 60, "successful_updates": 5920, "losses": {"task": 0.08304634876549244, "support_attention": 0.42935606837272644, "support_pre_tia": 0.4272958040237427, "support_post_tia": 0.4264535754919052, "full_task": 0.09082956239581108, "self_feature": 0.319802463054657, "feature": 1.0133819878101349, "cost": 1.1938034296035767}, "peak_gib": 6.134796619415283}
{"epoch": 60, "successful_updates": 5940, "losses": {"task": 0.1893661543726921, "support_attention": 0.2763788104057312, "support_pre_tia": 0.28764738142490387, "support_post_tia": 0.28815579414367676, "full_task": 0.18187912926077843, "self_feature": 0.33239737898111343, "feature": 0.7801443040370941, "cost": 1.077010154724121}, "peak_gib": 6.134796619415283}
{"epoch": 60, "successful_updates": 5960, "losses": {"task": 0.47931647300720215, "support_attention": 0.3998877853155136, "support_pre_tia": 0.3936338573694229, "support_post_tia": 0.3933044672012329, "full_task": 0.4938472807407379, "self_feature": 0.2208321761509069, "feature": 0.8580101728439331, "cost": 1.522218495607376}, "peak_gib": 6.135645389556885}
{"epoch": 60, "successful_updates": 5980, "losses": {"task": 0.1456144005060196, "support_attention": 0.306782603263855, "support_pre_tia": 0.32125423848629, "support_post_tia": 0.3214063495397568, "full_task": 0.1459435299038887, "self_feature": 0.14450475836565602, "feature": 0.7433866262435913, "cost": 0.9720703959465027}, "peak_gib": 6.135645389556885}
{"epoch": 60, "successful_updates": 6000, "losses": {"task": 0.16663810797035694, "support_attention": 0.3716583251953125, "support_pre_tia": 0.3779626786708832, "support_post_tia": 0.3771097660064697, "full_task": 0.10514754895120859, "self_feature": 0.4215021878480911, "feature": 1.0805706083774567, "cost": 1.3533994555473328}, "peak_gib": 6.135645389556885}
validation subset: 211 videos, truncated as 792 windows.
review5485_p01_s_seed42 60: 1/792
review5485_p01_s_seed42 60: 101/792
review5485_p01_s_seed42 60: 201/792
review5485_p01_s_seed42 60: 301/792
review5485_p01_s_seed42 60: 401/792
review5485_p01_s_seed42 60: 501/792
review5485_p01_s_seed42 60: 601/792
review5485_p01_s_seed42 60: 701/792
{'average_mAP': 0.6076291816164983, 'mAP@0.3': 0.7616052595451464, 'mAP@0.4': 0.7127047484800382, 'mAP@0.5': 0.6407543142983304, 'mAP@0.6': 0.5329717657491833, 'mAP@0.7': 0.3901098200097933}
{"epoch": 61, "successful_updates": 6020, "losses": {"task": 0.6979217529296875, "support_attention": 0.368319109082222, "support_pre_tia": 0.3764650821685791, "support_post_tia": 0.3772202581167221, "full_task": 0.6332127153873444, "self_feature": 0.4041086882352829, "feature": 1.0863638520240784, "cost": 2.020684003829956}, "peak_gib": 6.131468296051025}
{"epoch": 61, "successful_updates": 6040, "losses": {"task": 0.29321667551994324, "support_attention": 0.28991419076919556, "support_pre_tia": 0.31480130553245544, "support_post_tia": 0.31520144641399384, "full_task": 0.2970176860690117, "self_feature": 0.40255382657051086, "feature": 0.9225437045097351, "cost": 1.3617703318595886}, "peak_gib": 6.131653308868408}
{"epoch": 61, "successful_updates": 6060, "losses": {"task": 0.42250390350818634, "support_attention": 0.3340187966823578, "support_pre_tia": 0.3382676988840103, "support_post_tia": 0.3385157138109207, "full_task": 0.4237197935581207, "self_feature": 0.27411822974681854, "feature": 0.8715126514434814, "cost": 1.4611974954605103}, "peak_gib": 6.132748126983643}
{"epoch": 61, "successful_updates": 6080, "losses": {"task": 0.10205937176942825, "support_attention": 0.3546314388513565, "support_pre_tia": 0.3534655272960663, "support_post_tia": 0.35288138687610626, "full_task": 0.11036955192685127, "self_feature": 0.34401562809944153, "feature": 0.8876201212406158, "cost": 1.0869908034801483}, "peak_gib": 6.132748126983643}
{"epoch": 61, "successful_updates": 6100, "losses": {"task": 0.46923188865184784, "support_attention": 0.43977226316928864, "support_pre_tia": 0.4444606751203537, "support_post_tia": 0.44278863072395325, "full_task": 0.40216730535030365, "self_feature": 0.48914608359336853, "feature": 1.2556910514831543, "cost": 1.9187418222427368}, "peak_gib": 6.132748126983643}
{"epoch": 62, "successful_updates": 6120, "losses": {"task": 1.400330126285553, "support_attention": 0.32551907002925873, "support_pre_tia": 0.3251004219055176, "support_post_tia": 0.32552558183670044, "full_task": 1.3617886900901794, "self_feature": 0.33523327112197876, "feature": 0.807645171880722, "cost": 2.614477038383484}, "peak_gib": 6.132748126983643}
{"epoch": 62, "successful_updates": 6140, "losses": {"task": 0.24143460392951965, "support_attention": 0.28275182843208313, "support_pre_tia": 0.29622557759284973, "support_post_tia": 0.29640308022499084, "full_task": 0.27712440490722656, "self_feature": 0.2874755710363388, "feature": 0.7395439445972443, "cost": 1.1086386442184448}, "peak_gib": 6.132748126983643}
{"epoch": 62, "successful_updates": 6160, "losses": {"task": 0.5612098947167397, "support_attention": 0.35852980613708496, "support_pre_tia": 0.36296936869621277, "support_post_tia": 0.36309343576431274, "full_task": 0.5501125175505877, "self_feature": 0.38614486157894135, "feature": 1.0249317586421967, "cost": 1.798587441444397}, "peak_gib": 6.132748126983643}
{"epoch": 62, "successful_updates": 6180, "losses": {"task": 0.46628303825855255, "support_attention": 0.3241831362247467, "support_pre_tia": 0.3348986655473709, "support_post_tia": 0.33564503490924835, "full_task": 0.4414585530757904, "self_feature": 0.1788709298671165, "feature": 0.7863718271255493, "cost": 1.414433777332306}, "peak_gib": 6.132748126983643}
{"epoch": 62, "successful_updates": 6200, "losses": {"task": 0.24383150041103363, "support_attention": 0.3544647991657257, "support_pre_tia": 0.37109629809856415, "support_post_tia": 0.37009744346141815, "full_task": 0.21953891962766647, "self_feature": 0.4346333146095276, "feature": 1.0696839690208435, "cost": 1.4489231705665588}, "peak_gib": 6.132748126983643}
{"epoch": 63, "successful_updates": 6220, "losses": {"task": 0.428668774664402, "support_attention": 0.4382845312356949, "support_pre_tia": 0.43831928074359894, "support_post_tia": 0.4372618645429611, "full_task": 0.39917928725481033, "self_feature": 0.4330243021249771, "feature": 1.174293875694275, "cost": 1.7898389101028442}, "peak_gib": 6.132748126983643}
{"epoch": 63, "successful_updates": 6240, "losses": {"task": 0.28107732348144054, "support_attention": 0.30093908309936523, "support_pre_tia": 0.31924135982990265, "support_post_tia": 0.3190493583679199, "full_task": 0.28990238159894943, "self_feature": 0.3947780430316925, "feature": 0.9461250007152557, "cost": 1.3710702657699585}, "peak_gib": 6.132923603057861}
{"epoch": 63, "successful_updates": 6260, "losses": {"task": 0.35605375468730927, "support_attention": 0.3045211136341095, "support_pre_tia": 0.31461577117443085, "support_post_tia": 0.31478194892406464, "full_task": 0.3149719052016735, "self_feature": 0.3089815750718117, "feature": 0.9479431807994843, "cost": 1.4451079964637756}, "peak_gib": 6.132923603057861}
{"epoch": 63, "successful_updates": 6280, "losses": {"task": 0.45685846358537674, "support_attention": 0.3975238502025604, "support_pre_tia": 0.3927259147167206, "support_post_tia": 0.39240768551826477, "full_task": 0.4183511584997177, "self_feature": 0.27956433594226837, "feature": 0.9086221754550934, "cost": 1.537281572818756}, "peak_gib": 6.132923603057861}
{"epoch": 63, "successful_updates": 6300, "losses": {"task": 0.5844066888093948, "support_attention": 0.482988566160202, "support_pre_tia": 0.48689478635787964, "support_post_tia": 0.48601508140563965, "full_task": 0.5468471646308899, "self_feature": 0.3694750517606735, "feature": 0.9982456266880035, "cost": 1.804957091808319}, "peak_gib": 6.132923603057861}
{"epoch": 64, "successful_updates": 6320, "losses": {"task": 0.13964982982724905, "support_attention": 0.31425055861473083, "support_pre_tia": 0.3241659253835678, "support_post_tia": 0.3237450569868088, "full_task": 0.12664221040904522, "self_feature": 0.36179083585739136, "feature": 1.0133467018604279, "cost": 1.253231704235077}, "peak_gib": 6.132923603057861}
{"epoch": 64, "successful_updates": 6340, "losses": {"task": 0.3505496382713318, "support_attention": 0.2802848219871521, "support_pre_tia": 0.2948072999715805, "support_post_tia": 0.2949289381504059, "full_task": 0.3070160523056984, "self_feature": 0.3888031244277954, "feature": 0.899220198392868, "cost": 1.3948910236358643}, "peak_gib": 6.133394718170166}
{"epoch": 64, "successful_updates": 6360, "losses": {"task": 0.34254587441682816, "support_attention": 0.42423853278160095, "support_pre_tia": 0.42229877412319183, "support_post_tia": 0.42166680097579956, "full_task": 0.2862047255039215, "self_feature": 0.08644146046572132, "feature": 0.8407692909240723, "cost": 1.3057088255882263}, "peak_gib": 6.133394718170166}
{"epoch": 64, "successful_updates": 6380, "losses": {"task": 0.23908638581633568, "support_attention": 0.485116109251976, "support_pre_tia": 0.4868055284023285, "support_post_tia": 0.48560112714767456, "full_task": 0.22980716824531555, "self_feature": 0.38440364599227905, "feature": 1.1147754788398743, "cost": 1.498374342918396}, "peak_gib": 6.133394718170166}
{"epoch": 64, "successful_updates": 6400, "losses": {"task": 0.37726451456546783, "support_attention": 0.2919709086418152, "support_pre_tia": 0.3033478260040283, "support_post_tia": 0.30320070683956146, "full_task": 0.3794070780277252, "self_feature": 0.37921664118766785, "feature": 0.8737328350543976, "cost": 1.4140982031822205}, "peak_gib": 6.137360095977783}
{"epoch": 65, "successful_updates": 6420, "losses": {"task": 0.2672874256968498, "support_attention": 0.4466860890388489, "support_pre_tia": 0.4422939717769623, "support_post_tia": 0.4421870559453964, "full_task": 0.2560836002230644, "self_feature": 0.1979449961870614, "feature": 0.8620120882987976, "cost": 1.2573390007019043}, "peak_gib": 6.137360095977783}
{"epoch": 65, "successful_updates": 6440, "losses": {"task": 0.10447156615555286, "support_attention": 0.361633837223053, "support_pre_tia": 0.3666895031929016, "support_post_tia": 0.36604857444763184, "full_task": 0.10587003454566002, "self_feature": 0.2022007519590261, "feature": 0.9361886978149414, "cost": 1.1239847838878632}, "peak_gib": 6.137360095977783}
{"epoch": 65, "successful_updates": 6460, "losses": {"task": 0.44739872962236404, "support_attention": 0.4547550529241562, "support_pre_tia": 0.4435272067785263, "support_post_tia": 0.44294632971286774, "full_task": 0.4508664906024933, "self_feature": 0.1626775702334271, "feature": 0.6902107298374176, "cost": 1.3109175264835358}, "peak_gib": 6.137360095977783}
{"epoch": 65, "successful_updates": 6480, "losses": {"task": 0.14042076468467712, "support_attention": 0.3938038796186447, "support_pre_tia": 0.3921237289905548, "support_post_tia": 0.3922591954469681, "full_task": 0.14274587482213974, "self_feature": 1.2689279401456588e-05, "feature": 1.082298994064331, "cost": 1.2976266145706177}, "peak_gib": 6.137360095977783}
{"epoch": 65, "successful_updates": 6500, "losses": {"task": 0.17555275559425354, "support_attention": 0.39232484996318817, "support_pre_tia": 0.4002990126609802, "support_post_tia": 0.39992655813694, "full_task": 0.17849042266607285, "self_feature": 0.1013587024899607, "feature": 0.8729151785373688, "cost": 1.1432377099990845}, "peak_gib": 6.137360095977783}
{"epoch": 66, "successful_updates": 6520, "losses": {"task": 0.7664738744497299, "support_attention": 0.29306794703006744, "support_pre_tia": 0.3056386858224869, "support_post_tia": 0.30609317123889923, "full_task": 0.7019925713539124, "self_feature": 0.36527471244335175, "feature": 0.9477309882640839, "cost": 1.956817090511322}, "peak_gib": 6.137360095977783}
{"epoch": 66, "successful_updates": 6540, "losses": {"task": 0.2357919029891491, "support_attention": 0.35437095165252686, "support_pre_tia": 0.3566567301750183, "support_post_tia": 0.3568922132253647, "full_task": 0.24683060124516487, "self_feature": 0.30856235325336456, "feature": 0.9202494919300079, "cost": 1.2842826843261719}, "peak_gib": 6.137360095977783}
{"epoch": 66, "successful_updates": 6560, "losses": {"task": 0.3198249042034149, "support_attention": 0.3858034908771515, "support_pre_tia": 0.38845640420913696, "support_post_tia": 0.38796114921569824, "full_task": 0.2909778952598572, "self_feature": 0.3462483137845993, "feature": 1.0454056560993195, "cost": 1.5114207863807678}, "peak_gib": 6.137360095977783}
{"epoch": 66, "successful_updates": 6580, "losses": {"task": 0.19526229798793793, "support_attention": 0.4804587960243225, "support_pre_tia": 0.4753015786409378, "support_post_tia": 0.4747525304555893, "full_task": 0.21308309957385063, "self_feature": 0.10918873299192455, "feature": 1.1139097809791565, "cost": 1.4208644032478333}, "peak_gib": 6.137360095977783}
{"epoch": 66, "successful_updates": 6600, "losses": {"task": 1.1138400696218014, "support_attention": 0.45071135461330414, "support_pre_tia": 0.4433448016643524, "support_post_tia": 0.44190749526023865, "full_task": 1.0174599438905716, "self_feature": 0.43087711930274963, "feature": 0.9629562199115753, "cost": 2.418511688709259}, "peak_gib": 6.137360095977783}
{"epoch": 67, "successful_updates": 6620, "losses": {"task": 0.3389769494533539, "support_attention": 0.36613911390304565, "support_pre_tia": 0.36297763884067535, "support_post_tia": 0.3612721413373947, "full_task": 0.3070726990699768, "self_feature": 0.4621000587940216, "feature": 0.9353677332401276, "cost": 1.4335353374481201}, "peak_gib": 6.137360095977783}
{"epoch": 67, "successful_updates": 6640, "losses": {"task": 0.14249739609658718, "support_attention": 0.3128766119480133, "support_pre_tia": 0.33212873339653015, "support_post_tia": 0.33207061886787415, "full_task": 0.15044449269771576, "self_feature": 0.2373787314245419, "feature": 0.9051360189914703, "cost": 1.142192393541336}, "peak_gib": 6.137360095977783}
{"epoch": 67, "successful_updates": 6660, "losses": {"task": 0.7307985424995422, "support_attention": 0.3780154287815094, "support_pre_tia": 0.3797142505645752, "support_post_tia": 0.3789106756448746, "full_task": 0.7187885940074921, "self_feature": 0.38096292316913605, "feature": 0.9852733016014099, "cost": 1.9717965126037598}, "peak_gib": 6.137360095977783}
{"epoch": 67, "successful_updates": 6680, "losses": {"task": 0.06038620509207249, "support_attention": 0.31626762449741364, "support_pre_tia": 0.31983664631843567, "support_post_tia": 0.31990350782871246, "full_task": 0.06489686667919159, "self_feature": 0.11092606559759588, "feature": 0.7693562805652618, "cost": 0.889046311378479}, "peak_gib": 6.137360095977783}
{"epoch": 67, "successful_updates": 6700, "losses": {"task": 0.07398059964179993, "support_attention": 0.3126848489046097, "support_pre_tia": 0.31306901574134827, "support_post_tia": 0.31288838386535645, "full_task": 0.07682213932275772, "self_feature": 0.06122746578512306, "feature": 0.6749766767024994, "cost": 0.8055834472179413}, "peak_gib": 6.137360095977783}
{"epoch": 68, "successful_updates": 6720, "losses": {"task": 1.335531510412693, "support_attention": 0.4120141714811325, "support_pre_tia": 0.39822641015052795, "support_post_tia": 0.396891251206398, "full_task": 1.0596494153141975, "self_feature": 0.31639219639146177, "feature": 0.9352279305458069, "cost": 2.6070669889450073}, "peak_gib": 6.137360095977783}
{"epoch": 68, "successful_updates": 6740, "losses": {"task": 0.25761064887046814, "support_attention": 0.2814333736896515, "support_pre_tia": 0.29810817539691925, "support_post_tia": 0.29834477603435516, "full_task": 0.26068855077028275, "self_feature": 0.35243000090122223, "feature": 0.860795646905899, "cost": 1.2486440539360046}, "peak_gib": 6.137360095977783}
{"epoch": 68, "successful_updates": 6760, "losses": {"task": 0.36440740525722504, "support_attention": 0.35320012271404266, "support_pre_tia": 0.36154067516326904, "support_post_tia": 0.36033210158348083, "full_task": 0.3812263533473015, "self_feature": 0.3601393401622772, "feature": 0.8784246742725372, "cost": 1.410246193408966}, "peak_gib": 6.137360095977783}
{"epoch": 68, "successful_updates": 6780, "losses": {"task": 0.699518758803606, "support_attention": 0.3397162854671478, "support_pre_tia": 0.34073521196842194, "support_post_tia": 0.33972370624542236, "full_task": 0.7552978340536356, "self_feature": 0.38196665048599243, "feature": 0.9556897282600403, "cost": 1.9162525534629822}, "peak_gib": 6.137360095977783}
{"epoch": 68, "successful_updates": 6800, "losses": {"task": 0.100199144333601, "support_attention": 0.5299463123083115, "support_pre_tia": 0.5365497767925262, "support_post_tia": 0.5355886518955231, "full_task": 0.08681651577353477, "self_feature": 0.1602996100459677, "feature": 1.0497606992721558, "cost": 1.241300880908966}, "peak_gib": 6.137360095977783}
{"epoch": 69, "successful_updates": 6820, "losses": {"task": 0.607965350151062, "support_attention": 0.3655542731285095, "support_pre_tia": 0.37727729976177216, "support_post_tia": 0.37664681673049927, "full_task": 0.4730594903230667, "self_feature": 0.4916832596063614, "feature": 1.0741423964500427, "cost": 1.8872371315956116}, "peak_gib": 6.137360095977783}
{"epoch": 69, "successful_updates": 6840, "losses": {"task": 0.13511646818369627, "support_attention": 0.30589865148067474, "support_pre_tia": 0.31175415217876434, "support_post_tia": 0.3116401731967926, "full_task": 0.10691448580473661, "self_feature": 0.19242648035287857, "feature": 0.6603007912635803, "cost": 0.8725582659244537}, "peak_gib": 6.137360095977783}
{"epoch": 69, "successful_updates": 6860, "losses": {"task": 0.5100852660834789, "support_attention": 0.4131859689950943, "support_pre_tia": 0.40445971488952637, "support_post_tia": 0.40429064631462097, "full_task": 0.4556235671043396, "self_feature": 0.3613274395465851, "feature": 0.8479117751121521, "cost": 1.5484732389450073}, "peak_gib": 6.137360095977783}
{"epoch": 69, "successful_updates": 6880, "losses": {"task": 0.8099416792392731, "support_attention": 0.2867436707019806, "support_pre_tia": 0.3103756010532379, "support_post_tia": 0.3108009994029999, "full_task": 0.6634012907743454, "self_feature": 0.5137036889791489, "feature": 1.1624207496643066, "cost": 2.2206419706344604}, "peak_gib": 6.137360095977783}
{"epoch": 69, "successful_updates": 6900, "losses": {"task": 1.0454265382140875, "support_attention": 0.3766220808029175, "support_pre_tia": 0.38065728545188904, "support_post_tia": 0.38016438484191895, "full_task": 1.0548549927771091, "self_feature": 0.3973594754934311, "feature": 0.9730969369411469, "cost": 2.360014319419861}, "peak_gib": 6.137360095977783}
{"epoch": 70, "successful_updates": 6920, "losses": {"task": 0.29811859130859375, "support_attention": 0.5005676001310349, "support_pre_tia": 0.4951806217432022, "support_post_tia": 0.49427011609077454, "full_task": 0.24935880303382874, "self_feature": 0.2909527122974396, "feature": 0.8862705826759338, "cost": 1.325296700000763}, "peak_gib": 6.137360095977783}
{"epoch": 70, "successful_updates": 6940, "losses": {"task": 0.8187249302864075, "support_attention": 0.29615268111228943, "support_pre_tia": 0.30983787775039673, "support_post_tia": 0.3106211870908737, "full_task": 0.8136300444602966, "self_feature": 0.2799250930547714, "feature": 0.7570726275444031, "cost": 1.838220477104187}, "peak_gib": 6.137360095977783}
{"epoch": 70, "successful_updates": 6960, "losses": {"task": 0.04535470064729452, "support_attention": 0.4523192495107651, "support_pre_tia": 0.4545963704586029, "support_post_tia": 0.453859806060791, "full_task": 0.04826590232551098, "self_feature": 0.3318743258714676, "feature": 0.9532500207424164, "cost": 1.089281439781189}, "peak_gib": 6.137360095977783}
{"epoch": 70, "successful_updates": 6980, "losses": {"task": 0.4575851708650589, "support_attention": 0.47236597537994385, "support_pre_tia": 0.46299779415130615, "support_post_tia": 0.46230898797512054, "full_task": 0.4326392412185669, "self_feature": 0.26101917773485184, "feature": 0.9559019505977631, "cost": 1.5940141677856445}, "peak_gib": 6.137360095977783}
{"epoch": 70, "successful_updates": 7000, "losses": {"task": 0.5940292049199343, "support_attention": 0.3349747210741043, "support_pre_tia": 0.3557164669036865, "support_post_tia": 0.35522712767124176, "full_task": 0.5429275399073958, "self_feature": 0.5104806125164032, "feature": 1.1934890747070312, "cost": 2.0098454356193542}, "peak_gib": 6.137360095977783}
{"epoch": 71, "successful_updates": 7020, "losses": {"task": 0.13992862403392792, "support_attention": 0.3470001816749573, "support_pre_tia": 0.35131770372390747, "support_post_tia": 0.35130995512008667, "full_task": 0.1314578875899315, "self_feature": 0.3147333562374115, "feature": 0.8717548251152039, "cost": 1.1111526489257812}, "peak_gib": 6.137360095977783}
{"epoch": 71, "successful_updates": 7040, "losses": {"task": 0.3284294456243515, "support_attention": 0.33515462279319763, "support_pre_tia": 0.34437863528728485, "support_post_tia": 0.3444187641143799, "full_task": 0.30366839468479156, "self_feature": 0.31109604239463806, "feature": 0.8751124143600464, "cost": 1.345008373260498}, "peak_gib": 6.137360095977783}
{"epoch": 71, "successful_updates": 7060, "losses": {"task": 0.37453632056713104, "support_attention": 0.34542641043663025, "support_pre_tia": 0.3578922003507614, "support_post_tia": 0.35754066705703735, "full_task": 0.35968415439128876, "self_feature": 0.391315296292305, "feature": 0.9943351447582245, "cost": 1.5336956977844238}, "peak_gib": 6.137360095977783}
{"epoch": 71, "successful_updates": 7080, "losses": {"task": 0.18007411248981953, "support_attention": 0.3124014437198639, "support_pre_tia": 0.32487981021404266, "support_post_tia": 0.3250519782304764, "full_task": 0.15921498276293278, "self_feature": 0.3097699210047722, "feature": 0.8137360215187073, "cost": 1.0970874726772308}, "peak_gib": 6.137360095977783}
{"epoch": 71, "successful_updates": 7100, "losses": {"task": 0.22151213139295578, "support_attention": 0.30895379930734634, "support_pre_tia": 0.31385281682014465, "support_post_tia": 0.3135296180844307, "full_task": 0.2398109883069992, "self_feature": 0.3516757935285568, "feature": 0.9633035361766815, "cost": 1.3113051354885101}, "peak_gib": 6.137360095977783}
{"epoch": 72, "successful_updates": 7120, "losses": {"task": 0.4189195856451988, "support_attention": 0.3147984892129898, "support_pre_tia": 0.32506100833415985, "support_post_tia": 0.32500243186950684, "full_task": 0.4416315946727991, "self_feature": 0.3964056074619293, "feature": 0.9541674852371216, "cost": 1.5556387901306152}, "peak_gib": 6.137360095977783}
{"epoch": 72, "successful_updates": 7140, "losses": {"task": 0.48123181983828545, "support_attention": 0.2642748951911926, "support_pre_tia": 0.28135228157043457, "support_post_tia": 0.2821352779865265, "full_task": 0.450526338070631, "self_feature": 0.2872086316347122, "feature": 0.8289304077625275, "cost": 1.4796890616416931}, "peak_gib": 6.137360095977783}
{"epoch": 72, "successful_updates": 7160, "losses": {"task": 0.31924882531166077, "support_attention": 0.3652581125497818, "support_pre_tia": 0.3723188042640686, "support_post_tia": 0.3716593384742737, "full_task": 0.2028718888759613, "self_feature": 0.25150710313391755, "feature": 1.0441063940525055, "cost": 1.4764227867126465}, "peak_gib": 6.137360095977783}
{"epoch": 72, "successful_updates": 7180, "losses": {"task": 0.11346113868057728, "support_attention": 0.42369163036346436, "support_pre_tia": 0.4255775064229965, "support_post_tia": 0.42456382513046265, "full_task": 0.10510776564478874, "self_feature": 0.38637445867061615, "feature": 1.1228099465370178, "cost": 1.3436925411224365}, "peak_gib": 6.137360095977783}
{"epoch": 72, "successful_updates": 7200, "losses": {"task": 0.42529942095279694, "support_attention": 0.37141676247119904, "support_pre_tia": 0.3772948086261749, "support_post_tia": 0.3769747465848923, "full_task": 0.4015536606311798, "self_feature": 0.3506966680288315, "feature": 0.8796434700489044, "cost": 1.4781144857406616}, "peak_gib": 6.137360095977783}
{"epoch": 73, "successful_updates": 7220, "losses": {"task": 0.37925254832953215, "support_attention": 0.31168457865715027, "support_pre_tia": 0.32161809504032135, "support_post_tia": 0.3222791701555252, "full_task": 0.35608807019889355, "self_feature": 0.12812261100543765, "feature": 0.7875867784023285, "cost": 1.300868421792984}, "peak_gib": 6.137360095977783}
{"epoch": 73, "successful_updates": 7240, "losses": {"task": 0.8891206979751587, "support_attention": 0.26365773379802704, "support_pre_tia": 0.2778283655643463, "support_post_tia": 0.2788013368844986, "full_task": 0.954527884721756, "self_feature": 0.19475780592983938, "feature": 0.9114720225334167, "cost": 2.0865318775177}, "peak_gib": 6.137360095977783}
{"epoch": 73, "successful_updates": 7260, "losses": {"task": 0.5722620487213135, "support_attention": 0.40534014999866486, "support_pre_tia": 0.4060378074645996, "support_post_tia": 0.4059608280658722, "full_task": 0.4770509600639343, "self_feature": 0.3637501895427704, "feature": 1.0221954584121704, "cost": 1.7906951904296875}, "peak_gib": 6.137360095977783}
{"epoch": 73, "successful_updates": 7280, "losses": {"task": 0.11144481599330902, "support_attention": 0.2628304213285446, "support_pre_tia": 0.28869545459747314, "support_post_tia": 0.28950583934783936, "full_task": 0.10253741592168808, "self_feature": 0.1719881269987127, "feature": 0.7935065627098083, "cost": 0.9766946136951447}, "peak_gib": 6.137360095977783}
{"epoch": 73, "successful_updates": 7300, "losses": {"task": 0.29473576694726944, "support_attention": 0.3668573647737503, "support_pre_tia": 0.3750033974647522, "support_post_tia": 0.37397992610931396, "full_task": 0.2994934618473053, "self_feature": 0.3989929109811783, "feature": 0.9575601816177368, "cost": 1.4045177698135376}, "peak_gib": 6.137360095977783}
{"epoch": 74, "successful_updates": 7320, "losses": {"task": 0.3338514342904091, "support_attention": 0.38044001162052155, "support_pre_tia": 0.38182708621025085, "support_post_tia": 0.38095852732658386, "full_task": 0.33846086636185646, "self_feature": 0.42597299814224243, "feature": 0.9964942336082458, "cost": 1.4956974387168884}, "peak_gib": 6.137360095977783}
{"epoch": 74, "successful_updates": 7340, "losses": {"task": 0.35917872190475464, "support_attention": 0.3099568486213684, "support_pre_tia": 0.3241875618696213, "support_post_tia": 0.324713870882988, "full_task": 0.3607914559543133, "self_feature": 0.18811213345725264, "feature": 0.9483891129493713, "cost": 1.4490219950675964}, "peak_gib": 6.137360095977783}
{"epoch": 74, "successful_updates": 7360, "losses": {"task": 0.07251816987991333, "support_attention": 0.42944787442684174, "support_pre_tia": 0.4179523140192032, "support_post_tia": 0.4172452837228775, "full_task": 0.09005153179168701, "self_feature": 0.292845755815506, "feature": 0.9469677805900574, "cost": 1.1130433082580566}, "peak_gib": 6.137360095977783}
{"epoch": 74, "successful_updates": 7380, "losses": {"task": 0.40976865589618683, "support_attention": 0.47582268714904785, "support_pre_tia": 0.47542984783649445, "support_post_tia": 0.47466133534908295, "full_task": 0.34599944949150085, "self_feature": 0.35021747648715973, "feature": 0.9159691631793976, "cost": 1.494763970375061}, "peak_gib": 6.137360095977783}
{"epoch": 74, "successful_updates": 7400, "losses": {"task": 1.6323376893997192, "support_attention": 0.25611964613199234, "support_pre_tia": 0.2710631936788559, "support_post_tia": 0.2718939110636711, "full_task": 1.4784564971923828, "self_feature": 0.4587966948747635, "feature": 1.056433379650116, "cost": 3.1314128637313843}, "peak_gib": 6.137360095977783}
{"epoch": 75, "successful_updates": 7420, "losses": {"task": 1.3697007298469543, "support_attention": 0.3334953337907791, "support_pre_tia": 0.33370445668697357, "support_post_tia": 0.3344779908657074, "full_task": 1.2978996634483337, "self_feature": 0.34810207784175873, "feature": 0.9397550225257874, "cost": 2.7021501064300537}, "peak_gib": 6.137360095977783}
{"epoch": 75, "successful_updates": 7440, "losses": {"task": 0.6663972288370132, "support_attention": 0.3079944849014282, "support_pre_tia": 0.3252996504306793, "support_post_tia": 0.3245904892683029, "full_task": 0.5933893024921417, "self_feature": 0.5202217102050781, "feature": 1.2107272148132324, "cost": 2.1099883913993835}, "peak_gib": 6.137360095977783}
{"epoch": 75, "successful_updates": 7460, "losses": {"task": 0.3414962887763977, "support_attention": 0.39927875995635986, "support_pre_tia": 0.4054238647222519, "support_post_tia": 0.40459921956062317, "full_task": 0.3229214549064636, "self_feature": 0.3991338312625885, "feature": 0.9801720678806305, "cost": 1.4828132390975952}, "peak_gib": 6.137360095977783}
{"epoch": 75, "successful_updates": 7480, "losses": {"task": 0.18528393656015396, "support_attention": 0.2766765356063843, "support_pre_tia": 0.2957649827003479, "support_post_tia": 0.29578594863414764, "full_task": 0.18486058712005615, "self_feature": 0.43135178089141846, "feature": 0.9371282160282135, "cost": 1.2413399815559387}, "peak_gib": 6.137360095977783}
{"epoch": 75, "successful_updates": 7500, "losses": {"task": 0.6401029229164124, "support_attention": 0.37503744661808014, "support_pre_tia": 0.38302116096019745, "support_post_tia": 0.38274267315864563, "full_task": 0.6053484678268433, "self_feature": 0.37793150544166565, "feature": 1.0247881412506104, "cost": 1.892309546470642}, "peak_gib": 6.137360095977783}
{"epoch": 76, "successful_updates": 7520, "losses": {"task": 0.6977452784776688, "support_attention": 0.27501803636550903, "support_pre_tia": 0.2982606291770935, "support_post_tia": 0.29849717020988464, "full_task": 0.6917387247085571, "self_feature": 0.34453773498535156, "feature": 0.9207234382629395, "cost": 1.8556950688362122}, "peak_gib": 6.137360095977783}
{"epoch": 76, "successful_updates": 7540, "losses": {"task": 0.7263877019286156, "support_attention": 0.31860528886318207, "support_pre_tia": 0.3383394926786423, "support_post_tia": 0.3388456851243973, "full_task": 0.6891586035490036, "self_feature": 0.3124070316553116, "feature": 0.9163655340671539, "cost": 1.8801428079605103}, "peak_gib": 6.137360095977783}
{"epoch": 76, "successful_updates": 7560, "losses": {"task": 0.3426133394241333, "support_attention": 0.33510221540927887, "support_pre_tia": 0.3365720808506012, "support_post_tia": 0.3362067937850952, "full_task": 0.33657950162887573, "self_feature": 0.4320327490568161, "feature": 0.9036459922790527, "cost": 1.407246470451355}, "peak_gib": 6.137360095977783}
{"epoch": 76, "successful_updates": 7580, "losses": {"task": 0.26501259952783585, "support_attention": 0.4295155853033066, "support_pre_tia": 0.4200122058391571, "support_post_tia": 0.41961808502674103, "full_task": 0.28298453986644745, "self_feature": 0.24830172955989838, "feature": 0.8788923621177673, "cost": 1.2814627885818481}, "peak_gib": 6.137360095977783}
{"epoch": 76, "successful_updates": 7600, "losses": {"task": 0.2699742019176483, "support_attention": 0.41262806951999664, "support_pre_tia": 0.4165729135274887, "support_post_tia": 0.41547465324401855, "full_task": 0.22827327251434326, "self_feature": 0.4628436118364334, "feature": 1.1084118485450745, "cost": 1.5233410596847534}, "peak_gib": 6.137360095977783}
{"epoch": 77, "successful_updates": 7620, "losses": {"task": 0.4048912301659584, "support_attention": 0.4000420570373535, "support_pre_tia": 0.40075239539146423, "support_post_tia": 0.40100495517253876, "full_task": 0.29840222001075745, "self_feature": 0.36440180242061615, "feature": 0.9472034871578217, "cost": 1.5032233595848083}, "peak_gib": 6.137360095977783}
{"epoch": 77, "successful_updates": 7640, "losses": {"task": 0.06628985702991486, "support_attention": 0.2597981095314026, "support_pre_tia": 0.27257414907217026, "support_post_tia": 0.2728814408183098, "full_task": 0.07183100283145905, "self_feature": 0.19487539362125972, "feature": 0.7369302362203598, "cost": 0.8679381608963013}, "peak_gib": 6.137360095977783}
{"epoch": 77, "successful_updates": 7660, "losses": {"task": 0.2673322558403015, "support_attention": 0.37695837020874023, "support_pre_tia": 0.36990292370319366, "support_post_tia": 0.36905422806739807, "full_task": 0.2735414430499077, "self_feature": 0.35934871435165405, "feature": 0.9917245507240295, "cost": 1.4003248810768127}, "peak_gib": 6.137360095977783}
{"epoch": 77, "successful_updates": 7680, "losses": {"task": 0.6748431175947189, "support_attention": 0.351099357008934, "support_pre_tia": 0.34678930044174194, "support_post_tia": 0.34764082729816437, "full_task": 0.7417164631187916, "self_feature": 0.361393041908741, "feature": 0.949867844581604, "cost": 1.8810009956359863}, "peak_gib": 6.137360095977783}
{"epoch": 77, "successful_updates": 7700, "losses": {"task": 0.31066568195819855, "support_attention": 0.35099922120571136, "support_pre_tia": 0.3620426803827286, "support_post_tia": 0.3612712323665619, "full_task": 0.3242468014359474, "self_feature": 0.20809937786543742, "feature": 0.8862595558166504, "cost": 1.3349626064300537}, "peak_gib": 6.137360095977783}
{"epoch": 78, "successful_updates": 7720, "losses": {"task": 0.17412693798542023, "support_attention": 0.4239979386329651, "support_pre_tia": 0.42259325087070465, "support_post_tia": 0.42187246680259705, "full_task": 0.2149323746562004, "self_feature": 0.15903869751855382, "feature": 0.8947502672672272, "cost": 1.1807374358177185}, "peak_gib": 6.137360095977783}
{"epoch": 78, "successful_updates": 7740, "losses": {"task": 0.052779410034418106, "support_attention": 0.3330901861190796, "support_pre_tia": 0.3445967882871628, "support_post_tia": 0.34445779025554657, "full_task": 0.06132650561630726, "self_feature": 0.39334386587142944, "feature": 0.9856333136558533, "cost": 1.1275314092636108}, "peak_gib": 6.137360095977783}
{"epoch": 78, "successful_updates": 7760, "losses": {"task": 0.38333340734243393, "support_attention": 0.3631057143211365, "support_pre_tia": 0.36697177588939667, "support_post_tia": 0.36757226288318634, "full_task": 0.3604927286505699, "self_feature": 0.15016073988408607, "feature": 0.8244441747665405, "cost": 1.3496439754962921}, "peak_gib": 6.137360095977783}
{"epoch": 78, "successful_updates": 7780, "losses": {"task": 0.6044386923313141, "support_attention": 0.3400578051805496, "support_pre_tia": 0.34123416244983673, "support_post_tia": 0.3415071815252304, "full_task": 0.5488710701465607, "self_feature": 0.3220513090491295, "feature": 0.8831826448440552, "cost": 1.691181242465973}, "peak_gib": 6.137360095977783}
{"epoch": 78, "successful_updates": 7800, "losses": {"task": 0.29318593442440033, "support_attention": 0.3128851503133774, "support_pre_tia": 0.31670141220092773, "support_post_tia": 0.3172891438007355, "full_task": 0.22850024700164795, "self_feature": 0.32292594760656357, "feature": 0.854487955570221, "cost": 1.268791139125824}, "peak_gib": 6.137360095977783}
{"epoch": 79, "successful_updates": 7820, "losses": {"task": 0.16512279585003853, "support_attention": 0.2864045947790146, "support_pre_tia": 0.30520762503147125, "support_post_tia": 0.30482031404972076, "full_task": 0.19036099314689636, "self_feature": 0.2552950277186028, "feature": 1.0039677917957306, "cost": 1.2727117240428925}, "peak_gib": 6.137360095977783}
{"epoch": 79, "successful_updates": 7840, "losses": {"task": 0.1029148381203413, "support_attention": 0.3575594872236252, "support_pre_tia": 0.370588481426239, "support_post_tia": 0.37090858817100525, "full_task": 0.08167639374732971, "self_feature": 0.42098912596702576, "feature": 1.0797998011112213, "cost": 1.282307505607605}, "peak_gib": 6.137360095977783}
{"epoch": 79, "successful_updates": 7860, "losses": {"task": 0.5638809055089951, "support_attention": 0.3751274645328522, "support_pre_tia": 0.36654624342918396, "support_post_tia": 0.3660372346639633, "full_task": 0.4197261966764927, "self_feature": 0.24070631712675095, "feature": 0.7451596558094025, "cost": 1.4746719002723694}, "peak_gib": 6.137360095977783}
{"epoch": 79, "successful_updates": 7880, "losses": {"task": 0.34657178819179535, "support_attention": 0.37666764855384827, "support_pre_tia": 0.38167543709278107, "support_post_tia": 0.38161754608154297, "full_task": 0.31015075743198395, "self_feature": 0.36564116179943085, "feature": 1.0096824169158936, "cost": 1.5085207223892212}, "peak_gib": 6.137360095977783}
{"epoch": 79, "successful_updates": 7900, "losses": {"task": 0.43037829734385014, "support_attention": 0.5049904435873032, "support_pre_tia": 0.5092111229896545, "support_post_tia": 0.5080733448266983, "full_task": 0.49380337819457054, "self_feature": 0.406588077545166, "feature": 1.1226589679718018, "cost": 1.7680110931396484}, "peak_gib": 6.137360095977783}
{"epoch": 80, "successful_updates": 7920, "losses": {"task": 0.046514589339494705, "support_attention": 0.3445597141981125, "support_pre_tia": 0.3444743752479553, "support_post_tia": 0.34454716742038727, "full_task": 0.036690663546323776, "self_feature": 0.3264816775918007, "feature": 0.8734781742095947, "cost": 0.9962646663188934}, "peak_gib": 6.137360095977783}
{"epoch": 80, "successful_updates": 7940, "losses": {"task": 0.9094543941318989, "support_attention": 0.3560674339532852, "support_pre_tia": 0.356182262301445, "support_post_tia": 0.3558855205774307, "full_task": 0.9505325257778168, "self_feature": 0.23591394053801196, "feature": 0.8583841621875763, "cost": 2.064666509628296}, "peak_gib": 6.137360095977783}
{"epoch": 80, "successful_updates": 7960, "losses": {"task": 0.6071219742298126, "support_attention": 0.32512860000133514, "support_pre_tia": 0.3322261571884155, "support_post_tia": 0.332741916179657, "full_task": 0.5586845427751541, "self_feature": 0.26501908898353577, "feature": 0.8951643109321594, "cost": 1.701707661151886}, "peak_gib": 6.137360095977783}
{"epoch": 80, "successful_updates": 7980, "losses": {"task": 0.8290219753980637, "support_attention": 0.3255174905061722, "support_pre_tia": 0.33722540736198425, "support_post_tia": 0.33678242564201355, "full_task": 0.7732506841421127, "self_feature": 0.5399436801671982, "feature": 1.2299606204032898, "cost": 2.3399900794029236}, "peak_gib": 6.137360095977783}
